RegisterAddress,TimestampMicroseconds,DataElement0
34,"304,607500",-8348,-1040,-2205,-32768,31172,20520,59,115,-42
34,"315,175700",-7715,1879,-3801,302,498,1108,0,0,0
34,"315,186300",-7259,1700,-4313,-1460,382,605,39,96,-61
34,"315,195700",-6857,842,-4695,-10965,-4592,-3296,39,96,-61
34,"315,206500",-6707,-152,-3724,-16751,-5660,-3637,29,92,-41
34,"315,215700",-6609,-221,-3368,-11909,-5202,-3554,29,92,-41
34,"315,226300",-7386,-288,-3226,-8592,-4467,-4211,32,91,-38
34,"315,235700",-7306,-475,-3701,-5574,-2215,-4553,32,91,-38
34,"315,246300",-7129,-718,-3757,-1229,-961,-3502,34,94,-37
34,"315,255600",-7401,-799,-3416,1564,-620,-3052,34,94,-37
34,"315,266200",-7267,-944,-4015,2096,-2158,-2771,33,95,-37
34,"315,275600",-7833,-1158,-3325,1524,-3422,-2638,33,95,-37
34,"315,286300",-7627,-993,-3140,1692,-3514,-1670,34,94,-36
34,"315,295600",-7845,-541,-2960,-426,-4658,-743,34,94,-36
34,"315,306200",-7490,-404,-2627,-4260,-3777,324,33,92,-36
34,"315,315600",-7376,-528,-2314,-2903,-1010,1046,33,92,-36
34,"315,326100",-7554,-635,-2645,719,1284,714,36,94,-33
34,"315,335500",-7924,-451,-3133,2976,2051,438,36,94,-33
34,"315,346100",-7715,-313,-3327,-385,1898,199,34,94,-35
34,"315,355500",-7780,-180,-3232,-2690,512,659,34,94,-35
34,"315,366100",-7735,-96,-3071,-2486,-467,453,34,94,-35
34,"315,375500",-7572,-208,-2836,-673,-1445,-501,34,94,-35
34,"315,386100",-7050,-284,-2822,-103,-1018,-1343,34,93,-35
34,"315,395500",-7358,-259,-2999,-4471,-47,-1926,34,93,-35
34,"315,406000",-6940,-966,-3709,-13608,1619,-668,35,92,-33
34,"315,415500",-7413,-813,-3605,-10019,-162,4100,35,92,-33
34,"315,426200",-8198,-94,-3393,-3036,-4038,5234,34,94,-32
34,"315,435400",-8063,498,-2719,980,-3493,2694,34,94,-32
34,"315,446000",-7378,321,-2147,-2210,-84,-955,34,92,-30
34,"315,455400",-6880,130,-2390,-5680,4090,-2613,34,92,-30
34,"315,466000",-6848,-176,-3194,-4755,6372,-2292,35,93,-32
34,"315,475300",-7182,-240,-3902,-3000,4630,-2044,35,93,-32
34,"315,485900",-7807,-252,-4014,-1693,2179,-2595,35,95,-34
34,"315,495300",-7826,-393,-3710,-1162,1143,-2267,35,95,-34
34,"315,506000",-7726,-648,-3457,-341,-1069,-1278,37,95,-34
34,"315,515300",-7608,-751,-2855,61,-2810,-327,37,95,-34
34,"315,525900",-7345,-797,-2488,444,-1945,365,37,95,-33
34,"315,535200",-7448,-538,-2558,373,261,1414,37,95,-33
34,"315,545800",-7459,-253,-3004,-638,3056,2145,36,94,-31
34,"315,555200",-7558,70,-3272,-1462,5225,2401,36,94,-31
34,"315,565800",-7349,38,-3734,-1306,5344,2173,34,93,-34
34,"315,575200",-7461,27,-3988,-235,2144,1904,34,93,-34
34,"315,585800",-7366,-21,-3576,-84,-74,1184,36,93,-33
34,"315,595200",-7488,-7,-2898,191,-902,632,36,93,-33
34,"315,605700",-7529,103,-2474,310,368,268,35,94,-33
34,"315,615100",-7228,54,-2878,98,2503,88,35,94,-33
34,"315,625700",-7095,-115,-3560,357,4202,17,36,93,-34
34,"315,635100",-7364,-155,-3935,1649,3560,146,36,93,-34
34,"315,645800",-7384,-86,-4092,2286,1248,185,33,93,-35
34,"315,655100",-7498,-33,-3933,1367,-416,267,33,93,-35
34,"315,665600",-7505,-97,-3539,535,-1496,368,35,94,-36
34,"315,675000",-7319,-117,-3325,1306,-2508,150,35,94,-36
34,"315,685600",-7320,-308,-2665,567,-2843,419,35,94,-34
34,"315,695000",-7405,-267,-2758,-859,548,1123,35,94,-34
34,"315,705600",-7052,-208,-3279,704,3148,1019,36,94,-36
34,"315,715000",-7166,-336,-3698,2930,3550,406,36,94,-36
34,"315,725600",-7573,-332,-4228,5526,2137,-563,33,94,-37
34,"315,735000",-7951,-257,-4573,4382,-343,-521,33,94,-37
34,"315,745500",-7985,83,-3733,-2703,-3470,1647,34,94,-35
34,"315,754900",-7645,496,-3687,-3098,-4176,4383,34,94,-35
34,"315,765500",-7562,584,-2868,-780,-3324,2840,34,93,-35
34,"315,774900",-7089,271,-2643,-1394,-1901,-362,34,93,-35
34,"315,785500",-6951,72,-2579,-849,-312,-1701,34,93,-34
34,"315,794900",-6982,-198,-2675,-686,2283,-2131,34,93,-34
34,"315,805500",-7145,-403,-2880,-268,4909,-1630,34,95,-35
34,"315,814800",-6765,-305,-4053,1315,4573,-820,34,95,-35
34,"315,825400",-7783,-451,-4391,571,780,-615,34,93,-35
34,"315,834800",-7767,-353,-4008,1911,-3010,254,34,93,-35
34,"315,845400",-7544,-355,-3049,-334,-4929,1211,36,95,-34
34,"315,854800",-7646,-51,-2758,-1656,-3157,2600,36,95,-34
34,"315,865500",-7153,129,-3239,-1320,-323,2577,34,92,-37
34,"315,874700",-7192,293,-3574,-710,461,1285,34,92,-37
34,"315,885300",-7144,216,-3733,-718,167,-53,33,93,-34
34,"315,894700",-7531,67,-3402,317,-730,-667,33,93,-34
34,"315,905300",-7669,53,-3253,918,-1242,-553,35,94,-36
34,"315,914700",-7472,-108,-3339,1722,-690,-360,35,94,-36
34,"315,925300",-7186,-189,-3490,1858,-267,-351,33,93,-35
34,"315,934700",-7646,-106,-3159,610,-1538,-25,33,93,-35
34,"315,945300",-7450,-117,-3241,-165,-1304,337,33,93,-34
34,"315,954700",-7293,-93,-3156,-787,-769,391,33,93,-34
34,"315,965200",-7266,-136,-3239,-1321,-223,201,33,95,-35
34,"315,974600",-7438,-104,-3248,-587,130,472,33,95,-35
34,"315,985200",-7518,-60,-3337,744,124,476,32,94,-35
34,"315,994600",-7522,-70,-3304,663,-351,469,32,94,-35
34,"316,005200",-7395,-116,-3416,-412,-147,610,34,94,-36
34,"316,014500",-7411,-68,-3315,1526,372,870,34,94,-36
34,"316,025100",-7123,-147,-3413,2664,979,286,34,94,-37
34,"316,034500",-7450,-27,-3253,840,-519,271,34,94,-37
34,"316,045100",-7503,8,-3167,-313,-118,541,32,93,-33
34,"316,054500",-8130,-491,-2970,2577,2202,754,32,93,-33
34,"316,065000",-7921,684,-2143,23640,13617,1060,32,93,-37
34,"316,074400",-5275,50,-2970,27697,25487,-10034,32,93,-37
34,"316,085200",-5818,-1394,-5423,14497,18932,-12263,32,94,-45
34,"316,094400",-7464,-1761,-6319,3837,6904,-3578,32,94,-45
34,"316,105000",-8525,-1175,-5196,-1240,-4218,4730,33,93,-47
34,"316,114400",-8278,-628,-3429,4374,-8083,8147,33,93,-47
34,"316,125000",-8506,-715,-3239,32767,4864,10331,34,93,-47
34,"316,134400",-4973,-804,-2406,32767,20489,-4077,34,93,-47
34,"316,145000",-5602,-1739,-3244,22461,11724,-5634,32,95,-52
34,"316,154400",-6353,-1256,-4617,6125,6999,6338,32,95,-52
34,"316,165000",-6883,-1014,-5178,-3749,5435,12393,32,94,-56
34,"316,174400",-6960,-811,-4995,-3080,-5,12270,32,94,-56
34,"316,184900",-7667,-148,-4342,-455,-3920,9242,29,93,-60
34,"316,194300",-7874,-715,-4122,3157,-4006,7503,29,93,-60
34,"316,204900",-7458,-928,-2583,24907,5247,8498,28,93,-59
34,"316,214300",-5660,379,-2402,32767,19646,-2903,28,93,-59
34,"316,224900",-5811,-1126,-4196,7946,17345,-7276,27,92,-65
34,"316,234200",-6209,-1158,-5504,-2631,11379,3786,27,92,-65
34,"316,244900",-7245,-1414,-5199,-1242,10234,10194,27,91,-67
34,"316,254200",-5772,154,-5381,11471,16855,8436,27,91,-67
34,"316,264800",-6519,-393,-6263,3566,11463,-261,26,90,-71
34,"316,274200",-6928,-779,-6456,-4674,-927,683,26,90,-71
34,"316,284800",-7075,-728,-5456,-7099,-6691,3802,27,90,-70
34,"316,294100",-7158,16,-3872,-3772,-5055,3419,27,90,-70
34,"316,304900",-6020,-205,-3575,-10446,1400,-605,25,88,-72
34,"316,314100",-5683,-225,-4403,-11862,3659,637,25,88,-72
34,"316,324700",-6636,-248,-5027,-10485,1433,2814,25,88,-69
34,"316,334100",-6551,-53,-5207,-5830,-1444,2692,25,88,-69
34,"316,344600",-7003,81,-5087,-1020,-4353,462,24,86,-70
34,"316,354100",-7309,-249,-4357,-482,-5366,-1855,24,86,-70
34,"316,364600",-6354,-509,-4223,-1580,-3631,-2249,24,88,-68
34,"316,374000",-6371,-482,-4082,-1118,-1505,-1535,24,88,-68
34,"316,384700",-6336,-586,-4158,-1942,1241,-1076,25,88,-67
34,"316,394000",-6266,-256,-4441,-621,2270,27,25,88,-67
34,"316,404600",-6566,-282,-4982,-383,2325,-302,25,87,-65
34,"316,414000",-7076,-476,-5255,-383,49,-621,25,87,-65
34,"316,424600",-6953,-540,-5159,-497,-1625,-442,25,90,-69
34,"316,434000",-6898,-417,-4670,184,-2539,-37,25,90,-69
34,"316,444500",-6384,-341,-4430,368,-2051,-182,27,87,-68
34,"316,454000",-6272,-464,-4264,-821,-1461,-585,27,87,-68
34,"316,464600",-6156,-421,-4291,-2215,-389,-334,25,88,-66
34,"316,473900",-6680,-241,-4533,-2033,2160,-809,25,88,-66
34,"316,484500",-6459,-401,-5260,-1640,2579,-1420,28,88,-67
34,"316,493900",-6780,-353,-5536,-3430,354,-1325,28,88,-67
34,"316,504400",-6618,-215,-5220,-5050,-1230,-840,27,90,-66
34,"316,513900",-6790,-117,-4898,-8692,-2596,-1078,27,90,-66
34,"316,524600",-6328,-414,-4591,-18298,-1047,-1059,25,88,-65
34,"316,533800",-6800,-231,-5056,-27579,1337,4255,25,88,-65
34,"316,544400",-6659,224,-5342,-29701,-2512,9782,25,88,-63
34,"316,553800",-7320,981,-5796,-21199,-5155,6777,25,88,-63
34,"316,564300",-7130,492,-5814,-15498,-8827,583,24,89,-58
34,"316,573700",-6523,325,-4408,-16329,-15666,-404,24,89,-58
34,"316,584300",-6384,832,-3184,-18570,-17189,-816,22,85,-53
34,"316,593700",-6795,931,-2373,-18083,-14716,22,22,85,-53
34,"316,604300",-6363,583,-3107,-13394,-10881,302,22,86,-46
34,"316,613700",-7227,915,-3089,-5745,-7189,-528,22,86,-46
34,"316,624300",-6653,1336,-2949,-1759,-1708,-2730,24,88,-43
34,"316,633600",-7276,1085,-3339,-4053,1651,-4350,24,88,-43
34,"316,644200",-6364,822,-3523,-4988,4726,-3822,24,89,-43
34,"316,653600",-6341,365,-3945,-5868,7388,-3171,24,89,-43
34,"316,664200",-6899,600,-4750,-3968,7216,-1207,26,89,-43
34,"316,673600",-7590,887,-4740,3,3853,-53,26,89,-43
34,"316,684100",-7755,1130,-4368,2119,2248,-1439,25,89,-45
34,"316,693500",-7397,980,-4849,2872,2526,-3689,25,89,-45
34,"316,704100",-7476,534,-4666,1692,2081,-5180,24,89,-45
34,"316,713500",-7050,294,-4383,-654,904,-4414,24,89,-45
34,"316,724100",-6617,260,-4159,-1449,-49,-2664,26,89,-46
34,"316,733500",-6702,308,-4084,-475,130,-788,26,89,-46
34,"316,744200",-6687,560,-4641,-962,1019,137,24,91,-48
34,"316,753500",-7141,793,-5255,-1610,-833,-121,24,91,-48
34,"316,764100",-7346,835,-5259,-3676,-6100,-370,27,91,-45
34,"316,773500",-8137,740,-4395,-7330,-13499,-109,27,91,-45
34,"316,784000",-8187,510,-2540,-5166,-16302,33,28,91,-43
34,"316,793400",-7057,350,-2318,-1358,-9327,-511,28,91,-43
34,"316,804000",-6245,-132,-2643,-673,-3379,76,27,87,-40
34,"316,813300",-6500,422,-2943,598,1666,2419,27,87,-40
34,"316,824000",-6670,958,-3567,-1548,3069,2944,26,91,-39
34,"316,833300",-7031,609,-3909,-9770,-1462,3932,26,91,-39
34,"316,843900",-8109,752,-3014,-11327,-7828,7387,26,89,-39
34,"316,853300",-8435,1014,-2623,-4981,-10515,7957,26,89,-39
34,"316,863900",-7982,1169,-2936,3398,-9796,5660,25,88,-36
34,"316,873300",-7347,1479,-3417,7645,-8182,3485,25,88,-36
34,"316,883900",-7767,1186,-3464,6979,-10842,1870,25,86,-34
34,"316,893200",-7721,1158,-3336,6734,-13679,1156,25,86,-34
34,"316,903800",-7642,1312,-3268,6519,-14262,-648,23,83,-33
34,"316,913200",-8028,942,-2661,2959,-12360,-2915,23,83,-33
34,"316,923800",-7822,510,-2722,1483,-5425,-3464,20,84,-31
34,"316,933200",-8047,-271,-2526,-2520,1550,-751,20,84,-31
34,"316,943800",-6507,383,-3890,-1768,2944,3450,24,83,-30
34,"316,953200",-6172,779,-4807,-295,-38,7187,24,83,-30
34,"316,963900",-7213,1884,-3805,3133,-7565,9330,23,84,-30
34,"316,973100",-7051,1875,-2929,2103,-13932,6348,23,84,-30
34,"316,983700",-6505,1900,-2376,2705,-17461,2647,21,84,-28
34,"316,993100",-6230,1647,-1355,644,-16169,-863,21,84,-28
34,"317,003700",-6884,2336,-922,3834,-10888,-2439,21,79,-27
34,"317,013100",-8505,1873,-90,5292,-1885,-5028,21,79,-27
34,"317,023700",-7991,1609,-513,7925,8517,-6970,19,79,-27
34,"317,033100",-7340,467,-2593,8648,17912,-8850,19,79,-27
34,"317,043700",-7386,-220,-3667,9694,19591,-7635,22,81,-31
34,"317,053100",-7602,-37,-3152,13060,18409,-4664,22,81,-31
34,"317,063600",-7741,356,-3262,11490,18587,-1563,22,84,-34
34,"317,073000",-7308,896,-3738,6893,17154,-239,22,84,-34
34,"317,083600",-6975,670,-4386,832,12385,-1756,23,83,-38
34,"317,093000",-7188,458,-4131,-718,8136,-1198,23,83,-38
34,"317,103600",-7707,468,-4422,-298,5600,-355,23,85,-40
34,"317,112900",-8048,371,-4808,2370,3274,980,23,85,-40
34,"317,123500",-8321,671,-4362,4523,1483,2568,23,84,-42
34,"317,132900",-8160,604,-2924,5122,3143,1589,23,84,-42
34,"317,143500",-7582,683,-2339,7568,10034,-1138,23,85,-45
34,"317,152900",-6312,-26,-4400,4584,15190,-2401,23,85,-45
34,"317,163400",-6896,81,-6265,6497,9712,-383,20,85,-47
34,"317,172800",-7742,605,-4874,12391,-2149,1161,20,85,-47
34,"317,183600",-7657,334,-4030,10888,-9437,-1405,23,84,-50
34,"317,192800",-6905,356,-3927,9359,-6714,-1738,23,84,-50
34,"317,203400",-6863,231,-3532,7714,-5067,-1696,21,83,-49
34,"317,212800",-7260,484,-2604,3593,-6475,-1535,21,83,-49
34,"317,223400",-6873,319,-2426,898,-2175,-2534,22,80,-50
34,"317,232800",-6543,273,-2366,-908,5213,-1708,22,80,-50
34,"317,243400",-6171,652,-3972,897,11929,-1318,22,83,-50
34,"317,252800",-6071,-373,-6695,1386,13395,-3275,22,83,-50
34,"317,263400",-6856,-870,-6027,3835,7243,-1639,23,84,-50
34,"317,272700",-7752,-798,-5648,5266,973,1586,23,84,-50
34,"317,283300",-8054,-1278,-5087,10688,-6583,2924,25,83,-51
34,"317,292700",-7437,-1603,-3001,27349,-12637,5614,25,83,-51
34,"317,303300",-7213,-1191,-3212,32767,-8214,9937,22,84,-56
34,"317,312700",-6684,-531,-2373,32767,-3559,11676,22,84,-56
34,"317,323200",-6799,68,-2326,23863,1858,10649,21,81,-59
34,"317,332600",-6589,-2,-3221,1524,6809,9207,21,81,-59
34,"317,343200",-6259,-134,-4595,-8095,8166,11071,20,81,-61
34,"317,352500",-6164,322,-5553,-7917,5165,10500,20,81,-61
34,"317,363200",-6187,641,-5398,-2641,-722,8648,15,77,-61
34,"317,372500",-6991,213,-5334,-1353,-7998,8105,15,77,-61
34,"317,383100",-7208,630,-5003,10066,-11550,7211,15,75,-60
34,"317,392500",-7531,-293,-3534,13824,-16230,2647,15,75,-60
34,"317,403300",-8190,-5,-1608,11864,-18027,2752,16,76,-61
34,"317,412500",-7468,-11,-1485,5760,-12446,4044,16,76,-61
34,"317,423100",-7299,-389,-2017,-266,-8567,5700,14,77,-59
34,"317,432500",-7358,-365,-2508,-2258,-1829,7209,14,77,-59
34,"317,443100",-7650,-82,-2811,-5120,5836,9651,15,71,-57
34,"317,452400",-7835,316,-4185,-5677,8859,10409,15,71,-57
34,"317,463000",-7491,1116,-5199,-2504,2523,11635,13,71,-58
34,"317,472400",-8226,2129,-4442,1635,-6287,11008,13,71,-58
34,"317,483000",-8801,2402,-4080,6776,-8633,7480,13,69,-58
34,"317,492400",-8410,1928,-2312,14062,-9881,3023,13,69,-58
34,"317,503000",-7219,1222,-1242,12263,-4815,1919,9,70,-59
34,"317,512300",-6668,900,-2164,5294,638,2572,9,70,-59
34,"317,522900",-7248,1535,-2176,2534,4396,2588,11,70,-59
34,"317,532400",-6914,1513,-3014,-2542,7751,-433,11,70,-59
34,"317,542900",-6081,750,-4542,-4166,10546,-769,11,67,-60
34,"317,552300",-6448,1667,-5287,5209,9261,148,11,67,-60
34,"317,562800",-7253,779,-5921,18746,8398,898,8,65,-63
34,"317,572300",-7001,188,-4941,32767,7187,731,8,65,-63
34,"317,582900",-8287,-1599,-2528,32767,5068,-94,10,70,-68
34,"317,592300",-6988,-1103,-1895,32767,5358,7521,10,70,-68
34,"317,602800",-6274,211,-1917,32767,7938,10458,13,66,-75
34,"317,612200",-5878,-714,-2461,32168,11451,6363,13,66,-75
34,"317,623000",-5755,-597,-5569,32767,13371,10496,14,64,-82
34,"317,632200",-6429,-40,-5666,32767,13408,12100,14,64,-82
34,"317,642800",-7644,-285,-3709,32767,3588,7389,17,63,-90
34,"317,652200",-7466,-348,-4039,15139,-1955,5039,17,63,-90
34,"317,662800",-7421,-570,-4824,-899,2786,2937,18,59,-96
34,"317,672100",-7501,-650,-4777,-6530,4353,6737,18,59,-96
34,"317,682700",-6337,425,-5543,-2141,592,10856,17,59,-93
34,"317,692100",-7432,1065,-5104,-41,-8180,8608,17,59,-93
34,"317,702700",-6947,487,-4352,-1786,-16505,5636,16,59,-93
34,"317,712100",-7468,97,-3732,-913,-17755,6443,16,59,-93
34,"317,722700",-6950,937,-2602,5733,-11802,6601,16,59,-91
34,"317,732000",-7416,966,-2237,5456,-5847,3194,16,59,-91
34,"317,742600",-7119,82,-2162,-2244,5078,1105,15,60,-90
34,"317,752000",-6341,-309,-4362,1422,18049,4585,15,60,-90
34,"317,762600",-6617,487,-7324,3092,18701,7249,13,57,-90
34,"317,772000",-6675,992,-6932,4366,12821,5862,13,57,-90
34,"317,782600",-7395,941,-6070,3450,7629,663,15,54,-94
34,"317,791900",-6735,602,-5423,2572,-1304,-1903,15,54,-94
34,"317,802600",-7068,764,-4646,5493,-10216,-1874,17,55,-97
34,"317,811900",-6910,538,-3374,4374,-17938,-3424,17,55,-97
34,"317,822500",-7242,213,-2741,7425,-15119,-3485,18,55,-98
34,"317,831900",-7133,205,-2659,9607,-7073,-2082,18,55,-98
34,"317,842700",-7250,-323,-2408,6040,-1042,-2446,16,57,-98
34,"317,851900",-6267,-108,-2317,2846,5760,-1684,16,57,-98
34,"317,862400",-6132,-126,-4355,1212,9346,-1726,20,56,-95
34,"317,871900",-6167,-315,-6055,1517,4717,-1935,20,56,-95
34,"317,882400",-7661,-778,-5110,495,-5533,-2086,18,55,-98
34,"317,891800",-8037,-793,-3143,4673,-11500,-131,18,55,-98
34,"317,902400",-8244,-93,-1890,13508,-7887,716,21,57,-97
34,"317,911800",-7176,-204,-2571,16646,2955,-770,21,57,-97
34,"317,922400",-6800,-285,-3284,15827,6347,-878,20,57,-99
34,"317,931800",-6841,-264,-3468,13381,9733,-1460,20,57,-99
34,"317,942400",-6079,-431,-4278,6204,15329,-2502,24,58,-103
34,"317,951700",-5999,-678,-6617,945,12310,-2593,24,58,-103
34,"317,962400",-6451,-857,-7331,-5160,-277,-198,25,54,-104
34,"317,971700",-7751,-573,-5850,-5450,-13126,3485,25,54,-104
34,"317,982300",-7691,-298,-4389,-6913,-22196,3732,24,56,-102
34,"317,991700",-8034,-289,-3185,-5695,-23484,1982,24,56,-102
34,"318,002300",-7617,-282,-2474,-4863,-18981,721,22,58,-100
34,"318,011700",-8370,-1052,-1195,-8995,-15554,1234,22,58,-100
34,"318,022200",-6533,-1131,-999,-5713,-1449,5841,22,61,-95
34,"318,031600",-6339,-492,-4170,-4885,9365,10854,22,61,-95
34,"318,042200",-6717,395,-5541,-6018,5932,11781,20,58,-95
34,"318,051600",-7491,1255,-4676,-6882,-3874,7825,20,58,-95
34,"318,062300",-8387,277,-2128,-11764,-9692,568,19,58,-95
34,"318,071600",-8011,-17,-1174,-14091,-9857,-716,19,58,-95
34,"318,082100",-6657,3,-1843,-17297,-4382,1228,15,56,-93
34,"318,091500",-7502,193,-2461,-18501,-730,2532,15,56,-93
34,"318,102100",-7218,-83,-2438,-11962,6547,6044,14,56,-89
34,"318,111500",-7267,899,-5438,-4661,10105,7362,14,56,-89
34,"318,122100",-8605,822,-5574,-1624,6048,5678,13,57,-86
34,"318,131500",-8307,510,-3601,397,1610,4488,13,57,-86
34,"318,142100",-6641,864,-3035,3476,-1347,4829,14,54,-91
34,"318,151500",-6701,997,-3274,-877,-1640,3255,14,54,-91
34,"318,162000",-6663,1066,-3136,-5584,-2344,2108,14,56,-88
34,"318,171400",-7829,903,-2863,-11376,-5509,1414,14,56,-88
34,"318,182000",-7869,679,-2541,-13879,-2005,3126,11,55,-89
34,"318,191400",-7073,985,-1872,-10549,7294,6098,11,55,-89
34,"318,202000",-6051,734,-2289,-8994,14744,8028,9,54,-86
34,"318,211300",-6397,1243,-4516,-3022,16648,9298,9,54,-86
34,"318,222000",-6561,1964,-6345,-1647,10284,8634,10,49,-85
34,"318,231300",-7730,1958,-5236,-4036,-908,4941,10,49,-85
34,"318,241900",-7667,1384,-3531,-5912,-10837,2546,9,49,-87
34,"318,251300",-7340,1813,-3947,-1429,-16159,3430,9,49,-87
34,"318,261900",-7951,2217,-3289,-1800,-18441,2326,8,50,-84
34,"318,271200",-8091,1571,-1127,-8692,-19087,555,8,50,-84
34,"318,282000",-7315,1745,-457,-10399,-14951,1953,7,52,-82
34,"318,291200",-7199,1897,-1109,-9932,-6541,3190,7,52,-82
34,"318,301800",-7376,2409,-2348,-3634,4631,2531,4,51,-79
34,"318,311200",-7410,2341,-2884,141,14779,-1653,4,51,-79
34,"318,321800",-7357,2167,-3401,2817,14579,-5506,4,52,-79
34,"318,331200",-7182,2447,-4424,6017,13095,-8535,4,52,-79
34,"318,341700",-7441,1730,-4349,5042,6609,-11609,6,49,-82
34,"318,351100",-7048,320,-4028,8122,-2479,-11044,6,49,-82
34,"318,361800",-8156,-197,-3548,8302,-7827,-6182,10,52,-81
34,"318,371100",-7869,518,-2703,13157,-7130,635,10,52,-81
34,"318,381700",-7494,771,-1814,20167,-1962,1878,9,54,-84
34,"318,391100",-6284,657,-1827,21244,7604,-1722,9,54,-84
34,"318,401700",-5271,-541,-3939,15360,16815,-2994,10,53,-88
34,"318,411100",-6095,-543,-6147,18523,19791,1354,10,53,-88
34,"318,421700",-6026,-24,-6157,27774,12890,4280,15,52,-93
34,"318,431000",-6689,272,-4713,32767,2308,5640,15,52,-93
34,"318,441600",-7135,-333,-4011,32767,-6029,5389,18,50,-100
34,"318,451000",-7865,-673,-4293,32767,-10112,6876,18,50,-100
34,"318,461600",-8377,-757,-3993,32767,-9311,10300,21,49,-103
34,"318,471000",-7834,390,-2989,32767,-5570,13373,21,49,-103
34,"318,481500",-7537,910,-2118,26212,38,11781,26,51,-107
34,"318,490900",-7995,943,-1310,15744,8528,10610,26,51,-107
34,"318,501700",-6389,411,-2050,3774,20603,8417,30,48,-112
34,"318,510900",-5156,551,-5195,4435,32442,9701,30,48,-112
34,"318,521500",-4792,313,-7939,4334,31044,9654,30,44,-111
34,"318,530800",-5829,1219,-8564,9780,15908,9467,30,44,-111
34,"318,541500",-7782,1522,-5502,9169,751,4841,29,39,-116
34,"318,550800",-7803,1210,-4706,14076,-12159,2686,29,39,-116
34,"318,561400",-7418,713,-4571,20521,-12077,2500,29,39,-118
34,"318,570800",-8045,-456,-4662,31173,-5928,1189,29,39,-118
34,"318,581500",-7343,-1253,-4672,32767,1082,2034,35,39,-120
34,"318,590800",-5973,-1419,-5052,32767,5135,6872,35,39,-120
34,"318,601400",-6187,-1900,-4759,32767,4499,9642,43,39,-124
34,"318,610800",-5781,-1947,-5197,32767,3228,12657,43,39,-124
34,"318,621400",-6168,-1857,-5492,32767,2518,14691,50,38,-127
34,"318,630800",-6530,-1228,-4293,32767,103,12298,50,38,-127
34,"318,641400",-6274,-856,-3365,27483,-1143,9592,58,35,-129
34,"318,650700",-6920,-2002,-3851,10311,2938,7956,58,35,-129
34,"318,661300",-6357,-2225,-4894,10115,8378,11826,65,37,-130
34,"318,670700",-6927,-1714,-4907,15979,5847,15756,65,37,-130
34,"318,681200",-6140,-335,-3889,23053,821,17013,66,36,-135
34,"318,690700",-6125,-129,-3393,21535,-795,13988,66,36,-135
34,"318,701200",-7118,-132,-3546,18397,1949,9432,68,37,-134
34,"318,710600",-7157,-205,-3863,17917,4175,2930,68,37,-134
34,"318,721300",-7287,-1525,-3756,18336,1614,-175,71,38,-134
34,"318,730600",-6644,-1352,-3977,23807,3356,5168,71,38,-134
34,"318,741200",-6431,-1071,-3975,17856,2538,7204,77,37,-136
34,"318,750600",-7115,-1268,-4576,7591,-2775,7985,77,37,-136
34,"318,761200",-6812,-1758,-4854,445,-6674,10421,79,38,-134
34,"318,770600",-6559,-1684,-4121,2555,-10945,13621,79,38,-134
34,"318,781100",-6014,-942,-3551,7599,-15399,17017,79,40,-134
34,"318,790500",-7300,-903,-3826,3860,-23920,18875,79,40,-134
34,"318,801200",-9741,-172,-3373,6561,-27354,19799,78,46,-134
34,"318,810500",-9478,461,-1009,14665,-25511,16907,78,46,-134
34,"318,821100",-8683,155,-1390,22344,-14319,12983,79,52,-130
34,"318,830400",-6974,285,-2552,28024,129,10034,79,52,-130
34,"318,841100",-6341,-484,-3681,18109,8928,5125,83,53,-129
34,"318,850400",-6431,-1048,-3482,3058,14641,5972,83,53,-129
34,"318,861000",-6559,-556,-4551,-3498,20042,10029,81,51,-131
34,"318,870400",-5896,348,-5156,-2425,19612,13414,81,51,-131
34,"318,881000",-5480,1211,-5712,2133,16244,11967,83,49,-133
34,"318,890400",-5684,1718,-5255,7584,7074,5736,83,49,-133
34,"318,901000",-7208,679,-4482,9693,-2166,-3171,81,47,-137
34,"318,910300",-7946,162,-4136,1581,-4789,-6274,81,47,-137
34,"318,920900",-7265,-317,-3776,-9386,-3892,-2359,81,48,-134
34,"318,930300",-8191,2,-2728,-9749,-4929,2057,81,48,-134
34,"318,941000",-8704,439,-808,-4067,261,2259,80,51,-136
34,"318,950300",-8550,419,-1278,-2644,10844,1966,80,51,-136
34,"318,960800",-4987,1068,-3763,-2983,19004,4676,79,48,-135
34,"318,970200",-5364,1108,-7414,-6237,11231,1821,79,48,-135
34,"318,980800",-6764,2224,-9187,-7215,520,-2222,78,45,-138
34,"318,990200",-8621,1042,-6731,-7167,-8790,-8460,78,45,-138
34,"319,000800",-8770,17,-4028,-203,-12761,-11938,76,46,-136
34,"319,010200",-8301,-984,-3144,-1505,-11840,-13283,76,46,-136
34,"319,020800",-7294,-1236,-1874,-4351,-12642,-7388,76,49,-135
34,"319,030200",-6198,-743,-1392,-7129,-9760,473,76,49,-135
34,"319,040700",-5828,80,-1711,-8824,-3862,3977,78,54,-136
34,"319,050100",-5015,6,-3619,-6358,4136,2949,78,54,-136
34,"319,060700",-5368,-208,-5074,-1505,4687,2803,76,55,-134
34,"319,070100",-5453,-223,-6094,-1525,-5459,1794,76,55,-134
34,"319,080700",-7896,-369,-4949,-8235,-16249,405,73,55,-133
34,"319,090100",-9405,-394,-2723,-11185,-22188,880,73,55,-133
34,"319,100700",-10060,-128,-1234,-12463,-21607,3057,73,59,-134
34,"319,110000",-10468,143,-226,-11611,-11135,6600,73,59,-134
34,"319,120600",-9287,-4,1029,-9164,3318,11218,70,62,-131
34,"319,130000",-5416,978,752,-9603,21709,12578,70,62,-131
34,"319,140600",-4266,1574,-3438,-12488,32767,10960,63,60,-130
34,"319,150000",-5908,1889,-11331,-4916,32767,10418,63,60,-130
34,"319,160700",-5772,2517,-11800,9328,27778,7670,63,53,-135
34,"319,169900",-8024,776,-7743,2820,7805,1531,63,53,-135
34,"319,180500",-6533,1770,-7745,8003,-7226,2510,62,47,-138
34,"319,189900",-7352,600,-4367,3138,-27245,-5329,62,47,-138
34,"319,200500",-7693,427,-280,7363,-32768,-4075,65,50,-137
34,"319,209900",-6550,327,1054,6734,-27842,-3288,65,50,-137
34,"319,220400",-5686,305,212,3734,-12126,-2791,68,61,-134
34,"319,229900",-6504,520,-768,824,-2197,-1951,68,61,-134
34,"319,240500",-6714,79,-2545,1860,8099,-109,66,62,-133
34,"319,249800",-6799,517,-4176,6110,15243,2119,66,62,-133
34,"319,260400",-6987,-302,-4989,7582,11123,3278,68,57,-134
34,"319,269800",-6815,318,-6197,21079,-1554,5549,68,57,-134
34,"319,280400",-8045,866,-5036,30172,-12970,4073,72,58,-135
34,"319,289800",-7552,564,-2814,28643,-19828,633,72,58,-135
34,"319,300400",-7212,387,-799,26556,-19277,-3668,77,60,-133
34,"319,309800",-7577,-312,-1128,19416,-11250,-6455,77,60,-133
34,"319,320400",-9519,158,-1467,13909,603,-3873,81,66,-130
34,"319,329800",-10080,-415,-172,4458,15121,-3589,81,66,-130
34,"319,340400",-8565,-1498,-825,4831,31073,-6612,84,64,-131
34,"319,349800",-4637,-2099,-3627,7547,32767,-3650,84,64,-131
34,"319,360300",-3351,-1985,-8333,17041,32767,5012,85,57,-135
34,"319,369700",-6362,-482,-8892,23651,14429,9383,85,57,-135
34,"319,380400",-7574,621,-5406,8389,-5942,4934,89,52,-137
34,"319,389600",-6645,30,-4351,-5183,-14849,-2190,89,52,-137
34,"319,400300",-10038,-1079,-5734,215,-12036,-642,89,55,-136
34,"319,409600",-6781,478,-6350,13025,6475,883,89,55,-136
34,"319,420200",-6608,-232,-4336,5457,3218,-6917,92,55,-138
34,"319,429600",-8135,-1982,-1187,-5731,-10723,-7616,92,55,-138
34,"319,440200",-6394,-2034,-1191,-7321,-2857,1040,90,57,-136
34,"319,449600",-4822,-2039,-5696,-4663,11157,8119,90,57,-136
34,"319,460200",-5166,-92,-7570,9725,8005,10028,90,59,-134
34,"319,469500",-6392,796,-6655,18809,-8183,4963,90,59,-134
34,"319,480200",-7516,-945,-4273,15074,-22657,-1001,92,55,-137
34,"319,489500",-7686,-1415,-2629,11095,-28270,-607,92,55,-137
34,"319,500100",-7640,-2037,-1546,4294,-24161,2802,96,62,-134
34,"319,509500",-7347,-1766,-90,3064,-15699,8154,96,62,-134
34,"319,520100",-7279,-751,855,6574,-3921,10236,98,68,-131
34,"319,529400",-6464,-645,141,2048,13415,9321,98,68,-131
34,"319,540000",-5051,-601,-2712,2742,28854,9924,96,69,-131
34,"319,549400",-4304,-659,-5721,5977,31420,10888,96,69,-131
34,"319,560000",-7115,389,-8900,12616,15571,12433,97,65,-135
34,"319,569400",-9738,2144,-6637,13468,-2709,10220,97,65,-135
34,"319,580000",-9123,3543,-4587,7552,-19137,7630,97,62,-136
34,"319,589300",-9399,3258,-3507,2491,-23136,3651,97,62,-136
34,"319,600100",-9197,576,-2227,-2539,-16049,-1942,96,68,-132
34,"319,609300",-8920,-1610,555,2598,-3955,-1018,96,68,-132
34,"319,619900",-5377,-1199,1395,7423,18067,6132,96,72,-131
34,"319,629300",-3697,353,-3911,9198,32767,9315,96,72,-131
34,"319,639900",-3612,571,-9307,8853,32767,4701,100,66,-135
34,"319,649200",-5911,627,-11676,9690,9335,144,100,66,-135
34,"319,659800",-8690,337,-8035,10266,-18168,-1979,102,65,-135
34,"319,669300",-9222,-581,-3298,8137,-32768,-3910,102,65,-135
34,"319,679900",-8471,-1440,-822,10402,-32237,-3480,101,67,-134
34,"319,689200",-8271,-1668,122,9756,-13974,-2113,101,67,-134
34,"319,699800",-6706,-1333,-789,9865,2989,1552,104,74,-129
34,"319,709200",-6252,-109,-2286,6609,14799,3410,104,74,-129
34,"319,719800",-5794,-394,-4590,-3853,23635,1828,107,74,-129
34,"319,729200",-5764,-898,-5993,-5295,23383,3820,107,74,-129
34,"319,739700",-5708,-510,-7074,3338,11887,6401,105,68,-133
34,"319,749100",-6767,-250,-6840,18726,-3611,7099,105,68,-133
34,"319,759700",-8107,485,-4593,25692,-17997,4830,109,70,-132
34,"319,769100",-9789,-173,-740,21185,-25983,-992,109,70,-132
34,"319,779700",-8763,-1441,811,9083,-18215,-3536,112,74,-129
34,"319,789000",-7259,-1901,1033,834,749,1724,112,74,-129
34,"319,799700",-5827,-432,-52,1141,18253,10370,111,79,-129
34,"319,809000",-5903,1926,-1565,2062,29836,13656,111,79,-129
34,"319,819700",-3490,2306,-4510,4448,32767,5522,112,76,-127
34,"319,829000",-3222,790,-8158,2017,27209,-6840,112,76,-127
34,"319,839600",-7693,-620,-12369,698,4071,-10531,114,67,-135
34,"319,849000",-10342,-2784,-11200,-5511,-14247,-7109,114,67,-135
34,"319,859600",-10306,-871,-5868,-4411,-30778,1159,113,66,-135
34,"319,868900",-7731,155,873,1645,-32768,2738,113,66,-135
34,"319,879500",-6839,-137,1745,9728,-29346,801,111,75,-128
34,"319,888900",-6282,-734,342,12035,-2110,349,111,75,-128
34,"319,899500",-2859,-1151,-4493,8718,25394,38,116,82,-124
34,"319,908900",-3838,-1663,-9129,-3034,30945,1034,116,82,-124
34,"319,919500",-4051,-1108,-9525,-4915,16342,6331,117,78,-128
34,"319,928900",-5587,-1255,-7766,-10355,-8284,10635,117,78,-128
34,"319,939500",-8381,-566,-4312,-6779,-22059,10756,114,76,-131
34,"319,948900",-8899,-107,-2373,-7531,-23937,10153,114,76,-131
34,"319,959400",-8697,59,-2231,-6477,-17752,11443,107,81,-129
34,"319,968800",-7908,454,-1014,-4397,-4373,11463,107,81,-129
34,"319,979400",-6224,853,-1882,-7287,11494,11715,108,83,-124
34,"319,988800",-5157,2061,-4969,-3779,14222,9657,108,83,-124
34,"319,999400",-6393,2016,-7764,-13,3589,4733,105,83,-128
34,"320,008700",-8310,1679,-6137,4454,-13036,632,105,83,-128
34,"320,019300",-10117,305,-662,403,-17888,-1709,103,84,-129
34,"320,028700",-7045,-421,1207,2000,7175,2798,103,84,-129
34,"320,039400",-3816,646,-2582,3199,27687,4823,104,86,-125
34,"320,048600",-5431,1542,-6127,4310,16097,1069,104,86,-125
34,"320,059200",-8051,1038,-7106,2070,871,-3676,105,80,-130
34,"320,068700",-8752,-74,-5499,-596,-10650,-4191,105,80,-130
34,"320,079300",-9178,-292,-2736,2276,-16613,-891,105,80,-129
34,"320,088600",-8184,-181,-840,1818,-9802,1283,105,80,-129
34,"320,099200",-6981,16,-672,2125,3429,2763,105,85,-126
34,"320,108600",-6858,-79,-2124,5597,13612,4231,105,85,-126
34,"320,119200",-5740,638,-3580,16504,27479,6420,106,84,-127
34,"320,128600",-4716,759,-6314,7842,31762,1334,106,84,-127
34,"320,139100",-6455,423,-7759,1178,8744,451,108,77,-133
34,"320,148500",-8140,540,-6396,1344,-9629,3250,108,77,-133
34,"320,159100",-8668,372,-3087,1692,-13860,3477,106,76,-131
34,"320,168500",-7417,521,-1610,1278,-7374,1722,106,76,-131
34,"320,179100",-6733,477,-1794,503,1159,919,106,78,-129
34,"320,188500",-6070,804,-3102,1874,8191,949,106,78,-129
34,"320,199100",-6228,854,-5075,344,9236,-142,104,80,-130
34,"320,208400",-7224,617,-5620,518,4374,124,104,80,-130
34,"320,219000",-7741,618,-4918,1244,-246,774,109,77,-134
34,"320,228400",-7356,727,-4076,1353,-1947,487,109,77,-134
34,"320,239000",-6935,773,-3646,-368,-1680,-601,107,77,-132
34,"320,248400",-6817,628,-3740,-2073,-167,-1471,107,77,-132
34,"320,259100",-6630,727,-3853,-5593,2050,-1956,109,78,-131
34,"320,268400",-6236,-240,-5357,-10510,2367,-330,109,78,-131
34,"320,278900",-6722,303,-6060,-11636,-5753,5082,106,77,-133
34,"320,288400",-8645,998,-2920,-18633,-14338,9272,106,77,-133
34,"320,298900",-7381,1984,-1971,-18651,-13165,10938,102,80,-134
34,"320,308300",-7232,2903,-2902,-17053,-9298,7220,102,80,-134
34,"320,318900",-6777,2588,-3335,-8384,-4952,1188,96,84,-130
34,"320,328300",-7110,1530,-3108,522,-3019,-3155,96,84,-130
34,"320,338900",-6800,1556,-3137,7527,816,-5085,96,82,-130
34,"320,348300",-6853,1226,-4126,12972,-33,-9153,96,82,-130
34,"320,358800",-7347,425,-4177,8653,-2910,-13710,100,84,-130
34,"320,368200",-8058,219,-3794,3438,-6038,-10970,100,84,-130
34,"320,378800",-8048,-35,-1916,-374,-6337,-9172,102,83,-130
34,"320,388200",-7241,871,-2428,4024,752,-8676,102,83,-130
34,"320,398800",-7662,-151,-3109,-382,6144,-11788,105,83,-127
34,"320,408200",-7093,-308,-4574,420,12333,-9756,105,83,-127
34,"320,418800",-7065,-688,-6095,-5516,7684,-6980,105,81,-127
34,"320,428200",-7891,-231,-5220,-10743,-4660,-3425,105,81,-127
34,"320,438800",-7458,-211,-4395,-14910,-13822,-2068,106,80,-131
34,"320,448100",-7629,175,-2642,-12822,-21064,-788,106,80,-131
34,"320,458700",-7509,177,-1808,-9860,-22332,-1459,103,85,-129
34,"320,468100",-7061,-135,-1726,-1211,-19862,-817,103,85,-129
34,"320,478800",-6788,268,-1354,4439,-18003,-722,100,88,-127
34,"320,488000",-7000,89,-1408,5350,-15908,-1934,100,88,-127
34,"320,498700",-7251,-262,-1329,8921,-12769,-264,100,92,-121
34,"320,508000",-9759,-572,-200,3606,-5549,288,100,92,-121
34,"320,518600",-8634,-551,-614,3263,4818,3852,105,94,-119
34,"320,528000",-7332,413,-1947,3511,14879,5964,105,94,-119
34,"320,538600",-6463,690,-3496,-690,18890,5532,104,94,-119
34,"320,548000",-6513,177,-4222,3133,18303,4990,104,94,-119
34,"320,558600",-7181,286,-4521,6840,14611,4824,103,94,-122
34,"320,567900",-7736,233,-4012,9531,9308,4299,103,94,-122
34,"320,578500",-7371,349,-4049,10736,6672,4373,103,92,-126
34,"320,587900",-6709,319,-4526,13086,5784,3337,103,92,-126
34,"320,598500",-7233,336,-4554,13553,2486,1471,106,89,-126
34,"320,607800",-7909,266,-3683,15428,1296,-940,106,89,-126
34,"320,618500",-7709,-204,-3416,15955,3588,-2309,106,89,-124
34,"320,627900",-6886,-24,-4173,14220,5339,-423,106,89,-124
34,"320,638400",-6348,-236,-4652,10763,4717,563,110,91,-124
34,"320,647800",-6818,196,-4049,11293,2641,1097,110,91,-124
34,"320,658400",-7043,268,-3631,10609,3856,-574,113,90,-122
34,"320,667800",-7251,-352,-4422,7145,2751,-1222,113,90,-122
34,"320,678400",-7229,-677,-4403,2552,-944,1755,117,91,-125
34,"320,687800",-7494,78,-3458,904,-4533,6552,117,91,-125
34,"320,698500",-6464,1269,-2782,1884,-6264,7225,116,93,-123
34,"320,707700",-5869,1760,-2689,6468,-6335,1999,116,93,-123
34,"320,718400",-5890,1278,-2501,8127,-6414,-4258,117,95,-124
34,"320,727700",-8102,508,-1963,6086,-3417,-7062,117,95,-124
34,"320,738300",-8474,-746,-2623,3660,7323,-8702,117,96,-118
34,"320,747700",-7806,-1528,-4275,6002,18532,-8389,117,96,-118
34,"320,758300",-7567,-2088,-5235,5879,24587,-5749,122,94,-122
34,"320,767700",-6552,-1802,-5245,4874,24680,-1351,122,94,-122
34,"320,778300",-6020,-1546,-6250,2534,23105,1454,122,91,-126
34,"320,787600",-5817,-1205,-7202,1454,20069,2816,122,91,-126
34,"320,798200",-5841,-807,-7242,1917,11316,3886,124,86,-130
34,"320,807600",-6515,-897,-7142,2659,889,4439,124,86,-130
34,"320,818200",-7356,-632,-6222,4547,-10914,4938,121,83,-131
34,"320,827600",-8590,-287,-3946,4222,-20544,3449,121,83,-131
34,"320,838100",-7660,-253,-1786,4583,-16763,3404,122,89,-127
34,"320,847600",-6357,365,-1524,3967,-5452,3444,122,89,-127
34,"320,858100",-5883,309,-2416,-3302,2794,592,123,92,-124
34,"320,867600",-6320,-136,-4164,-5135,7903,-2098,123,92,-124
34,"320,878100",-6161,39,-5906,-1476,9306,-3113,121,89,-123
34,"320,887500",-6704,-560,-6841,764,3477,-3822,121,89,-123
34,"320,898100",-7590,-589,-5500,4930,-4228,-4012,123,91,-126
34,"320,907500",-7516,-1170,-3528,-1311,-10119,-5474,123,91,-126
34,"320,918200",-7057,-1242,-3020,-984,-10264,-1535,123,93,-125
34,"320,927400",-6928,-763,-3012,6732,-5510,3160,123,93,-125
34,"320,938000",-6337,-311,-2917,17692,-39,4204,124,91,-121
34,"320,947400",-6379,-219,-3460,22301,4439,1577,124,91,-121
34,"320,958000",-7347,-351,-3593,19878,8850,-2071,126,92,-121
34,"320,967400",-6699,-1172,-4100,10019,13745,-6236,126,92,-121
34,"320,977900",-6422,-2041,-5869,912,16470,-4906,132,90,-121
34,"320,987400",-6419,-2260,-7122,730,10302,-38,132,90,-121
34,"320,998000",-6133,-2172,-6882,6708,-171,4365,131,87,-123
34,"321,007300",-6466,-1933,-5625,9817,-10208,6406,131,87,-123
34,"321,017900",-7151,-982,-3768,10863,-15097,7722,133,90,-121
34,"321,027300",-7483,-981,-2838,13094,-14114,6453,133,90,-121
34,"321,037900",-6938,-529,-2474,18330,-7994,5671,133,94,-115
34,"321,047300",-6958,-571,-2118,17924,-983,3001,133,94,-115
34,"321,057900",-6230,-489,-2384,9836,6515,-778,134,96,-110
34,"321,067300",-5573,-795,-4010,-5250,13262,-1049,134,96,-110
34,"321,077800",-5753,-665,-6558,-14877,15190,1798,138,96,-112
34,"321,087200",-6686,-391,-6612,-22452,7121,4163,138,96,-112
34,"321,097800",-7372,-279,-5581,-24030,-5739,4796,132,94,-116
34,"321,107100",-6901,115,-5046,-18428,-13624,3859,132,94,-116
34,"321,117700",-7284,209,-4968,-17194,-19717,1582,127,96,-121
34,"321,127200",-7497,-155,-2962,-17547,-25507,-1437,127,96,-121
34,"321,137900",-7059,-538,-1345,-13991,-25553,-3490,124,98,-117
34,"321,147100",-6327,-1301,-549,-10602,-19053,-2708,124,98,-117
34,"321,157700",-7961,-1601,-1452,-7027,-8310,751,124,103,-112
34,"321,167100",-9102,-891,-1304,-2036,5059,5078,124,103,-112
34,"321,177700",-8300,-679,-1908,-3097,18164,6447,123,105,-113
34,"321,187100",-7442,-174,-4656,2414,28790,8908,123,105,-113
34,"321,197700",-6556,-46,-7162,5518,27839,10078,120,101,-116
34,"321,207000",-6636,808,-7189,15625,17058,9320,120,101,-116
34,"321,217600",-6900,1383,-6432,23706,1471,4971,120,99,-120
34,"321,227000",-6488,1546,-4998,30879,-12150,-1312,120,99,-120
34,"321,237600",-6163,509,-5308,32767,-19287,-6525,125,100,-117
34,"321,247000",-6854,-1265,-4883,32767,-22948,-6940,125,100,-117
34,"321,257600",-6867,-2314,-2878,32767,-22064,-6643,132,103,-106
34,"321,267000",-7361,-3399,-1355,32767,-15504,-4823,132,103,-106
34,"321,277500",-6668,-3490,-2667,27270,-6914,4448,138,104,-93
34,"321,286900",-6967,-2273,-4079,32767,-3230,10849,138,104,-93
34,"321,297500",-7234,-2442,-4083,32767,-7118,9972,141,107,-87
34,"321,306900",-7275,-758,-5460,32767,-14319,9741,141,107,-87
34,"321,317500",-8137,-1047,-4695,32767,-28393,4641,142,110,-74
34,"321,326800",-8246,-803,-1716,20789,-32768,2136,142,110,-74
34,"321,337400",-8267,-1328,2006,9305,-32768,-845,142,111,-60
34,"321,346800",-7301,-2277,2104,6136,-12850,-469,142,111,-60
34,"321,357600",-7011,-1953,692,9247,3643,4004,143,111,-50
34,"321,366800",-7643,-1443,-754,14505,13064,5509,143,111,-50
34,"321,377400",-6954,-1932,-1226,18544,18661,5028,142,111,-49
34,"321,386800",-6749,-1065,-1427,21624,19035,6113,142,111,-49
34,"321,397400",-6359,-1060,-837,23463,16548,2395,141,113,-52
34,"321,406800",-7137,-1051,-476,17853,14160,-3473,141,113,-52
34,"321,417300",-6336,-1864,-714,3012,15570,-6234,140,112,-53
34,"321,426800",-6110,-1986,-2323,4086,18719,-4225,140,112,-53
34,"321,437300",-6281,-1307,-3989,4777,17729,-4583,141,113,-57
34,"321,446700",-7363,-2178,-4545,-552,11681,-6931,141,113,-57
34,"321,457300",-6315,-1946,-3973,-4552,4693,-4631,144,114,-58
34,"321,466700",-9361,-2179,-3444,-9132,-795,-3327,144,114,-58
34,"321,477200",-9990,-2437,-1986,256,-1842,-2434,144,111,-61
34,"321,486700",-8650,-2871,-2083,12215,701,-4243,144,111,-61
34,"321,497200",-7977,-3170,-2634,15778,1949,-4717,146,113,-60
34,"321,506600",-8562,-3390,-2199,8705,2043,-233,146,113,-60
34,"321,517200",-7984,-2694,-969,6847,5477,4584,146,109,-57
34,"321,526600",-5982,-2764,-2055,3774,11901,2041,146,109,-57
34,"321,537200",-6410,-2499,-3350,2788,15932,204,147,111,-58
34,"321,546500",-6719,-2984,-4489,346,14963,516,147,111,-58
34,"321,557100",-7119,-2949,-4397,-4725,7402,2595,146,113,-62
34,"321,566500",-7386,-2355,-3444,-15496,-425,5217,146,113,-62
34,"321,577300",-7326,-1969,-2563,-22558,-8858,9581,145,113,-63
34,"321,586500",-8269,-969,-1851,-21527,-9921,10868,145,113,-63
34,"321,597100",-7498,-1154,-2706,-19809,-2500,7406,138,115,-65
34,"321,606400",-6564,-1149,-3814,-9594,2386,5719,138,115,-65
34,"321,617000",-6967,-1157,-4285,-4988,2395,2066,140,118,-69
34,"321,626400",-7655,-1535,-2597,-7585,134,736,140,118,-69
34,"321,637000",-7816,-1392,-2944,-6162,6302,1276,137,115,-65
34,"321,646400",-6659,-1228,-4828,-6734,8991,-897,137,115,-65
34,"321,657100",-6393,-1602,-3967,-5898,6850,-675,137,116,-73
34,"321,666400",-6295,-2245,-4283,-4766,8006,2028,137,116,-73
34,"321,677000",-6390,-2144,-4567,-5181,7982,5969,135,116,-74
34,"321,686300",-7655,-1708,-3962,-6863,944,9254,135,116,-74
34,"321,696900",-7900,-907,-2788,-3979,-2418,10437,133,117,-76
34,"321,706300",-7195,-814,-1864,-4663,1676,8535,133,117,-76
34,"321,716900",-6741,-938,-2018,-2639,10026,10156,131,119,-78
34,"321,726300",-6337,158,-3157,5853,16769,9624,131,119,-78
34,"321,736800",-5673,673,-4821,7081,19982,2151,130,119,-81
34,"321,746300",-5669,-148,-6437,-880,15087,-3431,130,119,-81
34,"321,756800",-6714,-896,-6761,-320,7916,-2478,128,118,-84
34,"321,766200",-7916,-1036,-6443,714,477,875,128,118,-84
34,"321,776800",-6838,-377,-5323,-1914,-3861,4333,129,117,-88
34,"321,786200",-7701,320,-4685,-5506,-6195,5676,129,117,-88
34,"321,796900",-7707,109,-3282,-10299,-13852,3757,127,118,-86
34,"321,806200",-7836,319,-2834,-11861,-17925,1846,127,118,-86
34,"321,816800",-7317,-738,-2823,-16119,-13904,-715,125,119,-82
34,"321,826100",-7330,-1216,-2440,-15552,-8925,2974,125,119,-82
34,"321,836700",-7041,-363,-3212,-13646,-6245,6676,123,120,-83
34,"321,846100",-7050,791,-4352,-2011,-3054,5240,123,120,-83
34,"321,856700",-6207,570,-4411,5073,-2492,-1688,122,122,-81
34,"321,866100",-6918,-564,-5203,10793,-2050,-5905,122,122,-81
34,"321,876700",-8011,-1548,-3457,17148,-999,-6054,123,123,-80
34,"321,886100",-7173,-1480,-1485,26628,6863,-5715,123,123,-80
34,"321,896600",-7021,-854,-1926,29999,12625,-7082,125,120,-78
34,"321,906000",-7293,-1630,-2098,32767,14236,-9154,125,120,-78
34,"321,916600",-6572,-2758,-2232,32767,21935,-9778,131,117,-77
34,"321,926000",-6347,-3994,-3987,32767,26455,-2997,131,117,-77
34,"321,936600",-6586,-3659,-4064,32767,24241,3682,135,118,-80
34,"321,946000",-6699,-2756,-2910,32767,26210,7944,135,118,-80
34,"321,956600",-5483,-2911,-2867,29902,27549,10104,137,115,-78
34,"321,966000",-4673,-2926,-5355,28525,30166,12379,137,115,-78
34,"321,976500",-5662,-2524,-4975,21713,23303,12011,136,115,-82
34,"321,985900",-4469,-2237,-6329,6385,20261,10725,136,115,-82
34,"321,996500",-5136,-1699,-8421,-4526,17590,9037,135,114,-86
34,"322,005900",-6742,-2231,-8142,-9121,5428,8853,135,114,-86
34,"322,016600",-6971,-1589,-7631,-6041,-7104,11548,132,116,-87
34,"322,025900",-7716,-1733,-5302,719,-14453,12953,132,116,-87
34,"322,036400",-7375,-1130,-4293,5900,-15673,14544,128,120,-86
34,"322,045900",-7677,-132,-2419,12257,-9743,13471,128,120,-86
34,"322,056400",-6654,-135,-1309,15715,4335,7436,127,120,-80
34,"322,065800",-4620,-114,-3175,12152,20099,3379,127,120,-80
34,"322,076400",-3635,-140,-7003,6370,20213,-2212,127,119,-82
34,"322,085800",-4897,-1279,-10419,-2075,7799,-7812,127,119,-82
34,"322,096400",-6792,-2858,-9395,-9356,-11143,-7178,126,118,-85
34,"322,105700",-7819,-2606,-5230,-7630,-24159,925,126,118,-85
34,"322,116400",-8060,-1258,-2205,-4710,-31799,6022,127,118,-83
34,"322,125700",-6834,-1000,-1379,-1221,-25256,6290,127,118,-83
34,"322,136300",-5925,-1059,-3143,8336,-13970,5844,123,118,-76
34,"322,145700",-6284,-839,-3329,16163,-9735,3481,123,118,-76
34,"322,156300",-6326,-1382,-2096,12066,-6889,-1426,127,122,-69
34,"322,165700",-6585,-1627,-2545,3664,3327,-1962,127,122,-69
34,"322,176300",-6557,-2117,-5460,-2316,12158,-1270,126,122,-67
34,"322,185700",-6678,-2739,-6913,-3050,9514,-410,126,122,-67
34,"322,196200",-6396,-2649,-5514,7198,2321,3748,126,123,-72
34,"322,205600",-7111,-2314,-3865,7498,91,5317,126,123,-72
34,"322,216200",-6541,-1527,-3428,4739,-5066,5464,125,123,-70
34,"322,225600",-7348,-845,-4075,-3161,-10752,4627,125,123,-70
34,"322,236300",-7250,-1327,-5853,-13080,-11344,3905,124,124,-68
34,"322,245600",-8262,-1459,-4212,-16982,-11593,8019,124,124,-68
34,"322,256100",-7897,-826,-3280,-13740,-7997,11347,122,126,-66
34,"322,265500",-6451,-529,-3133,-9475,2344,9835,122,126,-66
34,"322,276100",-6214,190,-4253,-8019,7275,9658,117,126,-68
34,"322,285500",-6651,-226,-4416,-14071,6930,7024,117,126,-68
34,"322,296100",-5701,-365,-5080,-11392,5216,6791,115,125,-69
34,"322,305500",-6727,358,-5049,-8236,-1677,4639,115,125,-69
34,"322,316100",-7636,276,-2639,-8198,-5443,2546,113,127,-71
34,"322,325400",-6007,-485,-2554,-4701,1135,596,113,127,-71
34,"322,335900",-5566,142,-6445,1047,4181,1045,114,128,-72
34,"322,345400",-7409,-125,-6977,-1527,-3089,-677,114,128,-72
34,"322,356000",-7679,-465,-4917,-947,-9486,-644,114,125,-71
34,"322,365400",-7573,-152,-4326,1103,-13056,-176,114,125,-71
34,"322,376000",-7487,-527,-4050,-2746,-15621,-1552,114,126,-67
34,"322,385300",-7749,-192,-2132,-1530,-13834,-1392,114,126,-67
34,"322,395900",-7809,-631,-1158,-2860,-6711,-1758,111,128,-66
34,"322,405300",-6133,-507,-2236,-170,2147,-401,111,128,-66
34,"322,415900",-5737,-392,-4449,1082,6400,248,112,127,-63
34,"322,425300",-6964,-414,-5596,752,3074,-265,112,127,-63
34,"322,435900",-7741,-809,-5566,271,-6530,-1300,114,127,-63
34,"322,445200",-7712,-891,-6080,2900,-17098,-1054,114,127,-63
34,"322,456000",-8327,-952,-5766,3445,-28606,-368,114,126,-60
34,"322,465200",-8940,-1226,-4321,6463,-32768,1744,114,126,-60
34,"322,475800",-8752,-403,-2582,9645,-32768,3694,115,127,-51
34,"322,485200",-8611,14,-1029,7416,-32768,3123,115,127,-51
34,"322,495700",-6616,-1100,3116,1760,-32768,2877,113,124,-32
34,"322,505200",-6873,-692,2908,-24,-18221,6897,113,124,-32
34,"322,515800",-8059,-52,742,4567,-938,10491,111,126,-27
34,"322,525100",-7249,885,-1491,15135,12456,9348,111,126,-27
34,"322,535700",-6893,526,-3097,30477,13841,1311,107,127,-26
34,"322,545100",-7265,198,-2607,32767,3892,-4956,107,127,-26
34,"322,555700",-6966,-1326,-2193,32767,-5441,-10703,107,124,-25
34,"322,565100",-8640,-1748,687,32767,-9483,-6072,107,124,-25
34,"322,575700",-7499,-1130,1775,32767,1049,-863,107,122,-20
34,"322,585000",-7415,-1326,417,23748,16146,-1432,107,122,-20
34,"322,595700",-6860,-1600,-2120,10170,19070,-179,105,124,-21
34,"322,605000",-6707,-1447,-6506,-596,11215,6196,105,124,-21
34,"322,615600",-8292,-661,-6768,-2142,-11301,11573,104,127,-25
34,"322,625000",-8895,-682,-2316,-3673,-27639,11939,104,127,-25
34,"322,635600",-8343,196,1635,3546,-29330,12099,99,123,-20
34,"322,644900",-8469,651,2671,5221,-15566,11656,99,123,-20
34,"322,655500",-7556,1467,526,2298,-3486,10963,98,123,-11
34,"322,664900",-7620,1785,-1970,1397,-2035,5408,98,123,-11
34,"322,675700",-8222,-11,-2203,-1792,-8213,-1558,95,121,-12
34,"322,684900",-7826,-1178,-2788,-764,-16086,-1704,95,121,-12
34,"322,695500",-7833,-942,-2584,-4879,-27226,2579,93,121,-9
34,"322,704800",-8796,-244,293,-6756,-32768,6992,93,121,-9
34,"322,715400",-8101,-590,3530,-5902,-31859,8995,94,116,3
34,"322,724800",-7559,182,5845,-3688,-12030,11037,94,116,3
34,"322,735400",-7448,751,4793,-2366,8897,12078,91,115,6
34,"322,744800",-7668,1388,2837,-3052,26526,10944,91,115,6
34,"322,755400",-6990,1416,597,-718,32767,7359,89,118,2
34,"322,764800",-6657,1011,-2095,943,32767,4389,89,118,2
34,"322,775400",-7544,1084,-3603,219,32767,3731,88,122,-9
34,"322,784700",-8215,1589,-3120,754,20856,2245,88,122,-9
34,"322,795400",-8217,1230,-2315,-1345,12897,-2305,86,129,-19
34,"322,804700",-8198,643,-1770,-1473,8606,-4459,86,129,-19
34,"322,815300",-7983,427,-1779,-960,6873,-3949,88,127,-23
34,"322,824700",-7939,340,-2297,-894,5576,-3220,88,127,-23
34,"322,835300",-8091,479,-2462,-328,2754,-2209,90,126,-25
34,"322,844700",-8241,873,-1752,-638,739,-1484,90,126,-25
34,"322,855300",-7686,793,-1597,-1039,677,-1935,89,126,-23
34,"322,864600",-7821,372,-1212,-1763,1474,-2732,89,126,-23
34,"322,875200",-7709,176,-1121,-1168,3514,-2687,90,126,-25
34,"322,884600",-7977,112,-1696,-1115,5204,-1512,90,126,-25
34,"322,895300",-7906,277,-2514,-1190,4085,364,92,128,-24
34,"322,904600",-8141,456,-2467,-1031,2436,934,92,128,-24
34,"322,915100",-7918,795,-2134,-685,1049,86,91,127,-27
34,"322,924600",-8098,705,-1706,-1369,-190,-1694,91,127,-27
34,"322,935100",-8078,443,-1526,-2847,415,-2870,92,126,-26
34,"322,944500",-8066,56,-1522,-4278,1360,-2836,92,126,-26
34,"322,955100",-7951,20,-1667,-3831,2503,-1281,91,128,-28
34,"322,964500",-7851,241,-1740,-2616,3181,61,91,128,-28
34,"322,975100",-7883,246,-1941,-2784,2428,144,92,128,-27
34,"322,984500",-7474,281,-2581,-1094,1422,-154,92,128,-27
34,"322,995100",-7626,125,-2608,-1211,-1302,-926,92,128,-30
34,"323,004400",-7709,231,-1948,-2381,-4540,-532,92,128,-30
34,"323,015000",-8394,759,-1059,-5632,-4192,328,92,128,-28
34,"323,024400",-8333,1555,-374,-14162,1707,-848,92,128,-28
34,"323,035000",-7953,688,-391,-28580,13578,-2869,94,127,-27
34,"323,044400",-7495,631,-1341,-32007,25981,940,94,127,-27
34,"323,055000",-5130,985,-1506,-32768,30006,6228,94,131,-35
34,"323,064400",-6514,1788,-1692,-32768,30313,11213,94,131,-35
34,"323,074900",-7814,3942,-1758,-32768,30762,11915,91,132,-47
34,"323,084300",-7311,4644,-3261,-32768,30892,5894,91,132,-47
34,"323,094900",-7357,4867,-4521,-32768,27341,-4056,91,133,-58
34,"323,104300",-7268,3677,-3787,-32768,21509,-10900,91,133,-58
34,"323,115000",-7270,2047,-3659,-31657,15700,-13117,88,133,-71
34,"323,124300",-6605,1499,-3886,-15764,12109,-13755,88,133,-71
34,"323,134800",-7120,955,-3543,-5137,8974,-13191,91,130,-74
34,"323,144200",-6679,978,-3349,2250,6154,-11793,91,130,-74
34,"323,154800",-7209,687,-3421,2268,4973,-11751,97,130,-79
34,"323,164200",-7044,931,-4469,3677,5646,-9887,97,130,-79
34,"323,174800",-7556,1238,-5149,8053,5068,-9293,98,128,-76
34,"323,184200",-7222,1579,-4955,8070,1290,-9634,98,128,-76
34,"323,194800",-7209,850,-4654,385,-7927,-11778,100,130,-78
34,"323,204200",-6674,359,-3449,-880,-15671,-9392,100,130,-78
34,"323,214700",-6561,453,-2544,-1003,-19385,-6186,104,129,-76
34,"323,224100",-7404,1333,-2439,697,-15377,-2362,104,129,-76
34,"323,234700",-8639,1107,-1591,-1483,-7571,-1066,104,130,-69
34,"323,244100",-9588,1058,-2348,3246,1390,-2910,104,130,-69
34,"323,254700",-8391,518,-3055,8612,12790,-8832,104,133,-67
34,"323,264100",-6723,-102,-4418,10741,21523,-13647,104,133,-67
34,"323,274600",-5998,-830,-5760,5810,22799,-13180,107,131,-70
34,"323,284000",-6212,-992,-6391,1305,16367,-9559,107,131,-70
34,"323,294600",-6255,-1322,-6265,-4797,8384,-5848,111,130,-77
34,"323,304000",-6999,-650,-5713,-5060,-895,-1380,111,130,-77
34,"323,314600",-7526,-363,-4535,-4963,-7065,-97,111,130,-78
34,"323,324000",-7439,-314,-3806,-2397,-7554,-595,111,130,-78
34,"323,334800",-7018,-459,-3196,-1507,-4925,-320,111,128,-76
34,"323,344000",-7105,-146,-2025,-734,-1869,1662,111,128,-76
34,"323,354500",-5683,-335,-2221,-6083,5443,744,112,128,-75
34,"323,363900",-6339,-586,-3615,-4942,11825,754,112,128,-75
34,"323,374500",-6670,588,-5433,-5009,12811,1456,110,129,-77
34,"323,383800",-6960,801,-6125,-10679,9096,380,110,129,-77
34,"323,394500",-6719,875,-6178,-10078,3668,-725,109,127,-83
34,"323,403900",-7535,238,-5658,-7720,-4949,-1507,109,127,-83
34,"323,414500",-7152,-166,-4500,-6972,-10248,-787,110,129,-83
34,"323,423800",-6601,159,-4008,-6487,-12302,2572,110,129,-83
34,"323,434400",-6462,390,-3560,-6011,-10659,5100,109,129,-80
34,"323,443800",-6713,754,-3455,-3890,-7445,6905,109,129,-80
34,"323,454400",-6649,1040,-4039,-2269,-2255,7021,107,131,-76
34,"323,463800",-7315,1463,-4172,-572,1858,5575,107,131,-76
34,"323,474400",-7294,1371,-4583,-533,2455,3382,103,133,-76
34,"323,483700",-7471,1301,-4410,756,833,1562,103,133,-76
34,"323,494300",-7294,1241,-4091,2327,853,-478,102,132,-77
34,"323,503700",-7248,695,-3444,-898,-890,-2238,102,132,-77
34,"323,514300",-6941,626,-3147,-1602,-2066,-1453,104,131,-77
34,"323,523600",-6652,901,-3666,368,-1635,34,104,131,-77
34,"323,534200",-7003,1071,-3545,4387,-391,404,103,132,-76
34,"323,543700",-6878,893,-3377,8244,2008,-81,103,132,-76
34,"323,554400",-6904,591,-3784,8543,4410,-842,106,131,-78
34,"323,563600",-6944,545,-4077,6042,6086,-604,106,131,-78
34,"323,574200",-7110,545,-5659,3870,7048,-51,106,131,-77
34,"323,583600",-7016,140,-6331,3149,2965,-549,106,131,-77
34,"323,594100",-7664,538,-5370,5168,-4250,582,105,129,-79
34,"323,603500",-7469,539,-4239,5378,-11248,714,105,129,-79
34,"323,614200",-7459,-20,-3077,2541,-13497,197,108,128,-74
34,"323,623600",-7057,-7,-2799,3534,-11427,2058,108,128,-74
34,"323,634100",-7106,832,-3024,8111,-6075,3758,106,132,-72
34,"323,643500",-6864,840,-3380,6968,-1547,2116,106,132,-72
34,"323,654100",-6907,486,-4106,1507,1892,1917,106,135,-69
34,"323,663500",-7262,344,-4120,-2669,2413,3453,106,135,-69
34,"323,674100",-7255,452,-4323,-6775,1149,4085,105,132,-70
34,"323,683500",-6672,604,-5236,-5648,-2836,4274,105,132,-70
34,"323,694000",-7051,735,-5444,-6692,-9520,4560,104,131,-70
34,"323,703400",-7618,345,-4694,-6700,-19955,6270,104,131,-70
34,"323,714000",-7674,1328,-3866,-2997,-27560,9294,100,133,-67
34,"323,723400",-7736,1820,-3061,-6864,-29748,8002,100,133,-67
34,"323,734000",-7719,1530,-2997,-7862,-29820,6183,98,133,-58
34,"323,743400",-7593,1662,-2320,-5974,-28205,4549,98,133,-58
34,"323,754000",-7683,1397,-1327,-2935,-25826,3630,99,133,-49
34,"323,763300",-7744,1467,-227,15,-18686,3778,99,133,-49
34,"323,774000",-7318,1555,-788,2499,-9789,4199,96,132,-42
34,"323,783300",-7513,1654,-1037,10961,-3295,4588,96,132,-42
34,"323,793900",-6812,2723,-1997,21349,1733,5034,97,132,-40
34,"323,803300",-7224,3038,-3626,25958,-483,143,97,132,-40
34,"323,813900",-7843,2385,-3454,25499,-10819,-5268,95,133,-39
34,"323,823300",-8456,1596,-2539,17656,-19664,-5762,95,133,-39
34,"323,833900",-8174,1466,-1576,10106,-25029,-3122,95,130,-33
34,"323,843200",-8478,1294,-541,9787,-26638,-2916,95,130,-33
34,"323,853900",-8686,846,901,12255,-23490,-3243,95,131,-25
34,"323,863200",-7362,769,1084,12809,-14837,-4461,95,131,-25
34,"323,873800",-7571,-86,1630,9636,-6045,-6573,95,127,-17
34,"323,883200",-7683,-499,1192,8891,2674,-5843,95,127,-17
34,"323,893800",-7777,-237,794,9988,9816,-2068,97,128,-18
34,"323,903100",-7659,-236,666,13101,17261,1344,97,128,-18
34,"323,913700",-7235,437,319,23689,26047,3756,96,130,-19
34,"323,923100",-7138,369,-886,32767,32094,2403,96,130,-19
34,"323,933800",-7038,-222,-1508,32767,32767,2044,94,130,-30
34,"323,943100",-7452,-612,-2551,32767,32767,2067,94,130,-30
34,"323,953700",-7397,-1352,-3219,32767,32282,3398,92,135,-38
34,"323,963100",-7047,-1655,-4254,32767,29723,5798,92,135,-38
34,"323,973700",-7080,-1690,-4146,32767,23290,9171,85,132,-44
34,"323,983000",-7221,-1711,-4504,32767,19476,12607,85,132,-44
34,"323,993800",-7319,-629,-4296,32767,16883,16367,85,135,-48
34,"324,003000",-7132,-44,-4417,29765,13636,17488,85,135,-48
34,"324,013600",-7484,660,-4313,30356,11721,15325,80,133,-54
34,"324,023000",-6827,161,-4372,31015,11993,12188,80,133,-54
34,"324,033600",-6672,-495,-4642,32767,10934,11347,76,132,-58
34,"324,043000",-6301,-1030,-5225,32767,9834,11984,76,132,-58
34,"324,053500",-6877,-1029,-4740,32767,5638,12883,74,132,-61
34,"324,062900",-7066,-1885,-5269,32767,511,13735,74,132,-61
34,"324,073600",-7033,-1562,-5026,32767,-1681,17199,71,132,-63
34,"324,082900",-6695,349,-4084,32767,-5358,17794,71,132,-63
34,"324,093500",-5682,1561,-4157,24990,-9465,13664,67,130,-61
34,"324,102800",-6807,1098,-4408,-353,-5310,10756,67,130,-61
34,"324,113400",-7414,2256,-4149,-5674,-5841,12418,66,133,-60
34,"324,122800",-6904,2244,-3652,-9649,-3750,7596,66,133,-60
34,"324,133400",-6684,2127,-4280,-7133,416,1310,65,131,-57
34,"324,142800",-6914,942,-4870,-9301,3215,-3086,65,131,-57
34,"324,153400",-7272,263,-4295,-9345,2426,-2605,63,132,-58
34,"324,162800",-7102,209,-4331,-7408,445,-948,63,132,-58
34,"324,173300",-7080,324,-4278,-5603,-1841,-612,65,131,-59
34,"324,182800",-7700,407,-4194,-2204,-3174,-1837,65,131,-59
34,"324,193300",-7506,-272,-4249,1080,-2223,-4963,64,131,-56
34,"324,202700",-7581,-853,-3778,2141,-2501,-6395,64,131,-56
34,"324,213500",-7391,-1149,-3231,3060,-2177,-5013,64,132,-55
34,"324,222700",-7058,-1127,-2998,1536,-1030,-2327,64,132,-55
34,"324,233200",-6911,-1232,-3605,1336,1071,404,66,132,-57
34,"324,242700",-7274,-1157,-3741,4654,2290,2246,66,132,-57
34,"324,253200",-7438,-1163,-4306,7360,1090,3053,66,131,-57
34,"324,262700",-7317,-1371,-4429,9263,-2627,3564,66,131,-57
34,"324,273200",-7712,-1130,-4505,10653,-7868,4451,66,131,-58
34,"324,282600",-7629,-1091,-3901,7868,-11618,4953,66,131,-58
34,"324,293200",-7866,-1047,-2664,3934,-11897,5989,65,131,-54
34,"324,302600",-7214,-540,-2044,4472,-8489,7184,65,131,-54
34,"324,313200",-7070,-371,-2588,5016,-1782,7053,64,131,-48
34,"324,322600",-6898,-347,-2958,7660,3852,7054,64,131,-48
34,"324,333100",-6994,-253,-3514,8585,6722,6348,62,132,-50
34,"324,342500",-7102,-233,-3708,9569,8358,5523,62,132,-50
34,"324,353100",-7155,-58,-3876,9702,8053,5964,59,131,-54
34,"324,362500",-7320,-16,-3663,7538,5568,6459,59,131,-54
34,"324,373100",-7260,84,-3798,8381,5370,5620,57,131,-55
34,"324,382500",-7429,-177,-3735,11462,4907,4818,57,131,-55
34,"324,393000",-7388,66,-3720,16444,3037,5226,55,131,-58
34,"324,402400",-7182,103,-3628,18942,1070,4106,55,131,-58
34,"324,413000",-6917,-379,-3706,21704,162,2649,56,127,-59
34,"324,422400",-7140,-752,-3623,22655,671,1898,56,127,-59
34,"324,433100",-6939,-1597,-3441,18755,40,2174,55,130,-60
34,"324,442400",-6496,-1608,-3503,16889,-1613,6262,55,130,-60
34,"324,453000",-7218,-577,-3381,17484,-2482,10375,56,128,-60
34,"324,462400",-7361,-193,-3724,17865,-3184,10288,56,128,-60
34,"324,472900",-7900,-351,-3382,17737,-3963,7832,54,129,-61
34,"324,482300",-7996,-296,-3383,18416,-2745,5109,54,129,-61
34,"324,492900",-7762,-819,-3578,12632,436,2568,51,127,-61
34,"324,502300",-6978,-855,-3944,9579,1273,4297,51,127,-61
34,"324,512900",-7709,-501,-3425,10905,94,6356,49,128,-60
34,"324,522300",-7189,-359,-3695,10314,-2324,7197,49,128,-60
34,"324,532900",-7328,-359,-3751,9723,-4406,6096,50,126,-62
34,"324,542200",-7769,-401,-3823,7503,-5763,4697,50,126,-62
34,"324,552800",-8070,-579,-3814,6317,-9139,4859,49,126,-59
34,"324,562200",-7976,-707,-2719,5229,-12644,5706,49,126,-59
34,"324,572800",-7620,-647,-2368,7740,-12208,7072,45,127,-57
34,"324,582200",-7666,-343,-2253,10165,-8758,7394,45,127,-57
34,"324,592800",-6952,-258,-2436,7762,-4897,6284,46,126,-55
34,"324,602100",-6426,-38,-2203,2825,-4000,5678,46,126,-55
34,"324,612700",-5757,344,-2222,-2587,-3625,5510,44,126,-53
34,"324,622100",-7853,457,-2555,2771,-2764,4241,44,126,-53
34,"324,632700",-9755,1124,-3275,10300,-711,2578,41,126,-50
34,"324,642100",-9844,603,-3411,10191,308,-825,41,126,-50
34,"324,652800",-8194,78,-1892,9629,1997,-4848,41,126,-52
34,"324,662100",-7584,-518,-1483,8416,4530,-8227,41,126,-52
34,"324,672700",-6823,-561,-1692,10209,9163,-8574,45,124,-54
34,"324,682000",-6806,-588,-1936,10754,13354,-9904,45,124,-54
34,"324,692600",-6596,-1121,-2330,8581,14001,-11540,46,125,-58
34,"324,702000",-7336,-1646,-2879,5246,15209,-11382,46,125,-58
34,"324,712600",-7114,-2228,-2838,-2302,16609,-8128,53,125,-62
34,"324,722000",-6755,-1803,-3851,-2736,19001,-2171,53,125,-62
34,"324,732600",-6266,-1441,-5620,-6151,15691,669,52,126,-65
34,"324,742000",-6941,-2058,-8013,-9798,4802,3649,52,126,-65
34,"324,752500",-8252,-1929,-6713,-7308,-5472,7137,52,124,-66
34,"324,762000",-8487,-1291,-4481,-6765,-15047,10955,52,124,-66
34,"324,772500",-8332,299,-2167,-5933,-19514,12522,48,125,-66
34,"324,781900",-7373,1104,-1337,-11183,-16795,9506,48,125,-66
34,"324,792500",-7688,1119,-1783,-14192,-7735,5365,44,123,-57
34,"324,801800",-7326,803,-1780,-8425,2700,1735,44,123,-57
34,"324,812400",-5930,754,-1763,-2869,12824,1837,45,122,-54
34,"324,821800",-4808,1063,-5002,-215,22007,1906,45,122,-54
34,"324,832400",-5295,364,-7306,-3635,19716,-1679,44,123,-60
34,"324,841900",-6568,-321,-7990,-9617,3291,-4103,44,123,-60
34,"324,852400",-8249,-849,-5648,-15070,-15851,-2513,45,122,-62
34,"324,861800",-8822,-1005,-2802,-20753,-26146,619,45,122,-62
34,"324,872500",-8155,175,-1773,-21051,-23036,4725,44,122,-53
34,"324,881800",-7941,878,-2252,-16788,-17674,4535,44,122,-53
34,"324,892300",-7896,1122,-2043,-10496,-13446,2644,44,120,-47
34,"324,901700",-7678,1106,-1196,-3599,-10972,-2464,44,120,-47
34,"324,912300",-7267,335,-1036,-810,-7672,-7753,43,119,-42
34,"324,921700",-7358,-683,57,1313,-2531,-7628,43,119,-42
34,"324,932300",-6590,-1431,136,25,6916,-4417,46,120,-41
34,"324,941600",-6359,-1980,-2825,80,15445,1210,46,120,-41
34,"324,952300",-7135,-1395,-4835,2478,13408,7522,47,120,-41
34,"324,961600",-8307,943,-5937,3419,925,13992,47,120,-41
34,"324,972200",-8660,1674,-3961,5448,-11710,12594,44,119,-43
34,"324,981600",-8829,1209,-1808,5734,-12600,6987,44,119,-43
34,"324,992200",-8201,38,-924,56,-4930,3325,41,118,-41
34,"325,001500",-7990,103,-1312,-4045,3140,5225,41,118,-41
34,"325,012100",-7246,206,-1964,-10748,8312,8670,40,118,-42
34,"325,021500",-7015,742,-2167,-5845,12028,8348,40,118,-42
34,"325,032100",-7162,978,-2895,2893,17958,4061,37,117,-41
34,"325,041500",-6653,711,-5839,8666,21189,273,37,117,-41
34,"325,052100",-6920,443,-7127,14103,13149,-2248,38,117,-49
34,"325,061500",-7523,684,-6915,17235,863,-3015,38,117,-49
34,"325,072100",-7888,409,-4783,16099,-11731,-4241,40,114,-51
34,"325,081500",-6966,-11,-3863,7959,-17793,-5178,40,114,-51
34,"325,092200",-7180,-226,-2996,5667,-21347,-4264,40,115,-47
34,"325,101400",-7806,-199,-1463,2433,-21815,-2376,40,115,-47
34,"325,112000",-7882,-471,-130,205,-16993,1008,40,113,-41
34,"325,121400",-6789,-440,304,-1602,-5866,3410,40,113,-41
34,"325,132000",-6150,-254,-903,2292,8437,5366,38,115,-37
34,"325,141400",-5818,-41,-2478,5042,16477,6058,38,115,-37
34,"325,152000",-6471,-299,-2308,6982,12636,8565,40,114,-43
34,"325,161300",-6334,1053,-1582,3676,7744,11197,40,114,-43
34,"325,172000",-7921,2717,-2598,863,7619,7649,36,112,-43
34,"325,181300",-9144,2803,-4134,2576,8566,-1470,36,112,-43
34,"325,191900",-7246,1273,-5150,1272,7435,-10663,36,112,-46
34,"325,201300",-9089,-432,-4715,-5848,4524,-11016,36,112,-46
34,"325,211900",-10086,416,-3750,-6422,8483,-4264,37,113,-48
34,"325,221300",-7953,735,-3144,-1767,16190,-6342,37,113,-48
34,"325,231800",-5967,807,-2708,1774,26898,-7321,40,114,-50
34,"325,241300",-4875,-140,-4318,-2655,32767,-7050,40,114,-50
34,"325,251800",-3820,-230,-8281,-4710,30854,-6947,43,116,-59
34,"325,261200",-5062,-677,-9353,-6901,14357,-6257,43,116,-59
34,"325,271800",-5718,-631,-8922,-7348,-2780,-1160,44,114,-63
34,"325,281200",-7374,-561,-7243,-11925,-21139,3097,44,114,-63
34,"325,291700",-7401,-234,-4712,-13929,-32421,6356,44,113,-58
34,"325,301100",-7486,343,-4294,-15237,-31938,8678,44,113,-58
34,"325,311900",-7426,1440,-4517,-8378,-28179,9151,39,112,-49
34,"325,321100",-7781,1377,-3889,-10551,-25931,4500,39,112,-49
34,"325,331700",-7977,1001,-1635,-11929,-22458,2048,40,110,-39
34,"325,341100",-7702,1589,-766,-10028,-14960,1408,40,110,-39
34,"325,351700",-6411,1142,-2125,-11289,-6397,-169,42,110,-33
34,"325,361100",-6573,1449,-4333,-9355,-7398,-333,42,110,-33
34,"325,371600",-6899,1423,-5126,-9175,-22170,-661,40,111,-31
34,"325,381000",-7784,1729,-2088,-7128,-32768,-1035,40,111,-31
34,"325,391600",-8452,1961,-198,-3976,-32768,-2849,41,106,-23
34,"325,401000",-8786,1793,896,-3000,-32768,-4136,41,106,-23
34,"325,411600",-8872,2233,1958,3285,-32048,-4981,40,104,-10
34,"325,421000",-8439,1575,3477,-1049,-18645,-9666,40,104,-10
34,"325,431600",-7194,910,3906,-4382,-520,-13023,43,101,-5
34,"325,441000",-5851,-337,3450,-12303,18629,-13296,43,101,-5
34,"325,451600",-6056,-1767,3573,-17094,32767,-7114,45,106,-6
34,"325,460900",-4245,-1771,1530,-15268,32767,2269,45,106,-6
34,"325,471600",-3033,-597,-2184,-11151,32767,9723,50,110,-15
34,"325,480900",-3055,389,-5014,-3114,32767,15832,50,110,-15
34,"325,491500",-6878,-342,-7478,-3214,32344,16892,47,112,-25
34,"325,500800",-10419,770,-5546,-6511,14048,21506,47,112,-25
34,"325,511400",-9880,2352,-5174,1616,7364,21143,43,110,-31
34,"325,520800",-8587,2270,-5188,8000,4575,12166,43,110,-31
34,"325,531500",-8137,2774,-5776,1543,974,5344,37,108,-32
34,"325,540800",-8536,2120,-4715,-1563,-3303,2367,37,108,-32
34,"325,551400",-8621,1433,-2891,-1520,58,2581,37,110,-33
34,"325,560700",-8095,1683,-2275,1167,4581,3349,37,110,-33
34,"325,571300",-6510,1684,-2260,2642,7672,1529,37,108,-32
34,"325,580700",-5448,3051,-3091,2020,12009,858,37,108,-32
34,"325,591400",-5315,2886,-3489,-2986,12274,-2766,37,108,-37
34,"325,600700",-6562,1927,-3826,-3174,10295,-6288,37,108,-37
34,"325,611300",-6772,1321,-3396,-2878,6776,-7119,41,109,-37
34,"325,620700",-6706,1093,-4406,6170,6358,-5344,41,109,-37
34,"325,631300",-6641,888,-5522,15669,5117,-5558,42,111,-37
34,"325,640600",-8058,416,-5198,17198,356,-5370,42,111,-37
34,"325,651200",-9423,706,-3415,13589,-154,-4271,40,112,-42
34,"325,660600",-7426,665,-1975,6282,10805,-1919,40,112,-42
34,"325,671200",-5146,1439,-4175,4544,20194,997,43,112,-44
34,"325,680600",-4220,1536,-8289,-3049,13851,654,43,112,-44
34,"325,691200",-7968,366,-8653,-8453,-4789,479,41,109,-47
34,"325,700500",-9671,592,-5939,-6839,-21266,42,41,109,-47
34,"325,711100",-9253,87,-2748,-7291,-27616,-2410,41,109,-42
34,"325,720500",-8451,-276,84,-11033,-20177,-2674,41,109,-42
34,"325,731100",-6814,-163,1063,-12666,-4265,1832,41,110,-37
34,"325,740500",-5339,339,582,-20684,14428,5924,41,110,-37
34,"325,751300",-4627,1096,-2595,-25358,29981,10575,43,111,-35
34,"325,760500",-4665,2321,-7019,-23448,32767,11916,43,111,-35
34,"325,771000",-5676,2852,-10571,-20927,25927,10641,41,107,-41
34,"325,780400",-6565,2992,-8806,-19395,2671,6878,41,107,-41
34,"325,791000",-7695,2910,-6255,-17347,-17860,3611,40,107,-42
34,"325,800400",-7347,2304,-4022,-18274,-26377,2521,40,107,-42
34,"325,811000",-7094,2685,-2803,-16374,-29014,4218,39,107,-35
34,"325,820400",-6486,2776,-3469,-13326,-23292,4812,39,107,-35
34,"325,831000",-6998,2947,-2729,-13066,-16730,4888,37,104,-26
34,"325,840400",-6271,2041,-2216,-16896,-7452,6138,37,104,-26
34,"325,850900",-6123,2531,-2505,-18864,222,11608,37,103,-24
34,"325,860300",-5702,3129,-4278,-18489,2322,13862,37,103,-24
34,"325,870900",-5929,3014,-6608,-17889,-5294,11698,40,102,-22
34,"325,880400",-6847,5046,-6401,-8461,-21060,11770,40,102,-22
34,"325,890800",-8379,5713,-3560,-6365,-32768,4832,38,99,-16
34,"325,900300",-7681,4521,-385,-3964,-32768,-3001,38,99,-16
34,"325,910800",-7209,3253,-767,-5862,-32768,-4715,34,97,-6
34,"325,920300",-6814,3135,-488,-15882,-32768,-813,34,97,-6
34,"325,930800",-7632,3162,287,-21736,-32768,3427,38,90,5
34,"325,940200",-7237,3564,1300,-19876,-30205,4685,38,90,5
34,"325,950800",-7479,3920,1832,-19283,-21276,5651,39,86,14
34,"325,960200",-6319,4260,1819,-13284,-7735,7018,39,86,14
34,"325,970800",-6134,5125,787,-6810,1367,4760,42,82,18
34,"325,980200",-6727,5986,-548,958,1275,519,42,82,18
34,"325,990700",-6405,6415,-1393,2313,-6195,-6018,40,85,19
34,"326,000200",-8552,4597,-297,-3537,-17912,-13424,40,85,19
34,"326,010700",-6607,3103,-110,-9119,-27451,-15144,45,81,19
34,"326,020100",-7573,1918,1409,-13848,-32768,-11977,45,81,19
34,"326,030600",-7179,2859,2379,-18902,-32768,-5272,46,77,27
34,"326,040100",-7041,2967,3119,-19963,-29774,-4423,46,77,27
34,"326,050700",-7675,1963,5437,-16746,-21861,-1806,50,71,32
34,"326,060000",-5834,2455,5173,-11426,-3136,2647,50,71,32
34,"326,070600",-5394,3828,2353,-9729,12969,1969,55,71,35
34,"326,080000",-6983,4128,-721,-10229,13841,-2389,55,71,35
34,"326,090600",-7922,3288,-35,1507,797,-4415,56,72,31
34,"326,100000",-7404,1905,3378,13487,-11239,-7310,56,72,31
34,"326,110600",-6403,1257,5271,9878,-9257,-10582,55,71,33
34,"326,119900",-6582,1128,4273,-1489,930,-9992,55,71,33
34,"326,130500",-6904,1412,3307,-9510,9125,-2765,55,71,35
34,"326,139900",-6807,1995,2722,-11243,11227,4013,55,71,35
34,"326,150500",-6980,2604,2339,-10813,10599,7117,58,75,32
34,"326,159800",-6260,3201,1694,-8884,10628,8262,58,75,32
34,"326,170400",-6677,3101,1382,-7167,8018,6167,58,73,32
34,"326,179800",-7456,2922,1859,-6062,5226,3402,58,73,32
34,"326,190600",-7751,2937,2690,-3139,4863,3238,60,75,30
34,"326,199800",-7247,2789,2772,-103,6220,3415,60,75,30
34,"326,210300",-7360,2997,2867,3665,9222,3245,60,77,30
34,"326,219800",-6975,3271,2901,5255,13893,1659,60,77,30
34,"326,230400",-6922,3175,2814,4814,20083,66,58,79,26
34,"326,239800",-6985,3159,2767,2920,27387,-1243,58,79,26
34,"326,250300",-6955,2924,2667,1736,32767,-729,56,85,21
34,"326,259700",-5870,2720,1226,5162,32767,1107,56,85,21
34,"326,270300",-6409,2500,0,16125,32767,3116,58,89,14
34,"326,279800",-6295,2143,-578,30877,32767,3839,58,89,14
34,"326,290300",-6499,2938,-1105,32767,32767,2183,54,98,0
34,"326,299700",-7088,2672,-1476,32767,32767,-3687,54,98,0
34,"326,310300",-5950,1979,-1945,21775,32767,-4133,47,105,-10
34,"326,319700",-6149,2085,-1984,8773,32767,-903,47,105,-10
34,"326,330300",-5234,1961,-4229,-119,32767,2497,49,107,-26
34,"326,339600",-6578,2668,-4638,10540,28655,6701,49,107,-26
34,"326,350200",-6965,3147,-6161,10345,21227,4050,46,109,-35
34,"326,359600",-7238,4166,-7456,11189,17329,1864,46,109,-35
34,"326,370200",-7233,3035,-6816,-914,15049,-1517,45,111,-40
34,"326,379600",-7202,2186,-6226,-2222,2400,-1949,45,111,-40
34,"326,390200",-6877,2014,-6147,2545,-8065,-856,47,111,-43
34,"326,399600",-8238,2028,-4033,9874,-12092,1910,47,111,-43
34,"326,410300",-6545,2495,-3367,14726,-4774,1425,47,110,-39
34,"326,419500",-5790,1968,-3459,6625,2348,-3076,47,110,-39
34,"326,430100",-6114,1996,-4047,-1677,3355,-3301,45,112,-41
34,"326,439500",-6685,1751,-3888,-9017,2621,-900,45,112,-41
34,"326,450100",-6503,1754,-3531,-9818,3947,3965,47,112,-40
34,"326,459500",-5654,2129,-3515,-8594,6783,7119,47,112,-40
34,"326,470100",-6297,3023,-4797,-7045,10817,9454,46,110,-41
34,"326,479500",-5764,3823,-6810,-3738,6946,9880,46,110,-41
34,"326,490100",-6933,3538,-6573,2888,-4893,5144,43,109,-43
34,"326,499400",-8092,3553,-5428,9855,-15332,2352,43,109,-43
34,"326,510000",-7124,3018,-4325,3822,-18106,1267,41,109,-43
34,"326,519400",-6941,2665,-2613,3753,-15777,2814,41,109,-43
34,"326,530000",-6175,2243,-2059,3393,-10956,2121,41,110,-37
34,"326,539400",-6145,2537,-1987,5085,-2484,2198,41,110,-37
34,"326,549900",-4853,2357,-2562,1055,11090,2011,40,108,-36
34,"326,559300",-5219,3264,-4791,-2789,18990,4193,40,108,-36
34,"326,569900",-6515,4539,-7742,-10230,11996,4394,40,109,-38
34,"326,579300",-7420,4435,-7050,-9286,-4844,3557,40,109,-38
34,"326,589900",-7331,3740,-4903,-4070,-14899,1248,39,109,-41
34,"326,599300",-6847,4091,-4251,7434,-17178,-719,39,109,-41
34,"326,609900",-7310,3190,-3159,7535,-17434,-6767,40,108,-35
34,"326,619300",-7728,2161,-234,16161,-14919,-8406,40,108,-35
34,"326,630000",-5659,1814,-1635,17130,-3821,-8942,41,109,-31
34,"326,639200",-4834,1840,-4035,12342,6052,-6696,41,109,-31
34,"326,649800",-5455,2046,-4715,4077,7783,-3524,42,109,-33
34,"326,659200",-6784,1865,-4113,-5461,2969,-262,42,109,-33
34,"326,669700",-7019,2137,-3375,-7568,1700,4553,42,108,-36
34,"326,679100",-7032,2442,-1852,-6372,4108,7608,42,108,-36
34,"326,689800",-6337,2721,-2919,-1826,13066,7556,42,110,-34
34,"326,699100",-6091,3690,-5615,-1602,18424,4923,42,110,-34
34,"326,709700",-5822,4358,-8565,-8030,9771,1835,39,109,-39
34,"326,719100",-6313,5052,-7329,-5506,-4487,-485,39,109,-39
34,"326,729700",-7393,3742,-2982,-3200,-13458,-6354,41,109,-38
34,"326,739100",-7963,2150,242,3374,-10414,-8081,41,109,-38
34,"326,749700",-6754,2017,-2282,3151,8946,-3949,43,110,-36
34,"326,759000",-4892,3123,-7663,3475,19823,547,43,110,-36
34,"326,769600",-5162,4012,-8402,10911,9516,608,42,110,-41
34,"326,779000",-6354,3400,-4628,6368,-6882,-4393,42,110,-41
34,"326,789600",-6990,2412,-3446,7325,-17121,-8531,45,110,-41
34,"326,799000",-7164,1690,-3949,9861,-14737,-9583,45,110,-41
34,"326,809600",-5362,1565,-4178,5218,-5760,-7847,44,109,-38
34,"326,819000",-5405,2057,-5006,-1201,-3509,-5976,44,109,-38
34,"326,829600",-6937,1395,-4010,-9173,-10543,-3389,47,109,-39
34,"326,838900",-8168,740,-2019,-814,-16535,2346,47,109,-39
34,"326,849700",-7924,1738,-2758,7380,-3252,5399,48,109,-34
34,"326,858900",-6423,1765,-4114,-2381,8957,4249,48,109,-34
34,"326,869500",-6330,2688,-5144,-3441,10589,5782,48,110,-34
34,"326,878800",-6968,3112,-4556,-6987,3794,5847,48,110,-34
34,"326,889500",-7420,3038,-3098,-8692,-1442,4481,45,110,-34
34,"326,898800",-6564,2960,-2425,-7767,1856,2885,45,110,-34
34,"326,909400",-6009,2691,-2322,-9382,7780,77,45,109,-34
34,"326,918800",-5857,2367,-2817,-10038,12494,-100,45,109,-34
34,"326,929400",-5461,2086,-3351,-10224,14561,1979,45,111,-35
34,"326,938800",-5098,3109,-6570,-7391,13433,5226,45,111,-35
34,"326,949400",-7038,3685,-7125,-4948,3675,4765,44,109,-39
34,"326,958800",-8102,3059,-3801,886,-5254,3545,44,109,-39
34,"326,969300",-7696,2662,-2795,1040,451,3365,44,111,-39
34,"326,978700",-5989,2926,-4023,-2567,8418,3772,44,111,-39
34,"326,989300",-4720,3611,-5502,-4402,9382,3771,40,108,-41
34,"326,998700",-5323,3665,-5040,-5157,4733,1869,40,108,-41
34,"327,009300",-6060,3932,-4435,-4654,-293,-682,43,110,-43
34,"327,018700",-6897,3631,-3794,-9482,-3767,-4404,43,110,-43
34,"327,029300",-7516,3496,-3018,-4428,-1339,-4800,43,110,-40
34,"327,038600",-6653,2670,-2701,-4036,8000,-4157,43,110,-40
34,"327,049200",-5321,2104,-3970,-3827,13313,-1470,47,108,-40
34,"327,058600",-5388,2616,-5608,-1794,12969,2750,47,108,-40
34,"327,069300",-5711,3007,-7346,453,7076,5050,45,111,-44
34,"327,078600",-5909,3422,-5771,1584,-1177,5443,45,111,-44
34,"327,089200",-5637,3621,-3929,1262,-4876,3797,43,109,-46
34,"327,098600",-5702,4052,-4247,165,-1300,2695,43,109,-46
34,"327,109200",-6027,4216,-4599,-243,-1211,353,43,109,-43
34,"327,118600",-6438,3891,-4017,-1068,-3709,-3659,43,109,-43
34,"327,129100",-6382,3412,-3548,-917,-1901,-5373,41,109,-46
34,"327,138500",-6073,3208,-4360,-58,1570,-5225,41,109,-46
34,"327,149100",-5967,3224,-5445,324,2270,-4423,43,111,-43
34,"327,158500",-6246,3587,-7201,2161,-103,-3552,43,111,-43
34,"327,169100",-7649,3978,-8251,6572,-4205,-2349,43,110,-45
34,"327,178500",-6617,3547,-7482,9240,-7561,-4131,43,110,-45
34,"327,189000",-4989,2022,-3775,11852,-10129,-10510,46,112,-45
34,"327,198400",-5698,753,-2060,2630,-7174,-12301,46,112,-45
34,"327,209000",-6652,1116,-2731,4421,-4744,-2900,47,111,-42
34,"327,218400",-6545,2144,-3408,-235,-2740,2604,47,111,-42
34,"327,229000",-7529,2873,-3220,-8242,-2168,5473,48,112,-43
34,"327,238400",-5914,3454,-4245,-10671,-1099,6576,48,112,-43
34,"327,249000",-5756,3411,-4044,-6294,-5427,3811,46,109,-39
34,"327,258300",-5858,3378,-3876,-6854,-7977,1049,46,109,-39
34,"327,268900",-5523,2773,-4104,-8620,-11135,-232,45,109,-41
34,"327,278300",-6173,2615,-4052,-6605,-15788,628,45,109,-41
34,"327,289100",-6786,2396,-3490,-3257,-19082,2514,46,110,-34
34,"327,298300",-7440,2603,-2382,55,-16834,4991,46,110,-34
34,"327,308800",-7248,2738,-2344,2324,-11371,6601,46,110,-28
34,"327,318200",-7592,3747,-3494,15531,-4213,9147,46,110,-28
34,"327,328900",-9218,5828,-4513,32767,3204,8234,42,109,-27
34,"327,338200",-9455,6438,-4894,32767,9016,-4558,42,109,-27
34,"327,348800",-6578,2484,-3958,32767,12263,-18410,40,106,-36
34,"327,358200",-5391,-432,-3149,32767,10975,-17827,40,106,-36
34,"327,368900",-5480,-400,-2166,32767,10495,-6435,42,108,-42
34,"327,378200",-4843,-604,-1602,32767,16710,838,42,108,-42
34,"327,388800",-3666,-1347,-2448,32767,22723,3107,42,110,-52
34,"327,398100",-3961,-1573,-5524,29972,23472,10935,42,110,-52
34,"327,408700",-5113,-843,-8269,26268,23022,16415,40,108,-63
34,"327,418100",-6688,380,-7862,19076,17853,16131,40,108,-63
34,"327,428700",-6733,461,-6491,9022,8386,13633,37,107,-69
34,"327,438000",-5939,717,-6697,10501,4760,14304,37,107,-69
34,"327,448700",-5514,882,-6348,15173,3833,15203,37,104,-70
34,"327,458000",-5544,1843,-5806,22773,3658,13155,37,104,-70
34,"327,468600",-5553,1887,-5182,18335,5421,4273,33,101,-76
34,"327,478000",-4629,781,-5378,4834,3235,-413,33,101,-76
34,"327,488600",-5444,-724,-6106,-7059,-362,2442,34,101,-79
34,"327,498000",-5640,217,-6493,-4432,-3104,8334,34,101,-79
34,"327,508700",-5887,882,-7803,649,-8057,7642,32,100,-77
34,"327,518000",-6889,625,-5961,3309,-10157,3233,32,100,-77
34,"327,528500",-6468,113,-4803,877,-11827,3798,29,101,-75
34,"327,537900",-5452,401,-4634,10,-7503,6541,29,101,-75
34,"327,548500",-5299,838,-5351,3725,-734,6057,31,101,-72
34,"327,557900",-5401,1136,-5788,-3100,-982,2908,31,101,-72
34,"327,568500",-5748,1026,-5905,-10837,-4691,2025,28,100,-72
34,"327,577900",-6078,857,-5972,-9107,-6998,2080,28,100,-72
34,"327,588500",-6428,400,-5537,-3509,-5389,1586,29,101,-71
34,"327,597900",-6483,391,-6181,3992,-5442,2510,29,101,-71
34,"327,608400",-6573,134,-7256,14759,-5917,4851,28,99,-68
34,"327,617800",-8009,393,-7357,32767,-7980,7917,28,99,-68
34,"327,628400",-6277,-393,-5274,32767,-10842,6088,27,99,-71
34,"327,637800",-6579,-1346,-3331,32767,-10557,4428,27,99,-71
34,"327,648400",-5023,-2708,-2472,32767,-3517,7857,29,102,-77
34,"327,657800",-6031,-1820,-2849,32767,4650,14919,29,102,-77
34,"327,668400",-5586,-2530,-3143,32767,14504,17695,32,99,-82
34,"327,677800",-4898,-643,-4044,32767,20912,16943,32,99,-82
34,"327,688300",-4048,-2201,-5587,17789,16574,12071,31,96,-92
34,"327,697700",-5859,-1790,-8003,-2821,12159,14580,31,96,-92
34,"327,708300",-6739,-1445,-7746,-7030,7945,16510,30,91,-96
34,"327,717700",-6722,-900,-5097,2619,4143,19070,30,91,-96
34,"327,728400",-6059,683,-4207,16866,11767,20195,27,92,-97
34,"327,737600",-5629,1940,-3971,19757,21473,13825,27,92,-97
34,"327,748200",-3206,1299,-6234,-10236,30021,-1436,27,86,-102
34,"327,757600",-2933,-26,-7628,-32768,22318,-6195,27,86,-102
34,"327,768200",-3719,-1006,-7976,-32768,7952,3026,26,81,-104
34,"327,777600",-5400,70,-9364,-24068,-9639,14993,26,81,-104
34,"327,788200",-8701,1637,-8223,-8359,-18596,9993,16,80,-98
34,"327,797600",-6896,694,-5787,-8321,-10204,3822,16,80,-98
34,"327,808200",-5918,766,-2813,-6373,-7268,6855,15,83,-94
34,"327,817500",-5455,1668,-3681,1500,-2865,9412,15,83,-94
34,"327,828100",-4634,1305,-5559,6341,1936,6484,14,82,-93
34,"327,837500",-5537,1523,-6797,2986,-1719,2151,14,82,-93
34,"327,848100",-6137,1189,-6322,-2489,-8871,-1128,14,79,-94
34,"327,857500",-5500,505,-6416,924,-8819,-1168,14,79,-94
34,"327,868000",-6552,295,-5844,939,-5100,-1355,14,81,-93
34,"327,877400",-6034,-44,-5690,3330,-2884,93,14,81,-93
34,"327,888000",-5115,-323,-6317,1566,-2620,1376,13,80,-94
34,"327,897400",-5686,419,-5004,4441,-2319,4025,13,80,-94
34,"327,908000",-6020,486,-5955,4271,-5350,4431,14,80,-93
34,"327,917400",-6419,848,-4655,7315,-5394,5772,14,80,-93
34,"327,928000",-6115,922,-4161,8493,-2917,5559,13,80,-91
34,"327,937300",-5907,778,-4546,3778,-1318,5340,13,80,-91
34,"327,948100",-6343,1207,-5930,2428,2295,4568,15,80,-94
34,"327,957300",-6205,656,-6834,474,1484,739,15,80,-94
34,"327,967900",-5436,-405,-7627,4791,-4340,921,11,79,-93
34,"327,977300",-6596,-172,-7594,13851,-15804,4817,11,79,-93
34,"327,987800",-6657,260,-6131,17286,-23528,5296,12,79,-92
34,"327,997200",-6941,837,-4004,18625,-28534,3297,12,79,-92
34,"328,007900",-6956,61,-1257,14568,-23190,-725,15,81,-92
34,"328,017300",-5879,-1060,-2164,12950,-4161,-1396,15,81,-92
34,"328,027900",-5506,-335,-4710,20012,5429,4409,17,83,-91
34,"328,037200",-5641,-201,-5754,23832,3011,7923,17,83,-91
34,"328,047800",-6225,337,-5095,23098,-4555,8430,18,83,-95
34,"328,057200",-6549,185,-4644,21226,-10845,4570,18,83,-95
34,"328,067800",-7240,391,-3686,15444,-14237,-2285,20,83,-97
34,"328,077200",-8565,-986,-3294,10471,-7706,-6761,20,83,-97
34,"328,087700",-8465,-1558,-2157,6766,5336,-4060,21,82,-97
34,"328,097100",-6829,-1402,-2436,2018,22209,245,21,82,-97
34,"328,107700",-6400,-1437,-5312,-1262,30287,2488,23,83,-99
34,"328,117100",-5403,-911,-8023,740,24586,2962,23,83,-99
34,"328,127700",-6615,-686,-8133,3138,9646,2366,23,78,-106
34,"328,137100",-6048,-60,-5863,5038,-8005,663,23,78,-106
34,"328,147600",-5875,-616,-4310,3549,-14566,-2309,23,77,-104
34,"328,157100",-5373,-1168,-4198,10766,-12368,-1913,23,77,-104
34,"328,167800",-5529,-1214,-5186,21566,-7785,-1402,25,77,-102
34,"328,177100",-7218,-1518,-3723,21397,-3095,-2578,25,77,-102
34,"328,187600",-5924,-1670,-4549,5083,7522,-831,27,77,-106
34,"328,197000",-5583,-1122,-5803,-4002,15727,4776,27,77,-106
34,"328,207600",-5073,-1468,-6946,-5757,11192,5875,28,78,-106
34,"328,216900",-4970,-1536,-6890,266,5649,7721,28,78,-106
34,"328,227500",-5473,-1073,-6717,4736,52,9076,28,75,-106
34,"328,237000",-6758,-438,-5303,5052,-6369,9646,28,75,-106
34,"328,247500",-6012,-1160,-6125,-8025,-9958,7454,24,73,-108
34,"328,256900",-6377,-1220,-6194,-12383,-12227,8909,24,73,-108
34,"328,267500",-6919,-674,-4374,-12429,-14809,13690,21,73,-106
34,"328,276900",-6442,131,-4241,-11964,-11044,15568,21,73,-106
34,"328,287500",-6123,1682,-3964,-9226,-5650,15484,20,76,-101
34,"328,296900",-6115,1719,-3480,-8658,-2492,11902,20,76,-101
34,"328,307500",-5747,1714,-5189,-4492,-1233,7802,16,71,-98
34,"328,316800",-6766,599,-5561,-2203,-2715,4408,16,71,-98
34,"328,327400",-6978,829,-5274,5391,-6083,4496,14,73,-98
34,"328,336800",-6958,428,-5673,4936,-7982,2876,14,73,-98
34,"328,347400",-7142,1001,-5865,221,-11412,5680,16,74,-97
34,"328,356700",-7671,2138,-3728,-2161,-14834,3989,16,74,-97
34,"328,367400",-7302,781,-2425,-10502,-10287,-2993,13,71,-97
34,"328,376800",-6011,30,-2086,-8244,-157,-2461,13,71,-97
34,"328,387500",-5771,311,-3489,-238,8250,-479,12,73,-91
34,"328,396700",-6434,545,-5146,4775,10868,349,12,73,-91
34,"328,407200",-6061,882,-5963,3388,4688,-1328,13,74,-94
34,"328,416700",-7046,-121,-7184,2247,-4476,-3830,13,74,-94
34,"328,427300",-7520,-163,-6538,457,-16592,-2669,14,73,-95
34,"328,436600",-8088,799,-5756,1950,-30093,-560,14,73,-95
34,"328,447200",-7592,926,-4644,2220,-32768,-2867,15,76,-92
34,"328,456600",-8186,-75,-2312,955,-32768,-5137,15,76,-92
34,"328,467200",-7772,235,-1589,1694,-32768,-3054,15,80,-86
34,"328,476500",-8136,326,-2708,734,-32768,-3230,15,80,-86
34,"328,487200",-8263,-636,-122,-1031,-32768,-1401,16,82,-79
34,"328,496600",-8535,-180,2002,-3393,-17150,1377,16,82,-79
34,"328,507100",-6750,527,983,-2514,1179,2329,17,85,-73
34,"328,516500",-6927,1326,-885,-806,11685,665,17,85,-73
34,"328,527100",-6866,941,-2619,2635,15050,-5095,16,85,-75
34,"328,536500",-7666,281,-2635,8574,11101,-6152,16,85,-75
34,"328,547100",-7542,-213,-1324,6863,6914,-7360,15,87,-79
34,"328,556500",-6463,-641,-3124,5213,3657,-8064,15,87,-79
34,"328,567000",-7316,-198,-3774,8832,168,-5679,21,88,-80
34,"328,576400",-7929,-265,-2223,4367,-3494,-4978,21,88,-80
34,"328,587000",-7605,75,-1736,3934,-2440,-3548,22,87,-81
34,"328,596400",-7301,-321,-3348,2153,-282,-3996,22,87,-81
34,"328,607200",-7228,-851,-3810,4151,-1636,-3607,21,87,-79
34,"328,616400",-7516,-900,-3547,5417,-8319,-2131,21,87,-79
34,"328,627000",-8472,-630,-2006,2699,-11597,-35,22,88,-80
34,"328,636400",-8644,-409,-722,613,-13040,845,22,88,-80
34,"328,646900",-8470,-906,435,-13,-4261,1286,22,88,-79
34,"328,656300",-7060,-652,-239,1989,8718,3700,22,88,-79
34,"328,666900",-6943,-382,-986,5359,16055,5139,23,89,-80
34,"328,676300",-7230,-82,-1515,9194,18720,4052,23,89,-80
34,"328,686900",-7997,-379,-1336,15630,20792,2182,23,87,-84
34,"328,696300",-7349,-601,-1650,26756,23388,1220,23,87,-84
34,"328,706900",-6981,-725,-1904,32767,29358,-420,23,85,-91
34,"328,716300",-7119,-2087,-2748,32767,32068,-3151,23,85,-91
34,"328,726800",-6965,-2751,-3032,32767,32767,-2415,30,84,-100
34,"328,736300",-7157,-4197,-3418,32767,32767,-6,30,84,-100
34,"328,746800",-6892,-3981,-3707,32767,31399,5180,40,77,-114
34,"328,756200",-6150,-3492,-4275,32767,30220,12799,40,77,-114
34,"328,766800",-7007,-2250,-4118,32767,29043,15625,49,72,-125
34,"328,776200",-5508,-1908,-3235,22453,27745,13142,49,72,-125
34,"328,786800",-4664,-1332,-5671,8690,24769,10703,54,66,-129
34,"328,796100",-6497,-2679,-6591,-8666,16787,7832,54,66,-129
34,"328,806800",-6739,-3026,-6295,-1590,9649,15318,53,61,-134
34,"328,816100",-7045,-2138,-5054,15515,8115,22509,53,61,-134
34,"328,826800",-7028,-139,-4839,26152,9175,20527,49,56,-135
34,"328,836100",-6208,-133,-5332,22753,5380,12098,49,56,-135
34,"328,846700",-6237,-746,-5887,16519,-1616,7057,53,57,-139
34,"328,856000",-6348,-594,-5030,14447,-3567,4866,53,57,-139
34,"328,866700",-5992,-466,-4661,12025,-3891,2819,57,55,-139
34,"328,876000",-6289,-1845,-4520,7903,-1168,-1268,57,55,-139
34,"328,886600",-7341,-2592,-4880,3960,5900,1101,58,57,-140
34,"328,896000",-6929,-2652,-5593,709,10314,6561,58,57,-140
34,"328,906600",-5548,-1881,-6733,3834,6228,11724,59,56,-140
34,"328,916000",-6874,-1293,-6316,6487,-2802,13091,59,56,-140
34,"328,926600",-6483,-873,-4481,5452,-11819,12572,61,54,-142
34,"328,935900",-6969,-621,-3062,11396,-12793,10898,61,54,-142
34,"328,946500",-6572,-467,-2688,17910,-6264,6967,60,60,-137
34,"328,955900",-6403,-836,-2727,18599,3925,1876,60,60,-137
34,"328,966500",-5906,-2269,-3845,13020,12262,-1348,64,58,-141
34,"328,975900",-6299,-2817,-5023,3268,20564,-191,64,58,-141
34,"328,986500",-5508,-2914,-6603,-428,22234,5227,68,57,-142
34,"328,995800",-5946,-2579,-8426,1597,13043,10054,68,57,-142
34,"329,006400",-6823,-1689,-7768,5875,-4249,13066,67,53,-144
34,"329,015800",-7727,-981,-4378,10251,-20908,12808,67,53,-144
34,"329,026400",-7470,-932,-485,7541,-22262,11286,66,53,-144
34,"329,035800",-5374,-954,-485,7428,-5949,13043,66,53,-144
34,"329,046500",-4369,-50,-5693,25790,8198,13854,69,58,-142
34,"329,055800",-7068,-580,-7861,32767,7791,3985,69,58,-142
34,"329,066300",-8070,-1268,-5348,30725,-2185,-2717,72,57,-143
34,"329,075700",-8112,-2280,-2400,11632,-5334,-3690,72,57,-143
34,"329,086300",-6642,-3026,-3101,7637,6490,-2865,79,60,-145
34,"329,095700",-5090,-2570,-4974,15512,14763,1292,79,60,-145
34,"329,106300",-5227,-2271,-5766,19466,13913,3431,82,56,-145
34,"329,115700",-5974,-2095,-5049,26741,2121,3819,82,56,-145
34,"329,126300",-7240,-1907,-4654,23217,-5578,193,89,53,-144
34,"329,135600",-7050,-2102,-4526,9086,-3872,-1511,89,53,-144
34,"329,146200",-7432,-1885,-2383,239,-5476,1536,91,54,-144
34,"329,155600",-6408,-2113,-1711,-1799,3446,2831,91,54,-144
34,"329,166200",-5114,-2230,-3877,1649,20768,2195,92,57,-144
34,"329,175600",-5250,-2750,-6700,-1377,28371,4367,92,57,-144
34,"329,186100",-5039,-2626,-8136,2126,19174,5273,91,49,-144
34,"329,195600",-5273,-2265,-6978,759,8641,4235,91,49,-144
34,"329,206100",-5861,-1460,-5534,902,-46,5257,94,47,-149
34,"329,215600",-5746,-1802,-6006,-8290,-8205,3958,94,47,-149
34,"329,226100",-6050,-2204,-6345,-13469,-7918,5666,93,49,-149
34,"329,235500",-7087,-1681,-6552,-13275,-11086,8088,93,49,-149
34,"329,246100",-7579,-922,-4302,-10815,-19719,7915,89,50,-149
34,"329,255500",-7103,-470,-2224,-9713,-21697,5392,89,50,-149
34,"329,266200",-6587,44,-1617,-6614,-11292,5450,84,56,-145
34,"329,275500",-5810,559,-2629,-1668,4843,1345,84,56,-145
34,"329,286000",-4873,207,-4933,-1414,12547,-5698,86,57,-144
34,"329,295400",-4704,-1339,-7341,-5976,10730,-9544,86,57,-144
34,"329,306000",-6183,-2439,-7885,-4446,-104,-4754,85,55,-147
34,"329,315400",-7236,-2284,-6394,5269,-15102,-161,85,55,-147
34,"329,326000",-7573,-2279,-4434,9399,-24854,-1184,84,55,-144
34,"329,335400",-7440,-1773,-2550,8817,-24741,-2569,84,55,-144
34,"329,346000",-7356,-1725,-1472,4866,-16048,-2925,85,59,-143
34,"329,355300",-6418,-1460,-2235,5025,-7020,-1774,85,59,-143
34,"329,366000",-6375,-1588,-2862,6759,-886,-3210,86,62,-140
34,"329,375300",-5907,-2029,-3908,8628,3433,-4548,86,62,-140
34,"329,385900",-6975,-2291,-4716,6826,3073,-4840,89,64,-139
34,"329,395300",-7432,-2629,-4719,2968,474,-3889,89,64,-139
34,"329,405900",-7078,-2426,-4572,980,-3540,-2296,91,62,-141
34,"329,415300",-7541,-2344,-3643,-538,-5815,-1150,91,62,-141
34,"329,425800",-7573,-2165,-2683,157,-3797,-230,90,64,-140
34,"329,435200",-6644,-2265,-2581,86,-291,-124,90,64,-140
34,"329,445800",-6315,-1768,-3140,2492,2561,436,91,64,-138
34,"329,455200",-6247,-1592,-3862,3108,6037,-871,91,64,-138
34,"329,465700",-6742,-2000,-4545,261,5196,-2783,92,64,-141
34,"329,475200",-7237,-2479,-4413,-517,275,-3286,92,64,-141
34,"329,485900",-7194,-2682,-3982,-401,-2274,-2548,93,62,-140
34,"329,495100",-7122,-2510,-3400,119,-2293,-1523,93,62,-140
34,"329,505700",-6959,-2161,-3027,1316,-712,-620,93,60,-139
34,"329,515100",-6607,-2274,-3140,1721,1436,-988,93,60,-139
34,"329,525700",-6488,-2458,-3443,462,2525,-1292,93,61,-142
34,"329,535100",-6588,-2715,-3571,-1213,3471,-869,93,61,-142
34,"329,545700",-6519,-2824,-3893,-2093,3789,315,92,60,-139
34,"329,555000",-6995,-2844,-4041,-3139,2212,1672,92,60,-139
34,"329,565700",-7187,-2832,-4274,-2357,-533,3304,93,60,-140
34,"329,575000",-6985,-2552,-4560,-492,-3841,4704,93,60,-140
34,"329,585600",-7042,-1929,-3775,13,-5920,5449,91,60,-140
34,"329,595000",-6675,-1243,-2832,-1599,-4932,4165,91,60,-140
34,"329,605600",-6456,-1014,-2406,-1982,-1892,1248,90,60,-141
34,"329,615000",-6435,-1592,-2621,-1561,1569,-1976,90,60,-141
34,"329,625600",-6689,-2216,-3499,-996,3228,-2586,91,61,-141
34,"329,634900",-6887,-2542,-4437,-2451,4323,-990,91,61,-141
34,"329,645500",-7216,-2565,-4492,-5228,4488,1297,90,62,-141
34,"329,654900",-7165,-2209,-4141,-5006,2818,2784,90,62,-141
34,"329,665500",-6902,-2102,-4084,-4326,1765,2272,89,63,-142
34,"329,674900",-6742,-2156,-4021,-2839,1506,1847,89,63,-142
34,"329,685400",-6512,-1903,-4056,-1967,874,2384,88,60,-143
34,"329,694800",-6670,-1707,-3982,-2974,1012,2130,88,60,-143
34,"329,705600",-6712,-1851,-4219,-3786,1588,1305,87,59,-141
34,"329,714800",-6861,-1894,-4487,-1970,1074,932,87,59,-141
34,"329,725400",-7002,-1889,-4630,-1073,45,894,88,60,-141
34,"329,734800",-6891,-1753,-4763,-1046,-950,1190,88,60,-141
34,"329,745400",-7009,-1862,-4576,-2830,-3314,1098,86,61,-141
34,"329,754800",-7026,-1755,-4174,-3918,-5714,2216,86,61,-141
34,"329,765400",-6818,-1605,-4141,-4380,-6409,2924,86,62,-142
34,"329,774700",-6555,-1500,-4109,-4864,-6838,2900,86,62,-142
34,"329,785400",-6840,-1116,-3295,-4128,-6945,2365,83,62,-142
34,"329,794700",-7006,-1023,-2951,-2103,-5190,742,83,62,-142
34,"329,805300",-6881,-1369,-3019,-1973,-2265,-1150,84,62,-141
34,"329,814700",-6921,-1615,-3302,-2383,630,-1631,84,62,-141
34,"329,825300",-6931,-1929,-3721,-1292,2891,-1593,82,63,-139
34,"329,834600",-6995,-1884,-4012,889,3301,-767,82,63,-139
34,"329,845200",-7086,-1843,-4053,534,2596,90,84,61,-140
34,"329,854600",-7070,-1866,-4125,-515,1689,907,84,61,-140
34,"329,865200",-7071,-1837,-4039,-1647,212,1497,81,62,-141
34,"329,874600",-7007,-1641,-3767,-1391,-715,1892,81,62,-141
34,"329,885200",-6868,-1536,-3560,-582,-779,1734,82,64,-140
34,"329,894500",-6894,-1290,-3583,-186,285,1635,82,64,-140
34,"329,905100",-6724,-1253,-3834,-936,1497,722,81,63,-140
34,"329,914600",-6708,-1600,-4561,-2469,1319,-385,81,63,-140
34,"329,925300",-7049,-2278,-4855,-8472,-1588,50,81,63,-141
34,"329,934500",-7511,-2508,-4991,-13128,-8216,4570,81,63,-141
34,"329,945100",-7339,-1766,-4800,-11618,-14305,9930,78,64,-140
34,"329,954500",-7122,-642,-3893,-8940,-17269,11800,78,64,-140
34,"329,965000",-7131,320,-2314,-7306,-17333,9608,74,68,-139
34,"329,974400",-7467,363,-1705,-5754,-13232,4214,74,68,-139
34,"329,985100",-7207,-344,-1977,-3654,-6399,-873,74,73,-137
34,"329,994400",-7272,-768,-2622,-2763,-1464,-2862,74,73,-137
34,"330,005100",-6970,-1035,-3444,-1719,1711,-2407,72,72,-134
34,"330,014400",-7233,-1135,-3671,-1019,2341,-1369,72,72,-134
34,"330,025000",-7493,-1389,-3527,-849,1216,-190,74,71,-135
34,"330,034300",-7615,-1302,-3304,-122,159,1507,74,71,-135
34,"330,044900",-7439,-789,-3542,656,-877,2649,73,72,-136
34,"330,054300",-7270,-563,-3547,599,-2434,2159,73,72,-136
34,"330,064900",-7510,-701,-3314,94,-3366,1023,73,73,-138
34,"330,074300",-7218,-797,-3569,429,-3753,541,73,73,-138
34,"330,084900",-7346,-749,-3528,464,-5105,643,71,72,-136
34,"330,094300",-7588,-621,-2705,-26,-6345,258,71,72,-136
34,"330,104900",-7690,-705,-2174,-765,-4754,-764,72,73,-135
34,"330,114300",-7308,-778,-2303,-909,-547,-1453,72,73,-135
34,"330,124800",-7272,-1053,-2738,-1510,3028,-1552,72,74,-135
34,"330,134200",-6866,-1134,-3585,-512,4359,-888,72,74,-135
34,"330,144900",-7470,-1261,-3549,-63,3168,0,70,74,-133
34,"330,154200",-7823,-1225,-3295,-178,1698,1206,70,74,-133
34,"330,164700",-7597,-957,-3182,7,1866,2027,72,74,-135
34,"330,174100",-7277,-710,-3406,177,1617,1800,72,74,-135
34,"330,184700",-7356,-793,-3232,646,1256,1138,70,73,-135
34,"330,194100",-7515,-822,-3070,1393,909,830,70,73,-135
34,"330,204700",-7436,-940,-3067,1769,1562,628,71,71,-134
34,"330,214100",-7178,-778,-3118,1092,1952,1108,71,71,-134
34,"330,224700",-7641,-726,-2648,1180,2113,1563,72,72,-138
34,"330,234100",-7797,-902,-2615,3070,2777,1478,72,72,-138
34,"330,244600",-7862,-898,-3393,3573,1335,822,70,70,-135
34,"330,254000",-8369,-679,-3038,-2742,-1303,270,70,70,-135
34,"330,264600",-8447,-1170,-2022,-13427,-4102,1006,71,71,-136
34,"330,274000",-7777,-1603,-1786,-22182,-2918,4448,71,71,-136
34,"330,284600",-6944,-1281,-3001,-19334,23,10086,69,72,-135
34,"330,294000",-7480,275,-3962,-11765,-2114,13627,69,72,-135
34,"330,304600",-7766,1055,-3589,-7206,-3766,10833,63,71,-133
34,"330,314000",-8451,1873,-2251,-5477,-6073,6162,63,71,-133
34,"330,324600",-8378,1237,-1546,-5910,-3590,-333,60,74,-134
34,"330,333900",-7733,377,-1717,-2927,2656,-3601,60,74,-134
34,"330,344500",-6984,114,-2562,1525,5905,-5178,59,74,-131
34,"330,353900",-6267,-211,-3423,5483,3816,-6218,59,74,-131
34,"330,364600",-6476,-557,-2704,3303,-986,-5686,61,72,-135
34,"330,373900",-6169,-1459,-2288,-2484,-1904,-4197,61,72,-135
34,"330,384500",-6310,-1435,-2178,-3847,-956,1131,62,73,-134
34,"330,393900",-7831,-1058,-2811,-614,4577,5397,62,73,-134
34,"330,404400",-8661,-815,-2091,5655,12585,7333,58,73,-135
34,"330,413800",-8402,-146,-1619,4949,22326,9506,58,73,-135
34,"330,424400",-6982,-133,-3297,2772,31914,9717,63,72,-136
34,"330,433800",-6498,467,-6343,821,32767,7639,63,72,-136
34,"330,444400",-6090,1055,-9014,-567,23757,4670,60,62,-142
34,"330,453800",-5976,2027,-8746,-1730,991,2106,60,62,-142
34,"330,464400",-7033,1076,-6054,-4492,-21962,-1230,58,58,-142
34,"330,473700",-7868,-163,-2587,-953,-28672,-2107,58,58,-142
34,"330,484300",-7125,-175,-2741,4718,-19626,2459,59,65,-140
34,"330,493700",-8380,-380,-2707,13920,-6318,6146,59,65,-140
34,"330,504300",-7276,-592,-1575,14409,5607,4605,62,67,-137
34,"330,513600",-6133,33,-2391,11872,14931,2710,62,67,-137
34,"330,524200",-6305,606,-4801,13857,23322,353,62,67,-139
34,"330,533600",-4952,27,-7569,13446,23503,-2918,62,67,-139
34,"330,544300",-6491,-261,-8377,12539,9574,-4492,66,61,-143
34,"330,553600",-7374,-161,-6854,13275,-7098,-5563,66,61,-143
34,"330,564200",-7067,-146,-5131,12359,-18216,-6629,70,60,-145
34,"330,573600",-7258,-1129,-2571,12802,-19820,-4653,70,60,-145
34,"330,584300",-7076,-910,-1221,16516,-16558,-2707,75,65,-140
34,"330,593600",-6915,-1868,-1664,17605,-4531,-3724,75,65,-140
34,"330,604100",-6670,-1082,-1764,16548,8483,-2130,77,67,-140
34,"330,613500",-6456,-782,-2532,11711,18990,-1891,77,67,-140
34,"330,624100",-5306,-1683,-4044,5468,29817,-2710,81,66,-140
34,"330,633500",-5101,-1683,-8187,-56,27559,-307,81,66,-140
34,"330,644100",-6670,-1448,-8533,-1331,14532,3395,80,60,-144
34,"330,653500",-7686,-735,-7339,-160,817,5274,80,60,-144
34,"330,664100",-6996,-748,-5347,-1607,-8924,3948,83,57,-144
34,"330,673500",-6381,-605,-4276,-2183,-8990,2713,83,57,-144
34,"330,684100",-6209,-701,-4193,-100,-9744,1964,82,59,-146
34,"330,693400",-6928,-542,-3107,3811,-11203,1480,82,59,-146
34,"330,704000",-6730,-1017,-2751,3575,-1788,-243,83,60,-145
34,"330,713400",-6724,-858,-2822,9863,5407,-503,83,60,-145
34,"330,724000",-5826,-229,-4005,11392,11485,-1803,83,60,-144
34,"330,733300",-6114,-1102,-5464,5198,12963,-4605,83,60,-144
34,"330,743900",-6358,-1051,-6268,1690,8285,-5717,87,58,-145
34,"330,753300",-6505,-946,-7470,-3412,614,-4526,87,58,-145
34,"330,764000",-7456,-1292,-5178,-4162,-6943,-3409,86,58,-147
34,"330,773300",-7079,-1272,-3422,266,-7184,-2275,86,58,-147
34,"330,783900",-6725,-1117,-2527,4425,1447,-2476,84,59,-145
34,"330,793300",-5746,-791,-3640,7888,12346,-3844,84,59,-145
34,"330,804000",-6027,-1295,-4991,4837,14755,-6226,90,56,-147
34,"330,813200",-6127,-1312,-5943,3194,11111,-7395,90,56,-147
34,"330,823800",-6797,-2664,-5908,909,4205,-8161,89,53,-146
34,"330,833200",-6645,-2055,-3918,2819,2710,-3909,89,53,-146
34,"330,843800",-6109,-1881,-4231,434,5169,-611,92,54,-147
34,"330,853200",-5405,-1570,-5960,-659,2389,1047,92,54,-147
34,"330,863800",-6648,-1409,-6307,-3998,-1346,708,90,52,-147
34,"330,873200",-6813,-1147,-5241,-4072,-6046,635,90,52,-147
34,"330,883800",-6598,-1238,-4239,-2302,-6330,-436,88,51,-147
34,"330,893100",-6399,-1663,-3935,3082,-900,-1072,88,51,-147
34,"330,903700",-6336,-1552,-4018,8124,4043,-341,89,53,-145
34,"330,913100",-5801,-1383,-4887,7332,5750,-576,89,53,-145
34,"330,923700",-5780,-1531,-5211,4783,4106,-1892,90,51,-145
34,"330,933100",-5834,-1452,-5017,3564,3740,-2516,90,51,-145
34,"330,943700",-6245,-2050,-5239,-244,2256,-3797,91,51,-146
34,"330,953100",-6669,-2156,-5210,608,-951,-2710,91,51,-146
34,"330,963600",-6002,-1890,-5380,711,-2691,-1228,95,48,-148
34,"330,973000",-6262,-1631,-5598,-352,-3758,-375,95,48,-148
34,"330,983600",-6532,-1659,-5300,-876,-8046,-1465,95,51,-145
34,"330,993000",-6057,-1538,-4517,-1534,-8177,-3211,95,51,-145
34,"331,003600",-6314,-1830,-4774,-6066,-5617,-5241,93,53,-144
34,"331,013000",-6272,-2059,-5229,-9772,-4928,-4743,93,53,-144
34,"331,023700",-6292,-2663,-5810,-13030,-6685,-3390,93,52,-146
34,"331,033000",-6551,-2111,-4949,-11124,-9739,491,93,52,-146
34,"331,043600",-6465,-1234,-4622,-12941,-10464,506,89,54,-146
34,"331,052900",-6243,-1428,-4562,-18976,-8039,-1854,89,54,-146
34,"331,063500",-6312,-1616,-5037,-21793,-8294,-2496,86,56,-145
34,"331,072900",-6546,-1489,-5150,-23346,-10480,-1732,86,56,-145
34,"331,083500",-6448,-999,-4982,-26781,-11177,-2668,78,60,-144
34,"331,092800",-6642,-250,-4688,-31863,-12090,-5452,78,60,-144
34,"331,103500",-6798,-842,-4608,-32768,-12353,-8985,75,62,-142
34,"331,112800",-6749,-841,-4316,-32768,-13012,-8672,75,62,-142
34,"331,123400",-7006,-132,-2813,-26943,-10703,-8969,66,63,-142
34,"331,132800",-6809,61,-3082,-30064,-1139,-10913,66,63,-142
34,"331,143300",-5998,434,-5414,-32768,4186,-10800,61,65,-138
34,"331,152700",-6558,138,-6095,-32768,641,-10632,61,65,-138
34,"331,163300",-7281,1205,-4981,-32768,-6886,-10956,50,65,-136
34,"331,172700",-7496,933,-3937,-32768,-8949,-12344,50,65,-136
34,"331,183300",-6828,1222,-3709,-32768,-6149,-10581,38,67,-130
34,"331,192700",-7153,1229,-3936,-32768,-3045,-10500,38,67,-130
34,"331,203300",-6746,2030,-4577,-32768,-1470,-11675,30,68,-122
34,"331,212600",-6749,1369,-4413,-32768,-2912,-14314,30,68,-122
34,"331,223200",-6919,1338,-3870,-32768,-2903,-12386,23,70,-113
34,"331,232600",-7264,1006,-2846,-31333,-3230,-9455,23,70,-113
34,"331,243400",-6741,626,-2839,-19540,3788,-6059,18,73,-108
34,"331,252600",-6515,1700,-4173,-5068,11391,-6628,18,73,-108
34,"331,263200",-6084,1848,-4607,-8149,12029,-12087,18,71,-109
34,"331,272600",-6424,527,-4394,-16726,7348,-15214,18,71,-109
34,"331,283200",-6956,-360,-4515,-22571,2206,-11848,19,69,-108
34,"331,292600",-7478,-194,-3765,-26660,-4995,-6277,19,69,-108
34,"331,303100",-6801,1270,-4180,-22086,-7898,-2739,17,70,-101
34,"331,312500",-7959,1809,-3358,-28122,-7246,-4761,17,70,-101
34,"331,323100",-6247,2803,-4233,-32768,-4164,-7986,13,72,-94
34,"331,332400",-6938,1927,-5106,-32768,-7292,-11720,13,72,-94
34,"331,343000",-6936,1356,-4011,-29412,-14755,-12856,9,72,-89
34,"331,352500",-7185,1165,-3558,-15810,-18986,-13157,9,72,-89
34,"331,363000",-7088,835,-2248,-5410,-15178,-15664,11,76,-83
34,"331,372400",-6620,431,-1421,-5768,-8397,-18394,11,76,-83
34,"331,383000",-7448,327,-1408,-7766,-2935,-19799,11,80,-79
34,"331,392400",-8070,-472,-2026,-8377,798,-20418,11,80,-79
34,"331,403000",-7694,-1568,-2299,-8068,2583,-15596,15,80,-75
34,"331,412400",-7560,-1133,-1752,-5887,6693,-10014,15,80,-75
34,"331,423000",-6852,-1073,-1954,-8085,13892,-3735,17,84,-74
34,"331,432300",-6619,-463,-1977,-11389,20097,2119,17,84,-74
34,"331,442900",-5708,-511,-2468,-12787,26163,4314,16,82,-78
34,"331,452300",-5383,361,-4088,-5411,30863,6837,16,82,-78
34,"331,463100",-5763,1023,-6355,-1839,31178,6831,14,78,-80
34,"331,472300",-6304,2453,-8094,1020,21753,3013,14,78,-80
34,"331,482900",-7352,2492,-8597,-5484,6873,-3416,15,76,-83
34,"331,492300",-9019,2245,-8954,-14257,-5678,-4968,15,76,-83
34,"331,502800",-8881,2034,-4929,-11984,-14444,-2801,13,75,-83
34,"331,512300",-8793,1269,-2302,-15180,-21328,-6242,13,75,-83
34,"331,522800",-8265,970,-1443,-15659,-20106,-8822,13,75,-75
34,"331,532200",-7415,693,-1090,-15729,-11590,-10128,13,75,-75
34,"331,542800",-6235,708,-1176,-12184,-553,-7331,13,78,-70
34,"331,552200",-5864,454,-2441,-6236,4476,-5280,13,78,-70
34,"331,562800",-6426,889,-2789,-689,6972,-4649,13,80,-71
34,"331,572100",-6476,607,-3831,-3256,10503,-4960,13,80,-71
34,"331,582800",-5559,-125,-4772,-6690,11888,-3748,15,80,-69
34,"331,592100",-7867,109,-6237,-8632,4161,-576,15,80,-69
34,"331,602700",-8337,278,-4786,-6470,-3594,1639,16,78,-69
34,"331,612100",-8039,-83,-4124,-7783,-9348,3282,16,78,-69
34,"331,622700",-8358,910,-4072,-14222,-10133,4086,14,77,-69
34,"331,632100",-7517,588,-3172,-19294,-8973,4597,14,77,-69
34,"331,642700",-6883,1239,-2811,-13401,-6959,4553,12,79,-62
34,"331,652000",-7245,1146,-2562,-6952,-2012,1556,12,79,-62
34,"331,662600",-7109,958,-1673,1188,4814,129,13,78,-61
34,"331,672000",-5952,1217,-2841,6962,15402,870,13,78,-61
34,"331,682800",-5387,2272,-6226,7629,23061,-143,13,76,-63
34,"331,692000",-4822,1976,-8275,2691,15873,-2668,13,76,-63
34,"331,702600",-6456,1783,-6902,1121,-2480,-2574,13,72,-66
34,"331,711900",-6524,2477,-4310,5486,-19301,-3068,13,72,-66
34,"331,722500",-6144,2721,-2656,7449,-27463,-9187,14,75,-65
34,"331,731900",-7544,2717,-3054,5476,-24215,-16008,14,75,-65
34,"331,742500",-9385,1099,-1924,-1722,-12042,-20472,16,75,-63
34,"331,751900",-9545,-651,-1658,4638,-1273,-19184,16,75,-63
34,"331,762500",-8606,-1056,-799,11400,8523,-16705,20,80,-60
34,"331,771900",-6916,-1282,-2489,7262,23843,-16952,20,80,-60
34,"331,782500",-5792,-773,-6415,-5441,31411,-14122,25,83,-65
34,"331,791900",-5642,-829,-9147,-28908,25327,-9026,25,83,-65
34,"331,802400",-6839,-162,-9147,-32768,7327,-11,24,81,-69
34,"331,811800",-7835,-118,-5603,-25375,-16871,2013,24,81,-69
34,"331,822400",-7483,498,-1857,-5946,-31212,-25,22,79,-63
34,"331,831800",-6267,-189,-785,-645,-28313,-4670,22,79,-63
34,"331,842300",-7481,34,-299,-7052,-16116,-3495,22,79,-58
34,"331,851700",-7518,246,-1252,-17983,1067,-1259,22,79,-58
34,"331,862300",-6838,734,-2402,-16875,17850,-1300,22,80,-55
34,"331,871700",-6154,1159,-3485,-3194,27574,-5963,22,80,-55
34,"331,882300",-5447,1362,-6215,-1749,32182,-9221,23,80,-56
34,"331,891700",-4948,1291,-8259,-8528,25027,-7719,23,80,-56
34,"331,902400",-6334,362,-8073,-13660,7321,-8064,23,81,-62
34,"331,911600",-7950,44,-5304,-11708,-8959,-5802,23,81,-62
34,"331,922300",-8027,152,-4110,-8789,-15713,-2644,24,81,-58
34,"331,931600",-7551,252,-3774,-6422,-18620,-2076,24,81,-58
34,"331,942200",-7472,789,-3109,-5029,-17797,-1243,25,83,-56
34,"331,951600",-7044,827,-2837,-11418,-11312,-1545,25,83,-56
34,"331,962200",-6497,740,-2513,-11114,-3911,-1098,25,83,-50
34,"331,971600",-6752,448,-2832,-6056,695,-1712,25,83,-50
34,"331,982200",-6869,429,-3027,386,5991,-3278,26,81,-50
34,"331,991500",-6646,67,-3680,3429,10571,-5297,26,81,-50
34,"332,002100",-6495,644,-5637,2985,12144,-4254,26,85,-51
34,"332,011500",-6656,543,-6820,-4467,5895,-3839,26,85,-51
34,"332,022100",-7779,618,-6076,-7627,-4630,-3922,25,83,-54
34,"332,031500",-8414,711,-4733,-6644,-17857,-4040,25,83,-54
34,"332,042100",-9006,783,-2949,-3664,-25269,-5072,28,83,-49
34,"332,051500",-8552,154,-1418,-2060,-24534,-5860,28,83,-49
34,"332,062000",-8121,118,-801,2827,-18085,-6232,29,83,-45
34,"332,071500",-7018,-333,-88,7702,-6542,-8964,29,83,-45
34,"332,082000",-5822,-1271,-108,10644,7433,-10497,30,82,-44
34,"332,091400",-5232,-1840,-2422,9563,21610,-8887,30,82,-44
34,"332,102000",-6195,-2005,-5089,7523,26186,-4462,34,85,-47
34,"332,111400",-6624,-1958,-7243,8391,16225,1380,34,85,-47
34,"332,122100",-7159,-1575,-7038,14247,-177,5530,31,85,-53
34,"332,131400",-8736,-517,-4533,18827,-11365,6563,31,85,-53
34,"332,142000",-7867,-299,-3115,14953,-11399,5431,31,82,-52
34,"332,151300",-7214,-345,-3170,7405,-8590,4195,31,82,-52
34,"332,161900",-6977,-415,-3159,3737,-5117,5387,28,84,-53
34,"332,171300",-7193,330,-2441,11153,-360,4942,28,84,-53
34,"332,181900",-5768,317,-2505,12276,5733,133,26,82,-53
34,"332,191300",-6047,227,-3021,10865,12073,-2793,26,82,-53
34,"332,201900",-6106,-481,-4860,6365,12869,-4915,28,82,-57
34,"332,211300",-6700,-1063,-6169,6799,5859,-4623,28,82,-57
34,"332,221900",-8106,-901,-5719,10769,-3085,-3785,28,82,-59
34,"332,231200",-8167,-639,-4546,8056,-9718,-2638,28,82,-59
34,"332,241800",-8000,-552,-3434,3939,-15695,-2806,28,81,-58
34,"332,251200",-7583,-932,-2905,3994,-15564,-4730,28,81,-58
34,"332,261800",-6866,-885,-3147,2930,-13360,-5625,30,83,-58
34,"332,271200",-7204,-925,-3582,-2037,-12626,-5302,30,83,-58
34,"332,281800",-7588,-1055,-2786,-5013,-11450,-4177,33,85,-53
34,"332,291200",-7301,-1135,-2509,-3281,-8219,-3844,33,85,-53
34,"332,301700",-7696,-1631,-2533,-22,-5529,-4555,33,83,-52
34,"332,311100",-7339,-1422,-2465,1388,-3034,-4010,33,83,-52
34,"332,321700",-7008,-1317,-3014,-1624,154,-3149,32,86,-50
34,"332,331100",-7465,-1625,-3273,-7449,2401,-1981,32,86,-50
34,"332,341800",-7178,-1520,-4076,-8023,-364,459,32,86,-50
34,"332,351000",-7789,-1328,-4235,-5711,-7421,940,32,86,-50
34,"332,361600",-8073,-1159,-3485,-3963,-13744,-179,32,86,-49
34,"332,371000",-7918,-851,-2891,-2251,-18562,-859,32,86,-49
34,"332,381600",-7849,-1153,-1784,-206,-22385,-2100,34,86,-47
34,"332,391000",-7599,-1180,-924,2123,-20266,-3500,34,86,-47
34,"332,401600",-7329,-1430,-982,1182,-13769,-4509,34,82,-41
34,"332,411000",-6921,-1525,-942,231,-8390,-4083,34,82,-41
34,"332,421600",-7492,-1471,-609,386,-4127,-3276,36,86,-39
34,"332,430900",-7665,-1541,-759,-1356,549,-2583,36,86,-39
34,"332,441500",-7241,-1443,-1325,-1115,4750,-1855,36,86,-40
34,"332,450900",-7396,-1490,-2039,-2003,7553,-1333,36,86,-40
34,"332,461500",-7757,-1355,-2273,-3217,8342,-1100,37,85,-40
34,"332,470900",-7938,-1228,-2277,-5183,7462,-1649,37,85,-40
34,"332,481500",-8224,-1304,-1916,-8101,7250,-2576,39,87,-42
34,"332,490900",-8249,-1361,-1425,-14408,9935,-3795,39,87,-42
34,"332,501400",-7394,-1941,-1714,-27374,16488,-4133,38,87,-44
34,"332,510800",-7102,-1571,-2512,-32768,21057,-983,38,87,-44
34,"332,521400",-7476,-1366,-2752,-32768,23324,2439,39,87,-43
34,"332,530800",-7008,-262,-3625,-32768,23476,6184,39,87,-43
34,"332,541300",-7070,618,-4317,-32768,21720,6437,39,89,-41
34,"332,550700",-7328,1601,-4515,-32768,17310,4577,39,89,-41
34,"332,561400",-7180,1710,-4120,-32768,12774,21,38,86,-37
34,"332,570700",-7134,1932,-4187,-32768,8912,-3622,38,86,-37
34,"332,581300",-7083,1522,-4631,-32768,7740,-7764,41,88,-37
34,"332,590700",-7024,770,-4861,-32768,3566,-9768,41,88,-37
34,"332,601300",-6943,71,-3647,-26430,-3065,-7255,44,91,-34
34,"332,610700",-7152,480,-2240,-12387,-5842,-5645,44,91,-34
34,"332,621200",-7035,870,-2682,-6423,2314,-5378,47,89,-32
34,"332,630700",-7290,-100,-3400,-3831,9154,-5524,47,89,-32
34,"332,641300",-6523,351,-5158,1212,12905,-4692,49,92,-32
34,"332,650600",-6968,269,-7023,-2121,7891,-5090,49,92,-32
34,"332,661200",-7025,666,-7574,-6699,-4677,-4836,51,90,-34
34,"332,670600",-7975,105,-4986,-12014,-18992,-3580,51,90,-34
34,"332,681200",-7945,268,-2717,-10800,-27008,-2128,50,91,-31
34,"332,690500",-8095,208,-1884,-12016,-24661,-1769,50,91,-31
34,"332,701200",-7346,302,-1777,-16855,-17939,-1289,51,90,-25
34,"332,710500",-6521,838,-842,-15019,-13043,238,51,90,-25
34,"332,721100",-6335,886,-282,-8168,-6559,671,52,88,-20
34,"332,730500",-5633,1451,-1255,-1561,4987,-787,52,88,-20
34,"332,741100",-6664,2294,-3536,3446,13121,-2353,52,89,-19
34,"332,750400",-8270,2059,-4763,2505,14900,-4601,52,89,-19
34,"332,761100",-8816,1067,-5075,-19,7804,-7905,53,89,-22
34,"332,770400",-8794,0,-4202,-627,1333,-9493,53,89,-22
34,"332,781200",-7292,-1085,-3358,-1076,-5226,-9762,57,91,-23
34,"332,790400",-6586,-1273,-3275,-3790,-6449,-7609,57,91,-23
34,"332,801000",-7941,-18,-3183,-3600,-4311,-3504,57,92,-22
34,"332,810400",-7611,344,-2354,-5808,-1106,-2034,57,92,-22
34,"332,821000",-7536,495,-1637,-6517,5851,-1146,59,91,-20
34,"332,830300",-6557,1478,-1767,-3649,16556,-990,59,91,-20
34,"332,841000",-6436,1500,-4180,-7282,24602,-3926,58,91,-21
34,"332,850300",-5989,1198,-6391,-11429,23639,-4567,58,91,-21
34,"332,861000",-6259,1173,-7595,-13530,11448,-3910,62,92,-28
34,"332,870300",-6604,973,-6575,-13673,-3509,-4711,62,92,-28
34,"332,880900",-8462,213,-4963,-3722,-17829,-6598,63,92,-27
34,"332,890300",-8264,-660,-3694,4937,-23174,-5993,63,92,-27
34,"332,900900",-7802,-75,-2605,5724,-22151,-2841,63,90,-23
34,"332,910200",-7636,-665,-1982,4433,-15823,-616,63,90,-23
34,"332,920800",-7159,295,-984,8440,-6579,1788,65,89,-18
34,"332,930200",-6633,382,-429,7702,2041,-1014,65,89,-18
34,"332,940800",-5526,315,-2165,9573,14036,-3258,61,90,-18
34,"332,950200",-3689,-961,-4964,5871,20243,-4591,61,90,-18
34,"332,960800",-5484,-1242,-7640,5611,13364,-1127,63,91,-20
34,"332,970200",-8973,-165,-7661,5023,-159,2537,63,91,-20
34,"332,980700",-10650,809,-5369,7267,-12963,4817,61,91,-23
34,"332,990100",-8613,1090,-3231,9856,-17475,2741,61,91,-23
34,"333,000800",-7850,147,-1740,11436,-14187,1358,62,90,-21
34,"333,010100",-7188,1019,-563,13944,-5012,697,62,90,-21
34,"333,020700",-6583,570,-1423,5456,12093,-2700,58,91,-18
34,"333,030000",-5441,334,-4295,3197,24707,-4281,58,91,-18
34,"333,040600",-5635,874,-6460,3617,23113,-4644,58,92,-22
34,"333,050000",-6408,-56,-7773,326,14410,-5268,58,92,-22
34,"333,060600",-7278,-481,-6016,228,525,-3068,60,95,-27
34,"333,070000",-6900,-216,-4773,10205,-13738,-1219,60,95,-27
34,"333,080700",-7713,237,-3541,11207,-19253,-4413,59,90,-24
34,"333,090000",-8624,-847,-2905,2805,-16665,-8098,59,90,-24
34,"333,100600",-6959,-1202,-3067,6588,-2569,-5843,60,89,-25
34,"333,110000",-6267,-861,-4721,7904,3722,-6832,60,89,-25
34,"333,120500",-6614,-1303,-3936,3028,632,-7250,59,93,-24
34,"333,130000",-7761,-658,-3768,-500,-7744,-3794,59,93,-24
34,"333,140500",-7459,-895,-4058,-10053,-10467,-2026,62,92,-22
34,"333,149900",-7761,-603,-2898,-11956,-9197,613,62,92,-22
34,"333,160500",-6693,-729,-2779,-8281,-5287,1195,65,91,-20
34,"333,169900",-7316,-418,-3115,1333,-9343,1127,65,91,-20
34,"333,180400",-7158,-327,-1965,10258,-15297,-1984,64,89,-18
34,"333,189900",-7451,-679,-1382,15266,-15424,-4370,64,89,-18
34,"333,200400",-7232,-493,-1663,17488,-8010,-4803,60,90,-16
34,"333,209800",-7458,-1146,-2703,18594,3067,-7698,60,90,-16
34,"333,220500",-7145,-2349,-3323,16463,11421,-9494,64,89,-16
34,"333,229800",-6698,-2626,-3936,11076,13960,-5504,64,89,-16
34,"333,240400",-6451,-2385,-3342,12140,15634,-1525,63,89,-18
34,"333,249800",-7043,-1862,-3272,16733,13772,819,63,89,-18
34,"333,260300",-7163,-1479,-4139,19262,8898,220,65,93,-22
34,"333,269700",-7731,-1937,-3292,14004,3903,-3100,65,93,-22
34,"333,280400",-7445,-2253,-2881,16808,3805,-1847,62,92,-23
34,"333,289700",-7092,-2227,-1926,20435,4774,-810,62,92,-23
34,"333,300400",-6741,-2827,-2635,14149,6653,-945,61,93,-24
34,"333,309700",-6673,-2447,-3549,1956,9658,953,61,93,-24
34,"333,320300",-6879,-2101,-4875,-5698,12950,3563,59,95,-26
34,"333,329600",-7311,-2144,-4841,-7090,10168,4440,59,95,-26
34,"333,340300",-8223,-1671,-3593,-2858,9325,4690,60,94,-28
34,"333,349600",-7104,-1019,-2628,-1105,12567,5473,60,94,-28
34,"333,360200",-5922,-1160,-2987,-2582,17079,2711,57,94,-31
34,"333,369600",-5348,-1418,-4991,-5557,15038,1829,57,94,-31
34,"333,380200",-7304,-1210,-6238,-5120,3550,2475,58,95,-36
34,"333,389500",-7965,-1824,-4051,-3248,-2800,135,58,95,-36
34,"333,400100",-6461,-2294,-3360,-5886,774,600,57,92,-36
34,"333,409500",-6072,-1675,-6295,-5755,-356,3797,57,92,-36
34,"333,420100",-6492,-1530,-7217,-7201,-5870,4453,58,95,-34
34,"333,429500",-7568,-412,-4751,-8956,-16951,4477,58,95,-34
34,"333,440200",-7680,-412,-2240,-12131,-21592,775,55,93,-32
34,"333,449500",-7504,-861,-1269,-14035,-14925,-848,55,93,-32
34,"333,460100",-6417,-774,-2209,-9290,-2450,1496,57,92,-27
34,"333,469400",-6076,-830,-5065,-9263,4131,1217,57,92,-27
34,"333,480000",-7115,-961,-6487,-7733,1159,-506,59,92,-26
34,"333,489400",-7933,-728,-3865,-4282,-7185,-2725,59,92,-26
34,"333,500000",-7431,-1017,-1966,-3886,-12749,-2394,59,91,-25
34,"333,509400",-7053,-680,-1923,-796,-11747,788,59,91,-25
34,"333,520000",-7390,-306,-2903,3729,-5789,1682,60,89,-24
34,"333,529400",-6881,-501,-3881,1541,-144,-2140,60,89,-24
34,"333,540000",-7802,-853,-3748,-2919,-321,-4490,58,90,-23
34,"333,549300",-7679,-1311,-3702,-4127,-372,-3875,58,90,-23
34,"333,560000",-7146,-1560,-3240,-2434,-1097,-1720,59,89,-23
34,"333,569300",-7049,-1358,-3021,-136,437,207,59,89,-23
34,"333,579900",-7235,-924,-3827,208,1681,2357,61,91,-23
34,"333,589200",-7414,-667,-4309,-1999,1815,2453,61,91,-23
34,"333,599800",-7609,-752,-3833,-2042,579,941,60,92,-22
34,"333,609300",-7620,-710,-2999,-882,-1957,-1192,60,92,-22
34,"333,619900",-7047,-1336,-2564,-520,1651,-2571,59,91,-24
34,"333,629200",-6882,-1385,-2874,-615,7570,-1284,59,91,-24
34,"333,639800",-6312,-1559,-4312,-2504,8669,298,60,91,-23
34,"333,649200",-6835,-1722,-6130,-4145,2498,2339,60,91,-23
34,"333,659900",-8212,-1239,-4397,-4573,-6611,2613,61,92,-25
34,"333,669200",-7684,-1681,-1996,-7501,-11071,1537,61,92,-25
34,"333,679700",-7602,-1644,-1120,-11813,-5229,3898,60,91,-24
34,"333,689100",-6043,-225,-3655,-12784,3178,7298,60,91,-24
34,"333,699700",-7496,342,-5074,-9540,156,6647,58,91,-22
34,"333,709100",-8095,118,-3350,-4467,-5980,457,58,91,-22
34,"333,719700",-6564,-698,-1721,-4666,-5492,-3250,60,90,-22
34,"333,729100",-6185,-353,-2750,-3850,3402,-209,60,90,-22
34,"333,739700",-6435,-77,-4672,-2226,5428,2229,58,91,-22
34,"333,749100",-7567,-101,-5383,-102,-1029,226,58,91,-22
34,"333,759700",-7460,-416,-3793,-2755,-4621,-3175,59,90,-23
34,"333,769100",-7286,-300,-3334,-2707,-6033,-1901,59,90,-23
34,"333,779600",-7791,-55,-4013,-69,-7897,-981,60,89,-21
34,"333,789000",-7951,-382,-3055,179,-9885,-2794,60,89,-21
34,"333,799600",-7751,-665,-2307,29,-10008,-3398,61,89,-19
34,"333,809000",-7498,-752,-2113,116,-5419,-2271,61,89,-19
34,"333,819500",-7500,-799,-2798,318,970,-1112,61,90,-16
34,"333,828900",-7484,-654,-3435,284,3854,-456,61,90,-16
34,"333,839500",-7473,-713,-3384,-1200,2624,-481,61,92,-16
34,"333,848900",-7587,-631,-3264,197,822,-262,61,92,-16
34,"333,859500",-7129,-740,-3323,2425,-107,-635,59,92,-17
34,"333,868900",-7324,-502,-2986,1150,665,-1234,59,92,-17
34,"333,879600",-7689,-151,-3620,-1948,2286,-2106,61,90,-18
34,"333,888900",-8881,-1,-5714,-12952,3254,-3554,61,90,-18
34,"333,899400",-7416,-360,-5913,-27087,1050,-3244,65,90,-17
34,"333,908800",-6506,105,-3000,-32768,-10425,296,65,90,-17
34,"333,919400",-7861,1775,-1480,-32768,-14483,-957,64,89,-16
34,"333,928700",-7610,2156,-1724,-32768,-7983,-8909,64,89,-16
34,"333,939300",-8506,690,-2265,-32768,766,-13454,72,89,-12
34,"333,948700",-6967,606,-2325,-32768,6197,-13265,72,89,-12
34,"333,959400",-6444,185,-3034,-32768,7681,-15342,79,91,-12
34,"333,968700",-8092,826,-2718,-28485,3179,-16340,79,91,-12
34,"333,979300",-6727,588,-3211,-25653,4985,-17053,88,92,-15
34,"333,988700",-7149,-477,-3171,-20887,8661,-13817,88,92,-15
34,"333,999300",-6659,411,-3438,-8867,12131,-11172,94,91,-17
34,"334,008700",-6677,997,-4701,-7735,13658,-15647,94,91,-17
34,"334,019300",-7580,-740,-3874,-23818,12754,-18353,96,92,-21
34,"334,028600",-6877,-1161,-3855,-32768,12320,-12717,96,92,-21
34,"334,039200",-6978,-1101,-2889,-32768,11435,-6619,100,93,-27
34,"334,048600",-6249,109,-3041,-32768,12262,-1810,100,93,-27
34,"334,059100",-6076,645,-3839,-32768,15778,-1920,105,92,-33
34,"334,068500",-5438,2383,-5978,-32768,17168,-3458,105,92,-33
34,"334,079200",-5988,1366,-5905,-32768,15246,-9748,107,94,-41
34,"334,088500",-6662,313,-5156,-21587,8753,-7486,107,94,-41
34,"334,099300",-6704,109,-5332,-5571,4564,-4756,112,94,-46
34,"334,108500",-7352,453,-5468,3114,6747,-4906,112,94,-46
34,"334,119100",-6169,786,-7212,1255,3298,-5107,112,94,-47
34,"334,128500",-6873,134,-6904,-5846,-11847,-4425,112,94,-47
34,"334,139100",-7236,557,-3938,-10245,-24036,-1133,113,92,-47
34,"334,148500",-7120,846,-2212,-9124,-26510,-1797,113,92,-47
34,"334,159100",-7205,798,-2546,-8665,-20051,-5390,112,92,-46
34,"334,168400",-7703,372,-1774,-8066,-8533,-5439,112,92,-46
34,"334,179100",-7965,-107,-1700,-5487,7706,-5775,115,93,-43
34,"334,188400",-6885,19,-3123,2195,19128,-5637,115,93,-43
34,"334,198900",-5976,41,-5833,1809,21864,-6143,116,91,-45
34,"334,208400",-5533,621,-7597,2147,12074,-2727,116,91,-45
34,"334,219000",-8019,874,-6314,2418,-4154,-1952,117,91,-49
34,"334,228400",-8686,1011,-3630,4811,-18689,-4518,117,91,-49
34,"334,238900",-7917,370,-3362,1697,-22603,-10575,118,91,-48
34,"334,248400",-6891,-1494,-3313,-3130,-18249,-11431,118,91,-48
34,"334,258900",-7184,-2108,-3280,-3644,-13135,-4089,122,90,-42
34,"334,268300",-7899,-172,-2327,-4050,-7043,1322,122,90,-42
34,"334,278800",-7117,69,-2544,-7487,5329,-1262,120,90,-42
34,"334,288300",-6734,422,-4372,-3980,15357,-2499,120,90,-42
34,"334,298900",-6119,598,-6815,-4569,12926,-198,122,91,-45
34,"334,308200",-6703,491,-7155,1944,-4211,867,122,91,-45
34,"334,319000",-7359,77,-5381,3891,-21023,-2677,122,90,-46
34,"334,328200",-7602,-160,-3527,-445,-28853,-4606,122,90,-46
34,"334,338800",-7677,-61,-2082,-1987,-27514,-2659,122,88,-40
34,"334,348200",-7558,-14,-937,-2196,-21425,-1188,122,88,-40
34,"334,358800",-7971,-551,78,-6060,-9668,-685,124,90,-36
34,"334,368200",-7097,-780,-471,-3298,8116,1954,124,90,-36
34,"334,378800",-5981,-821,-3166,-4351,23896,4768,123,91,-35
34,"334,388200",-5963,-129,-6847,-3896,25279,7910,123,91,-35
34,"334,398800",-5353,1000,-8584,1342,12480,8151,122,92,-42
34,"334,408100",-5931,827,-7865,1765,-11142,3548,122,92,-42
34,"334,418700",-6979,350,-5118,1550,-32768,-477,121,94,-42
34,"334,428000",-9671,628,-1458,2348,-32768,1558,121,94,-42
34,"334,438600",-9511,549,-57,1108,-32768,4667,119,89,-35
34,"334,448000",-8951,674,48,-172,-23636,5773,119,89,-35
34,"334,458600",-8629,1166,765,3121,-9437,4360,119,89,-26
34,"334,468000",-8668,1120,953,-1758,3739,634,119,89,-26
34,"334,478600",-6605,1842,-1974,-1593,16867,539,117,90,-25
34,"334,488000",-6007,2316,-5875,-4760,18975,-1339,117,90,-25
34,"334,498600",-6497,2575,-8263,-2435,4014,-6080,117,93,-32
34,"334,507900",-8563,1680,-5636,2438,-20979,-12241,117,93,-32
34,"334,518500",-8301,390,-2395,13229,-32768,-13221,120,90,-30
34,"334,527900",-8090,21,-787,12815,-32768,-13161,120,90,-30
34,"334,538600",-7955,-668,1109,5669,-32768,-11600,122,85,-18
34,"334,547900",-8007,-960,2251,2773,-28452,-7081,122,85,-18
34,"334,558500",-8065,-1011,1881,4918,-17375,-3399,123,82,-11
34,"334,567900",-7983,-234,1040,7795,-9884,-2646,123,82,-11
34,"334,578500",-7273,-197,-439,9626,-1822,-5427,122,79,-8
34,"334,587900",-7882,-812,-2645,7700,-166,-6785,122,79,-8
34,"334,598500",-8213,-1566,-4348,10911,-4941,-4809,123,78,-7
34,"334,607800",-8648,-1559,-2935,14622,-13221,-1144,123,78,-7
34,"334,618400",-7895,-472,-846,19608,-26190,4122,120,77,-5
34,"334,627700",-8363,870,649,25861,-32768,2742,120,77,-5
34,"334,638300",-8246,-463,-670,24711,-32768,-3700,117,75,6
34,"334,647700",-7648,-923,-304,17299,-32768,-2776,117,75,6
34,"334,658300",-7839,151,2372,10307,-32768,-67,114,66,14
34,"334,667700",-6749,592,5355,2940,-32768,-705,114,66,14
34,"334,678300",-7629,145,6099,-311,-22756,-3129,112,62,18
34,"334,687700",-7879,-101,4340,1733,-8131,-3976,112,62,18
34,"334,698300",-7492,-9,1463,7375,804,-5353,113,59,20
34,"334,707600",-7583,-96,253,17681,-2527,-8126,113,59,20
34,"334,718200",-7610,-669,1119,18300,-16510,-11355,111,58,21
34,"334,727600",-7686,-1471,2958,13639,-28851,-12524,111,58,21
34,"334,738200",-7902,-2389,4683,8271,-30342,-10267,108,53,26
34,"334,747600",-6774,-2189,5147,1124,-22423,-2810,108,53,26
34,"334,758300",-6169,-968,5131,-2925,-11198,4964,112,49,28
34,"334,767600",-6204,-753,4600,-7569,5,8885,112,49,28
34,"334,778100",-6761,-599,4113,-6198,7183,10748,110,46,29
34,"334,787600",-7279,-525,3041,-3242,8992,10950,110,46,29
34,"334,798100",-7747,26,3733,495,5699,10359,108,51,28
34,"334,807500",-6651,551,3301,3094,4307,8473,108,51,28
34,"334,818000",-6678,1183,3261,11191,2713,6480,108,52,28
34,"334,827500",-6708,1428,3262,13070,690,1586,108,52,28
34,"334,838100",-6877,1005,3282,8760,-2253,-3342,106,51,29
34,"334,847500",-6944,539,4186,8040,-3475,-6579,106,51,29
34,"334,858000",-7024,-291,4955,6298,-1760,-9102,106,49,31
34,"334,867400",-6953,-1204,5258,5241,6496,-10724,106,49,31
34,"334,878000",-6003,-1928,4134,5580,17363,-10181,104,49,32
34,"334,887400",-6312,-2225,1811,1411,19556,-6846,104,49,32
34,"334,898000",-7697,-2385,1048,-1804,15893,277,104,55,29
34,"334,907400",-8881,-1134,2798,3235,7912,8039,104,55,29
34,"334,917900",-8516,185,3532,13921,8198,11835,103,54,28
34,"334,927300",-6884,1274,3427,17953,16884,8673,103,54,28
34,"334,937900",-6250,1667,3395,14744,21460,2696,98,59,29
34,"334,947300",-6396,1768,2302,7462,21038,-1924,98,59,29
34,"334,957800",-7702,856,2692,1507,20992,-3742,96,61,25
34,"334,967300",-7158,972,947,5898,25933,-3953,96,61,25
34,"334,978000",-7179,567,-1802,8339,24766,-6736,96,68,22
34,"334,987300",-8134,510,-2185,4711,10642,-8934,96,68,22
34,"334,997900",-8996,-253,-535,-1763,-3151,-9444,96,68,19
34,"335,007200",-9098,-544,1926,-223,-9114,-8119,96,68,19
34,"335,017800",-8713,-667,4206,3701,-4668,-5237,97,66,21
34,"335,027200",-8626,-559,5645,999,13903,-3031,97,66,21
34,"335,037800",-5173,-395,4465,-7397,32767,-1126,99,67,19
34,"335,047200",-3670,218,1467,-7669,32767,2790,99,67,19
34,"335,057800",-5488,731,-737,-3489,32767,3590,99,77,11
34,"335,067200",-6219,594,-1795,-3363,32767,17,99,77,11
34,"335,077700",-7121,64,-1852,-5646,32767,-4293,100,81,5
34,"335,087200",-6572,-568,-2805,-9512,32767,-5476,100,81,5
34,"335,097800",-6680,-351,-4155,-7337,32767,-3826,103,88,-4
34,"335,107100",-6466,-598,-7798,-8010,32767,-3951,103,88,-4
34,"335,117700",-8648,-727,-6894,-4561,12353,-2708,107,92,-13
34,"335,127100",-10500,-1113,-4799,-1740,-4568,-973,107,92,-13
34,"335,137600",-10334,-980,-2046,2098,-8538,2655,107,92,-16
34,"335,147100",-9385,-241,-407,3449,-3035,4716,107,92,-16
34,"335,157600",-8172,306,79,4002,9561,4175,106,93,-12
34,"335,167000",-6858,238,-1961,1272,19602,811,106,93,-12
34,"335,177600",-6240,-177,-4551,-1028,24771,-1737,106,94,-17
34,"335,187000",-7030,-2067,-11262,933,19753,-1705,106,94,-17
34,"335,197800",-10174,-189,-5988,-476,-2313,2789,108,92,-20
34,"335,206900",-5652,483,-2056,-2988,-8246,2085,108,92,-20
34,"335,217500",-6989,334,-1951,-1581,-6946,936,106,96,-20
34,"335,226900",-8913,429,-3764,398,-2293,684,106,96,-20
34,"335,237500",-8639,296,-4492,3328,855,-639,106,95,-20
34,"335,246900",-7999,112,-4184,5434,-5731,-3849,106,95,-20
34,"335,257500",-8178,34,-2562,6218,-12183,-6740,106,92,-21
34,"335,266900",-7853,-698,-1577,2953,-12032,-7875,106,92,-21
34,"335,277500",-7095,-948,-1916,2322,-7716,-6763,106,93,-14
34,"335,286800",-6859,-1273,-1653,2190,-1986,-5646,106,93,-14
34,"335,297400",-6893,-1384,-2491,1275,1595,-4252,108,91,-16
34,"335,306800",-7471,-1291,-3517,2324,5485,-2543,108,91,-16
34,"335,317400",-7690,-1289,-3906,-722,4867,-368,108,92,-13
34,"335,326800",-7908,-1179,-3984,-2984,857,2403,108,92,-13
34,"335,337400",-7926,-970,-2792,-2063,-2771,3763,109,93,-18
34,"335,346800",-7504,-989,-1870,1299,-5385,3950,109,93,-18
34,"335,357300",-7820,-713,-1104,3459,-8534,3730,107,92,-15
34,"335,366800",-7622,-440,522,-529,-1956,3701,107,92,-15
34,"335,377300",-7916,-755,-469,-5982,9391,5186,107,92,-13
34,"335,386700",-7251,-504,-1589,-2959,21906,8429,107,92,-13
34,"335,397300",-5345,-1360,-12641,-3447,18706,8251,108,94,-18
34,"335,406700",-8211,597,-2401,-4638,-5513,9807,108,94,-18
34,"335,417400",-6213,463,-901,-8309,591,6899,104,96,-19
34,"335,426700",-6488,-344,-5323,-4007,7423,5082,104,96,-19
34,"335,437200",-8434,601,-2889,664,597,5332,105,97,-18
34,"335,446600",-8209,548,-2014,2098,-1532,2936,105,97,-18
34,"335,457200",-7866,-56,-4249,2042,-148,361,103,95,-19
34,"335,466600",-8242,-41,-2783,2079,-2823,974,103,95,-19
34,"335,477200",-7672,-233,-2459,59,-1134,3060,101,96,-17
34,"335,486600",-7043,-507,-3913,-2493,-3,5279,101,96,-17
34,"335,497200",-7610,-426,-4311,3147,1359,8362,101,95,-19
34,"335,506500",-7009,676,-4439,4335,2336,10094,101,95,-19
34,"335,517100",-6974,1232,-4140,-1029,2464,6943,98,98,-21
34,"335,526500",-6867,836,-3787,-3492,2850,2939,98,98,-21
34,"335,537000",-7301,656,-2806,1165,420,454,98,98,-21
34,"335,546500",-7563,133,-2584,9597,1426,-1585,98,98,-21
34,"335,557100",-7827,-390,-3526,15880,1540,-1950,99,96,-17
34,"335,566500",-7654,436,-2820,20895,-529,-1164,99,96,-17
34,"335,577100",-8021,-38,-2661,21157,-908,-2114,98,97,-20
34,"335,586400",-7026,-334,-2681,18144,-1012,-1138,98,97,-20
34,"335,597000",-7993,-686,-2822,7176,-2373,251,96,95,-17
34,"335,606400",-7835,-828,-3608,2373,248,4277,96,95,-17
34,"335,616900",-7605,174,-3745,5188,325,7655,96,95,-18
34,"335,626400",-7618,-205,-3094,9696,1133,6187,96,95,-18
34,"335,637100",-6845,-776,-2832,13870,-830,5866,93,98,-16
34,"335,646400",-6978,-1553,-1961,11927,-276,6427,93,98,-16
34,"335,656900",-6452,208,-3606,7576,1529,7606,91,97,-16
34,"335,666300",-6146,232,-2989,2824,802,5499,91,97,-16
34,"335,676900",-7488,-289,-3172,2480,-1193,5710,90,97,-16
34,"335,686300",-7438,-508,-2569,-1087,1713,8227,90,97,-16
34,"335,696900",-7045,-426,-2814,-5470,4129,11690,88,97,-14
34,"335,706300",-7558,-163,-2866,-5509,6806,14893,88,97,-14
34,"335,716900",-7316,534,-3722,-2212,6270,16269,86,97,-18
34,"335,726200",-4376,7464,-8706,-2427,5298,12520,86,97,-18
34,"335,736800",-7050,1437,-3918,-284,-4889,-4611,83,96,-20
34,"335,746200",-7265,1006,-4082,-318,-5954,-7453,83,96,-20
34,"335,756800",-7858,1202,-3669,-3165,-3164,-5948,84,97,-16
34,"335,766200",-8332,912,-4128,-5357,-2714,-2566,84,97,-16
34,"335,776700",-7716,735,-3851,-2989,-1472,241,86,98,-17
34,"335,786100",-7377,704,-2962,-2051,-511,796,86,98,-17
34,"335,796700",-7339,656,-3329,-1816,-3298,779,86,97,-16
34,"335,806100",-7295,501,-3832,-239,-4032,761,86,97,-16
34,"335,816700",-7251,594,-3586,2800,-1569,125,85,95,-16
34,"335,826000",-6997,801,-2736,2039,347,-1161,85,95,-16
34,"335,836700",-7273,997,-3614,-1277,-506,-1237,86,95,-16
34,"335,846000",-7585,897,-3539,-4800,1407,38,86,95,-16
34,"335,856800",-7442,621,-3502,-5822,2154,1091,86,97,-15
34,"335,866000",-7404,559,-3428,-3597,2577,787,86,97,-15
34,"335,876600",-7910,838,-2860,-713,1434,216,87,96,-16
34,"335,886000",-7467,691,-3283,-244,-3263,204,87,96,-16
34,"335,896600",-7295,659,-4017,-130,-3990,-222,86,98,-15
34,"335,906000",-6891,865,-3241,-440,359,-943,86,98,-15
34,"335,916500",-7387,1054,-2725,-1664,1511,-73,86,94,-15
34,"335,925900",-7734,823,-3801,-1959,-994,2282,86,94,-15
34,"335,936500",-7326,434,-3478,413,-516,2839,88,98,-15
34,"335,945900",-7179,675,-3310,3175,89,794,88,98,-15
34,"335,956500",-7483,953,-3780,3080,964,-525,88,96,-18
34,"335,965900",-8033,1027,-2518,862,1717,-207,88,96,-18
34,"335,976500",-7191,605,-3685,-182,-4693,726,83,95,-16
34,"335,985900",-7566,732,-4109,5839,-3659,1598,83,95,-16
34,"335,996400",-7501,962,-3007,12176,142,3473,86,96,-16
34,"336,005800",-7231,612,-2473,10436,-1879,3556,86,96,-16
34,"336,016400",-7646,837,-3499,7452,-5859,2184,84,95,-15
34,"336,025800",-7318,628,-3527,3529,-3872,680,84,95,-15
34,"336,036400",-7388,851,-3322,1372,-1018,-1164,83,96,-15
34,"336,045700",-7924,806,-4015,-2019,641,-1837,83,96,-15
34,"336,056300",-7521,672,-2607,-3915,3848,-1901,84,96,-11
34,"336,065700",-7394,604,-3192,-1180,1028,-1125,84,96,-11
34,"336,076500",-7460,879,-3152,2503,-1654,-140,84,95,-15
34,"336,085700",-7345,513,-2675,2004,-3308,830,84,95,-15
34,"336,096300",-7135,161,-3296,4813,-6191,14,81,94,-15
34,"336,105700",-7560,981,-3476,8409,-5383,-952,81,94,-15
34,"336,116300",-7509,707,-3346,1414,-1795,-1611,83,95,-12
34,"336,125600",-7547,687,-3245,-1025,264,-1504,83,95,-12
34,"336,136200",-7563,558,-3139,-4564,1698,-2005,83,96,-13
34,"336,145600",-8184,654,-3628,-4798,2619,-2310,83,96,-13
34,"336,156200",-8055,53,-3463,623,2029,-763,84,95,-14
34,"336,165600",-7829,197,-3081,12550,-159,362,84,95,-14
34,"336,176200",-8365,167,-3057,17084,-2488,-1081,84,95,-13
34,"336,185600",-5617,433,-1338,18154,-7368,-3014,84,95,-13
34,"336,196200",-6735,941,-2876,7905,-12449,-4834,83,96,-12
34,"336,205500",-7246,557,-3100,-7518,-10578,-5096,83,96,-12
34,"336,216100",-7191,214,-3251,-12280,-6982,-4455,82,91,-9
34,"336,225500",-7787,257,-3155,-10200,-2978,-3408,82,91,-9
34,"336,236100",-8340,69,-3560,-8688,53,-2996,85,92,-7
34,"336,245500",-7967,417,-2480,-4581,2021,-2114,85,92,-7
34,"336,256000",-7591,329,-2854,-1637,946,402,84,92,-8
34,"336,265400",-7868,184,-2752,-818,1051,1723,84,92,-8
34,"336,276000",-7320,-135,-2164,592,-732,1679,87,94,-10
34,"336,285400",-7876,569,-2943,5931,-3718,1545,87,94,-10
34,"336,296100",-7684,184,-2972,1367,-2616,385,85,94,-8
34,"336,305400",-7591,229,-2825,144,-1102,-470,85,94,-8
34,"336,316000",-7581,286,-2817,-2142,582,-1235,85,93,-7
34,"336,325300",-7831,188,-3159,-5422,1828,-2148,85,93,-7
34,"336,336000",-8338,404,-3150,-6453,4168,-2625,85,94,-8
34,"336,345300",-7094,124,-2088,-6276,4804,-1398,85,94,-8
34,"336,355900",-7486,284,-2694,-1799,1070,78,86,94,-10
34,"336,365300",-7347,54,-2684,485,-608,1035,86,94,-10
34,"336,375900",-7479,219,-2364,5645,-2017,1826,87,92,-8
34,"336,385200",-8116,271,-3026,3258,-2824,168,87,92,-8
34,"336,395800",-7400,233,-2741,132,-2128,-1074,84,93,-8
34,"336,405200",-7562,225,-2740,-2814,-1270,-2031,84,93,-8
34,"336,415900",-7831,365,-2982,-3857,-383,-2114,88,91,-7
34,"336,425200",-7828,213,-3200,-4140,712,-1365,88,91,-7
34,"336,435800",-7860,374,-2571,-3042,3042,-361,87,92,-10
34,"336,445200",-7440,35,-3116,-1398,1423,1504,87,92,-10
34,"336,455700",-7871,331,-2880,2456,1342,2325,88,95,-11
34,"336,465100",-7553,114,-2574,1624,1519,2080,88,95,-11
34,"336,475700",-7370,157,-2585,1084,-619,1155,87,93,-9
34,"336,485100",-7719,280,-2887,767,-1675,199,87,93,-9
34,"336,495700",-7639,247,-2849,51,-853,-225,88,92,-10
34,"336,505100",-7577,319,-2902,-528,77,-523,88,92,-10
34,"336,515800",-7723,263,-2917,-2549,1400,-773,86,92,-9
34,"336,525100",-7749,235,-3370,-3073,2240,-463,86,92,-9
34,"336,535600",-8429,305,-2759,-734,3893,644,86,93,-9
34,"336,545000",-7710,149,-2833,3138,2021,2481,86,93,-9
34,"336,555600",-7569,49,-2901,5429,884,2150,86,95,-11
34,"336,565000",-7046,374,-2357,8240,-129,1603,86,95,-11
34,"336,575600",-7129,430,-2746,3014,-1765,492,86,94,-11
34,"336,585000",-7637,152,-2947,-3857,-1278,-898,86,94,-11
34,"336,595600",-7663,101,-3010,-3413,-608,-1618,87,93,-8
34,"336,605000",-7627,315,-3034,-1461,-28,-1974,87,93,-8
34,"336,615600",-7599,378,-2980,-2017,1045,-1522,85,94,-9
34,"336,624900",-7610,296,-3140,-2245,1967,-424,85,94,-9
34,"336,635500",-7873,346,-2674,-2125,3307,268,89,93,-9
34,"336,644900",-7658,155,-3049,-904,2183,1483,89,93,-9
34,"336,655500",-7166,181,-2800,2043,1248,2000,87,94,-10
34,"336,664800",-7525,247,-2934,769,513,410,87,94,-10
34,"336,675500",-7587,184,-2675,3235,-1797,-410,86,95,-9
34,"336,684800",-7572,231,-2777,121,-1880,-187,86,95,-9
34,"336,695400",-7615,155,-3275,-3648,-388,315,86,96,-11
34,"336,704800",-7632,183,-3080,-483,-104,-398,86,96,-11
34,"336,715400",-7564,335,-3094,94,693,-924,85,95,-10
34,"336,724800",-7610,461,-3004,-934,1637,-569,85,95,-10
34,"336,735500",-7747,286,-3154,-3523,2455,123,85,94,-10
34,"336,744700",-7297,150,-2766,-2857,2215,630,85,94,-10
34,"336,755300",-7586,230,-3248,190,650,620,87,96,-10
34,"336,764700",-7530,199,-2842,3810,-356,-192,87,96,-10
34,"336,775300",-7577,113,-2572,5775,-2716,-1074,85,93,-11
34,"336,784700",-7574,176,-2933,-347,-2254,-937,85,93,-11
34,"336,795300",-7574,268,-3254,-4571,-233,-370,85,95,-9
34,"336,804700",-7609,193,-3150,-1457,-4,-477,85,95,-9
34,"336,815300",-7509,366,-3136,-1298,1197,-464,87,95,-10
34,"336,824600",-7577,306,-3225,-1388,2071,395,87,95,-10
34,"336,835200",-7932,250,-2969,-1207,2955,1033,90,95,-11
34,"336,844600",-7498,106,-2743,-621,1040,876,90,95,-11
34,"336,855200",-7603,123,-3256,1574,-1093,418,85,96,-11
34,"336,864600",-7749,226,-3403,6066,-1364,-225,85,96,-11
34,"336,875200",-8326,-383,-2835,12323,-1362,-372,86,93,-10
34,"336,884600",-8348,-389,-3138,15387,-564,1486,86,93,-10
34,"336,895200",-7217,606,-3172,15803,1870,3391,85,93,-9
34,"336,904500",-6564,148,-2732,8980,2384,1177,85,93,-9
34,"336,915100",-6882,309,-2640,4562,2719,168,82,92,-12
34,"336,924500",-7440,154,-3065,332,2300,-7,82,92,-12
34,"336,935100",-7688,415,-3167,-5286,2655,-945,82,95,-10
34,"336,944500",-7543,182,-2825,-12008,2272,-1038,82,95,-10
34,"336,955300",-7304,-13,-2889,-11866,-312,-12,84,96,-9
34,"336,964400",-7451,-152,-3173,-7565,-1752,27,84,96,-9
34,"336,975000",-7427,226,-2895,-1392,-1956,-133,85,96,-12
34,"336,984400",-7550,181,-3227,-344,-2704,121,85,96,-12
34,"336,995000",-7569,161,-3248,-282,-1967,54,86,95,-12
34,"337,004400",-7561,184,-3231,-173,-866,-124,86,95,-12
34,"337,015000",-7501,260,-3166,-70,116,-150,84,94,-10
34,"337,024400",-7501,251,-3163,-253,819,324,84,94,-10
34,"337,035000",-7567,138,-3289,-408,1599,703,85,96,-9
34,"337,044300",-7483,188,-2827,-255,2397,432,85,96,-9
34,"337,054900",-7494,223,-2933,-269,800,294,84,96,-12
34,"337,064300",-7529,175,-3130,-265,-576,214,84,96,-12
34,"337,074900",-7520,111,-3132,-790,-778,-305,86,96,-11
34,"337,084300",-7475,274,-3043,-116,-742,-525,86,96,-11
34,"337,094900",-7468,314,-3100,-271,-749,146,85,95,-11
34,"337,104300",-7571,151,-3262,-564,-728,819,85,95,-11
34,"337,114800",-7570,169,-3229,-276,61,480,85,93,-11
34,"337,124200",-7558,188,-3212,579,801,41,85,93,-11
34,"337,134800",-7484,243,-3054,312,1446,-72,84,94,-11
34,"337,144200",-7490,248,-3203,-1142,1648,285,84,94,-11
34,"337,154800",-7490,174,-3062,-478,1487,306,84,94,-12
34,"337,164200",-7496,197,-3143,-105,889,-6,84,94,-12
34,"337,174800",-8343,226,-4015,396,641,-51,86,96,-14
34,"337,184100",-11504,303,-6090,6729,2995,240,86,96,-14
34,"337,194700",-7413,1707,-5567,1106,8945,-4084,83,96,-14
34,"337,204100",-6990,-1164,-3441,4285,11969,-4837,83,96,-14
34,"337,214700",-7593,-688,-3626,-2424,18416,2881,84,96,-14
34,"337,224100",-6059,-1392,-4395,2063,23726,6429,84,96,-14
34,"337,234700",-7349,-295,-804,12325,18565,6851,83,98,-20
34,"337,244000",-5230,-322,-711,19523,18528,5073,83,98,-20
34,"337,254600",-5783,162,-4093,17810,15523,2500,80,101,-24
34,"337,264000",-6215,555,-4354,20043,8287,1781,80,101,-24
34,"337,274600",-6999,-444,-2774,21628,-1135,1101,78,102,-28
34,"337,284000",-7281,-282,-3357,19379,-1094,1277,78,102,-28
34,"337,294600",-6598,494,-5826,21620,604,1429,77,101,-27
34,"337,304000",-6576,-862,-5697,14102,545,-526,77,101,-27
34,"337,314600",-6884,210,-4997,-4516,1972,1754,75,100,-27
34,"337,323900",-7418,376,-4866,-17337,4032,796,75,100,-27
34,"337,334500",-6745,-491,-6053,-16743,7750,641,76,100,-27
34,"337,343900",-7996,-444,-5215,-663,4390,2613,76,100,-27
34,"337,354500",-6404,-2041,-3186,22844,-15,816,77,98,-28
34,"337,363900",-6167,-394,-2490,32767,-5822,133,77,98,-28
34,"337,374500",-5734,-259,-3861,28388,-11846,-5498,75,98,-28
34,"337,383900",-6901,-83,-5869,17627,-17556,-8445,75,98,-28
34,"337,394600",-6673,456,-6522,8975,-19228,-12417,75,98,-24
34,"337,403800",-7271,-908,-7399,-947,-20290,-15498,75,98,-24
34,"337,414400",-8068,142,-6620,161,-24516,-13476,78,97,-19
34,"337,423800",-6519,-1445,-6173,-3198,-24975,-16540,78,97,-19
34,"337,434400",-6656,-3211,-5426,-3861,-32768,-10682,84,96,-13
34,"337,443700",-6975,-1826,-3148,7012,-32768,376,84,96,-13
34,"337,454300",-5568,-222,-1396,24942,-32768,-116,82,90,-5
34,"337,463700",-7611,-784,-2234,29657,-32768,-6040,82,90,-5
34,"337,474300",-7229,-3531,212,20260,-32768,-11771,80,84,8
34,"337,483700",-6581,-2793,4211,12510,-32768,-6588,80,84,8
34,"337,494200",-7528,-1381,6967,3617,-32768,-2265,79,75,17
34,"337,503700",-7341,-1466,7896,-4349,-27828,-3229,79,75,17
34,"337,514200",-6343,-3025,4833,-12533,132,558,77,66,25
34,"337,523600",-7569,-2875,1148,-6564,8918,7664,77,66,25
34,"337,534200",-7290,-2789,-2799,4346,-761,4816,79,70,26
34,"337,543600",-7898,-3932,-3046,4074,-15972,-133,79,70,26
34,"337,554200",-7549,-3491,-1064,3802,-26740,5688,78,68,24
34,"337,563500",-6735,90,1188,12935,-32768,10254,78,68,24
34,"337,574100",-7549,1722,4702,15464,-32768,2907,74,61,30
34,"337,583600",-8359,27,7161,7996,-27981,-5521,74,61,30
34,"337,594100",-6837,-2503,5539,-734,-5727,-6144,73,55,34
34,"337,603600",-6698,-2859,2437,121,-422,-1453,73,55,34
34,"337,614200",-6265,-1868,1322,4860,-12832,2579,73,54,33
34,"337,623500",-6933,-1765,562,2886,-24506,252,73,54,33
34,"337,634000",-7589,-2770,1959,-578,-32768,-1402,72,49,36
34,"337,643400",-7515,-2322,4996,3602,-32768,2772,72,49,36
34,"337,654000",-7131,-430,6779,10620,-32768,5963,72,41,40
34,"337,663500",-6954,-342,7811,10344,-24866,704,72,41,40
34,"337,674000",-7401,-3319,7353,3833,-5160,-1621,69,35,42
34,"337,683400",-7118,-3761,3879,201,6381,3828,69,35,42
34,"337,694000",-6027,-3042,1955,-5343,3334,11955,70,37,40
34,"337,703400",-5519,411,1665,1529,-13338,15321,70,37,40
34,"337,714000",-6139,-371,4495,-4841,-27425,7778,71,36,42
34,"337,723400",-5743,-1581,5730,-7642,-29369,5335,71,36,42
34,"337,733900",-6379,-377,7411,-4514,-24967,7496,70,30,42
34,"337,743300",-5332,-703,7030,214,-15507,5944,70,30,42
34,"337,753900",-5906,101,7949,5788,-9969,4291,69,23,43
34,"337,763300",-6531,-863,7598,-599,1480,496,69,23,43
34,"337,773900",-5767,-1830,5901,-2100,14213,-141,67,23,43
34,"337,783300",-4628,-1864,4337,-5230,20578,589,67,23,43
34,"337,793800",-4449,-1818,3272,-8607,19228,3824,70,26,42
34,"337,803300",-4756,-1348,3052,-6249,8900,7808,70,26,42
34,"337,813800",-5984,-966,2621,-2626,-3477,8333,70,29,41
34,"337,823200",-6662,-128,3131,1243,-13433,8435,70,29,41
34,"337,833900",-7006,615,4626,4044,-19126,5451,71,27,42
34,"337,843200",-6272,-128,6110,4272,-20490,-735,71,27,42
34,"337,853800",-6561,-138,7914,7199,-16284,-3351,69,23,43
34,"337,863200",-6253,-943,6676,2432,-2759,-5651,69,23,43
34,"337,873700",-5275,-1458,4444,2376,2560,-4918,68,20,44
34,"337,883200",-5155,-1859,4074,-2617,-3955,-3362,68,20,44
34,"337,893700",-5544,-2058,5576,-1410,-11118,1589,68,20,42
34,"337,903100",-5334,-1381,5875,-1589,-15537,6078,68,20,42
34,"337,913700",-5601,-752,5820,-5005,-15842,9168,67,18,43
34,"337,923000",-6032,40,5648,-2750,-14978,10084,67,18,43
34,"337,933600",-5303,69,4838,286,-14890,5823,70,13,41
34,"337,943000",-5084,-113,6238,836,-16076,1106,70,13,41
34,"337,953600",-5200,-314,7667,-1920,-11943,-2160,69,12,44
34,"337,963000",-4651,-1152,7277,-1316,-3896,-3666,69,12,44
34,"337,973600",-4594,-1626,6773,-963,1686,-3058,70,10,43
34,"337,983000",-5290,-2192,5771,-2960,4257,-925,70,10,43
34,"337,993500",-5051,-1555,5164,650,1744,2376,68,9,43
34,"338,003000",-5095,-830,5335,1094,-6674,3542,68,9,43
34,"338,013500",-5026,-689,5966,2356,-12917,2434,70,8,42
34,"338,022900",-4999,-662,6424,2419,-14586,1854,70,8,42
34,"338,033400",-4652,-601,7045,2637,-13240,2314,68,5,44
34,"338,042900",-4309,-127,7495,3654,-9454,2324,68,5,44
34,"338,053600",-4036,508,7977,4282,-4925,1464,68,2,43
34,"338,062800",-4339,227,7827,1009,685,-1012,68,2,43
34,"338,073400",-4636,-418,7340,-1462,5590,-3212,66,1,43
34,"338,082900",-4688,-1076,7036,-2466,9617,-4325,66,1,43
34,"338,093400",-4655,-1592,6608,-2107,11415,-4577,66,4,42
34,"338,102800",-4710,-1695,6983,-890,12693,-2755,66,4,42
34,"338,113400",-4713,-1501,7206,-4,15083,168,67,7,42
34,"338,122800",-4996,-1405,6458,1460,18230,2320,67,7,42
34,"338,133400",-5272,-1229,5821,6323,20067,3389,65,10,41
34,"338,142800",-5205,-643,5082,15188,19084,2775,65,10,41
34,"338,153300",-5620,-604,4201,20519,14062,-385,65,15,42
34,"338,162700",-6361,69,4138,32080,8946,-2943,65,15,42
34,"338,173300",-5028,666,4065,32767,4037,-9067,59,17,41
34,"338,182700",-5348,1544,3823,32767,-9226,-12879,59,17,41
34,"338,193300",-6210,1594,5029,32767,-22711,-17489,49,19,38
34,"338,202700",-6069,225,6697,32767,-27940,-19750,49,19,38
34,"338,213200",-5871,263,9276,30597,-25293,-15168,39,14,37
34,"338,222600",-5877,1448,10534,25619,-14002,-9307,39,14,37
34,"338,233200",-4827,1215,9508,16437,5466,-5678,37,11,32
34,"338,242600",-3596,553,6101,11004,19761,-3163,37,11,32
34,"338,253200",-4082,774,3454,10859,18079,-1387,32,13,29
34,"338,262600",-4986,1610,2794,12500,-74,-1921,32,13,29
34,"338,273300",-5299,1555,5126,11485,-15365,-7582,29,15,29
34,"338,282600",-5792,1620,7300,14181,-21203,-11016,29,15,29
34,"338,293100",-5511,2403,8514,21094,-16238,-12495,28,14,29
34,"338,302500",-4138,1777,8227,16563,-5240,-16360,28,14,29
34,"338,313100",-4056,814,6522,4551,2244,-15924,23,14,25
34,"338,322500",-4408,-316,4981,-5326,5169,-10439,23,14,25
34,"338,333100",-5419,-390,5300,-8777,2988,-3116,25,15,26
34,"338,342500",-5339,-412,5417,-8777,2518,2768,25,15,26
34,"338,353000",-5581,483,5814,-4690,1044,8486,25,16,25
34,"338,362400",-5754,1858,6482,-4681,-3136,12496,25,16,25
34,"338,373000",-5792,2805,7547,-5900,-4066,12859,26,13,27
34,"338,382400",-5463,2738,7368,-10721,168,9578,26,13,27
34,"338,393000",-4867,2679,7312,-8485,4030,7529,28,14,27
34,"338,402400",-4130,3096,6414,-1923,6850,5694,28,14,27
34,"338,412900",-4982,2981,5202,2752,5984,149,31,12,29
34,"338,422300",-4634,1301,4141,4280,3174,-8637,31,12,29
34,"338,432900",-4291,-80,4570,5658,-833,-13881,27,16,27
34,"338,442300",-4564,-609,5445,5555,-7237,-11981,27,16,27
34,"338,452900",-5491,216,6350,11659,-13901,-6882,28,18,27
34,"338,462300",-5324,1178,6511,14647,-18156,-3490,28,18,27
34,"338,472800",-5775,1691,7989,9401,-19189,-2863,23,13,24
34,"338,482300",-4803,1350,8005,5759,-14164,-3102,23,13,24
34,"338,493000",-5131,1683,7272,4781,-7301,-1640,23,10,24
34,"338,502200",-4445,2446,7024,2412,-3673,-1241,23,10,24
34,"338,512800",-5172,1985,6635,540,-2795,-5344,22,10,23
34,"338,522200",-4541,994,6260,3655,-1921,-9104,22,10,23
34,"338,532700",-4464,604,6786,4169,-3241,-8851,22,12,22
34,"338,542200",-4549,325,7152,5869,-4415,-6714,22,12,22
34,"338,552700",-4052,706,7557,6976,-6785,-3394,21,11,21
34,"338,562100",-3967,1217,7841,3316,-7289,-410,21,11,21
34,"338,572800",-4125,1380,7752,-149,-5219,3499,20,11,22
34,"338,582100",-4981,1025,6390,-2255,-1321,6610,20,11,22
34,"338,592700",-4413,1831,6319,5783,588,8036,21,8,22
34,"338,602100",-4417,3317,7053,7912,-1676,7152,21,8,22
34,"338,612600",-4652,2759,6909,2499,1487,4071,18,6,19
34,"338,622000",-4229,2588,6079,2074,4698,3087,18,6,19
34,"338,632600",-4819,2828,6113,-906,5687,1448,18,7,20
34,"338,642000",-4209,1982,6268,-7173,9195,154,18,7,20
34,"338,652600",-4031,1925,6650,-9412,10969,2600,20,8,19
34,"338,662000",-3823,1809,6140,-15877,13871,5041,20,8,19
34,"338,672500",-3357,1522,5289,-19056,15833,6685,21,12,22
34,"338,682000",-3851,1380,5362,-17685,11925,6488,21,12,22
34,"338,692500",-4620,1014,5420,-14549,7124,4668,25,11,24
34,"338,701900",-5279,1152,6081,-10363,2821,3077,25,11,24
34,"338,712600",-5529,1186,7134,-10067,1653,861,28,13,28
34,"338,721900",-4960,962,7840,-11468,6422,63,28,13,28
34,"338,732500",-5054,607,8330,-14411,14027,870,30,12,27
34,"338,741900",-4810,485,8000,-20723,24147,2305,30,12,27
34,"338,752400",-4478,430,7360,-32768,32767,6154,32,14,29
34,"338,761900",-4811,566,7204,-32768,32767,12678,32,14,29
34,"338,772400",-5097,1033,6691,-32768,32767,16878,43,23,32
34,"338,781800",-5240,1332,5616,-32768,32767,16507,43,23,32
34,"338,792400",-5581,1406,4560,-32768,32767,15470,51,32,33
34,"338,801800",-5662,1425,3959,-32768,32767,13007,51,32,33
34,"338,812400",-5540,1463,3042,-32768,32767,8749,58,43,31
34,"338,821800",-6156,1513,2174,-32768,32767,3286,58,43,31
34,"338,832400",-6913,1097,1571,-32768,32767,-1863,68,54,29
34,"338,841700",-7031,417,1581,-32768,32767,-4332,68,54,29
34,"338,852400",-7181,-75,999,-32768,32767,-5767,77,65,24
34,"338,861800",-7254,-297,511,-32768,32767,-4733,77,65,24
34,"338,872300",-6907,-618,-91,-32768,32767,-4327,87,74,16
34,"338,881700",-6894,-437,-961,-32768,32767,-3503,87,74,16
34,"338,892300",-7170,-687,-1580,-32768,32767,-4232,94,82,5
34,"338,901700",-7200,-548,-1905,-32768,32767,-2570,94,82,5
34,"338,912300",-6905,-135,-2957,-32768,32767,-3867,98,91,-7
34,"338,921700",-6183,-315,-4151,-30699,32767,-7250,98,91,-7
34,"338,932400",-5783,-1512,-4969,-25181,32767,-7527,105,94,-21
34,"338,941700",-5503,-796,-6473,-17508,32767,-4718,105,94,-21
34,"338,952200",-5058,-991,-7250,-21468,25220,-5417,110,93,-32
34,"338,961600",-6840,-1377,-7249,-23226,16346,-3326,110,93,-32
34,"338,972200",-7783,-1591,-5617,-19792,6507,-2669,109,96,-38
34,"338,981600",-6983,-1734,-5178,-16343,786,-2636,109,96,-38
34,"338,992200",-8047,-1256,-5002,-10415,4303,895,113,95,-40
34,"339,001600",-7351,-457,-5381,-435,14604,6573,113,95,-40
34,"339,012100",-6854,300,-5269,2561,22558,7351,112,95,-42
34,"339,021500",-5505,-1130,-11019,747,19663,4447,112,95,-42
34,"339,032100",-6037,-299,-10023,-883,-1313,4443,113,97,-47
34,"339,041500",-6528,383,-4366,-3884,-14820,3297,113,97,-47
34,"339,052100",-6796,694,-5006,-7275,-13130,-1,113,95,-46
34,"339,061500",-7208,1221,-5662,-10715,-13134,-3125,113,95,-46
34,"339,072100",-7457,506,-5575,-15877,-14746,-5155,113,94,-44
34,"339,081400",-7046,-32,-5563,-16740,-15666,-4989,113,94,-44
34,"339,092000",-6641,-144,-5496,-14089,-18607,-2126,114,94,-42
34,"339,101400",-7143,-83,-3946,-9215,-22039,59,114,94,-42
34,"339,112000",-7360,693,-3622,-8715,-19118,-269,114,94,-37
34,"339,121400",-6605,1154,-4952,-18307,-13156,-2371,114,94,-37
34,"339,131900",-6726,835,-6059,-32768,-14415,-4224,116,95,-37
34,"339,141300",-8069,472,-4447,-32768,-23112,-2830,116,95,-37
34,"339,152100",-7467,1516,-3630,-32768,-31219,-2796,116,93,-36
34,"339,161300",-7051,1808,-3018,-32768,-31688,-7764,116,93,-36
34,"339,171900",-7785,1111,-2069,-32768,-29479,-11937,117,91,-36
34,"339,181200",-8053,678,-335,-32768,-22894,-14173,117,91,-36
34,"339,191900",-7623,1010,-227,-31718,-9066,-13134,122,89,-37
34,"339,201200",-7398,1419,-954,-28547,3496,-13548,122,89,-37
34,"339,211800",-7488,1529,-1764,-32768,12666,-16012,124,88,-39
34,"339,221200",-7457,1264,-2375,-32768,16388,-16148,124,88,-39
34,"339,231800",-7211,1363,-3033,-32768,14603,-15214,128,85,-49
34,"339,241200",-6635,747,-3835,-32768,9321,-15236,128,85,-49
34,"339,251700",-7278,483,-4366,-32768,1184,-14258,132,86,-57
34,"339,261100",-7822,175,-3870,-32768,-7739,-11694,132,86,-57
34,"339,271800",-8235,-348,-2659,-30746,-14603,-8588,135,83,-63
34,"339,281200",-7780,-223,-1370,-21235,-15403,-3441,135,83,-63
34,"339,291700",-8142,311,-361,-12006,-9809,82,133,83,-63
34,"339,301100",-7994,1431,-410,-13060,250,-188,133,83,-63
34,"339,311700",-8025,1850,-224,-23592,9987,-3694,133,82,-63
34,"339,321100",-7299,1334,-287,-32768,19275,-7282,133,82,-63
34,"339,331700",-6714,1620,-821,-32768,24041,-8819,133,85,-71
34,"339,341000",-6556,1111,-1750,-32768,27023,-10874,133,85,-71
34,"339,351600",-5734,838,-3016,-32768,26806,-11706,130,81,-82
34,"339,361000",-6659,-338,-3040,-28138,21531,-11115,130,81,-82
34,"339,371700",-6727,216,-3698,-19982,18355,-7108,133,76,-90
34,"339,381000",-6958,257,-3364,-22322,15471,-2870,133,76,-90
34,"339,391500",-6579,536,-3581,-26568,11048,588,129,75,-97
34,"339,401000",-6480,1095,-3600,-25766,6340,1269,129,75,-97
34,"339,411600",-6066,1936,-4492,-15641,2584,-791,122,73,-103
34,"339,421000",-6862,1521,-5497,-7795,-4143,-6861,122,73,-103
34,"339,431500",-9155,1847,-6039,-4656,-9975,-9073,122,74,-107
34,"339,440900",-9328,1416,-5065,-5343,-14685,-10125,122,74,-107
34,"339,451500",-8685,567,-3646,-10942,-17838,-10343,126,74,-104
34,"339,460900",-8281,-306,-1648,-10431,-17552,-6402,126,74,-104
34,"339,471500",-7488,-260,-2187,-4173,-12131,-3736,125,78,-104
34,"339,480900",-7322,71,-2545,1096,-6169,-1569,125,78,-104
34,"339,491500",-7224,606,-3050,6873,-3365,-1522,125,76,-102
34,"339,500800",-8595,698,-1764,8240,-2140,-3841,125,76,-102
34,"339,511400",-8114,149,-543,6621,5211,-5407,124,77,-102
34,"339,520800",-7319,94,-2211,4027,16214,-6241,124,77,-102
34,"339,531400",-5944,551,-5316,-1097,19747,-5609,127,75,-102
34,"339,540700",-6009,527,-7914,-6827,8996,-4011,127,75,-102
34,"339,551400",-7769,1076,-6136,-8604,-12516,-411,127,73,-106
34,"339,560700",-8893,1195,-3009,-10600,-28331,1744,127,73,-106
34,"339,571300",-8750,1236,-1421,-7617,-31449,1781,127,75,-103
34,"339,580700",-8372,1051,-1069,-5821,-27706,-1785,127,75,-103
34,"339,591500",-8252,810,-1079,-3481,-22197,-4922,123,80,-100
34,"339,600700",-8398,-188,51,-4746,-16959,-6857,123,80,-100
34,"339,611300",-8085,-403,507,285,-6339,-4764,126,80,-97
34,"339,620700",-6353,-289,-1153,6,3075,-1637,126,80,-97
34,"339,631200",-5903,537,-3007,-3253,4166,1740,125,82,-95
34,"339,640600",-6076,1951,-3285,-4275,-2620,3353,125,82,-95
34,"339,651200",-8347,1728,-2141,-8887,-11798,544,125,84,-96
34,"339,660600",-9707,827,-949,-13076,-16967,-3410,125,84,-96
34,"339,671200",-10105,744,433,-8524,-16946,-5352,123,85,-96
34,"339,680500",-8648,943,1804,-2756,-11060,-6389,123,85,-96
34,"339,691100",-8016,284,2075,2480,-275,-11208,124,85,-92
34,"339,700500",-6705,-102,458,1884,11356,-13244,124,85,-92
34,"339,711200",-7349,-4,-809,-3485,20234,-10709,125,83,-94
34,"339,720500",-7020,577,-1970,-9307,29303,-7538,125,83,-94
34,"339,731100",-6983,381,-2821,-11965,32767,-6504,128,81,-100
34,"339,740500",-6964,-219,-3463,-6342,31018,-7622,128,81,-100
34,"339,751000",-7104,-367,-4604,-10536,24826,-8694,128,80,-104
34,"339,760500",-7886,-843,-4646,-28046,15119,-7266,128,80,-104
34,"339,771000",-8107,-786,-3624,-32768,7375,-573,126,76,-113
34,"339,780400",-7413,259,-4056,-27196,3374,4885,126,76,-113
34,"339,791000",-7327,1292,-4098,-13787,-869,3591,120,72,-117
34,"339,800400",-7047,1290,-3978,-9902,-6959,-1717,120,72,-117
34,"339,811100",-8096,716,-3210,-11039,-13767,-6753,117,75,-119
34,"339,820400",-8702,260,-1425,-14693,-16533,-9508,117,75,-119
34,"339,830900",-8541,69,-773,-14152,-13665,-8150,116,77,-118
34,"339,840400",-8115,-401,636,-9291,-7041,-6117,116,77,-118
34,"339,851000",-7795,-193,-70,-2898,3406,-4422,114,80,-117
34,"339,860400",-6462,59,-2827,-1123,13378,-4227,114,80,-117
34,"339,870900",-6175,134,-4836,4995,9233,-5178,116,77,-118
34,"339,880300",-7198,265,-3145,7221,-4712,-6136,116,77,-118
34,"339,890900",-9243,-622,-431,315,-13208,-6071,119,76,-118
34,"339,900300",-8385,-1335,-40,-4917,-10436,-2897,119,76,-118
34,"339,910800",-8035,-1002,-1000,-3177,-7030,2070,119,80,-116
34,"339,920300",-8727,-690,-2488,-2233,-3011,5220,119,80,-116
34,"339,930800",-8644,-909,-2749,-5135,4807,8296,119,82,-114
34,"339,940200",-7950,-269,-2100,-567,11954,9857,119,82,-114
34,"339,950800",-6795,651,-3089,4601,18113,7784,116,81,-118
34,"339,960100",-5992,1152,-4698,6923,22497,4099,116,81,-118
34,"339,970800",-5555,1016,-7185,6447,18605,119,118,80,-119
34,"339,980100",-7172,1198,-7361,8682,2596,-2915,118,80,-119
34,"339,990700",-8490,782,-5616,6827,-15924,-7347,119,78,-121
34,"340,000100",-8355,219,-2917,8144,-28548,-8322,119,78,-121
34,"340,010700",-7775,122,-476,6641,-30460,-8452,120,80,-116
34,"340,020100",-7159,169,574,-1911,-24083,-9764,120,80,-116
34,"340,030800",-6857,-898,772,-10075,-14288,-8692,125,86,-110
34,"340,040100",-6262,-986,801,-5736,-4195,-2120,125,86,-110
34,"340,050600",-7799,-208,-508,1767,3034,2330,122,86,-112
34,"340,060000",-10609,-520,-2878,659,12948,273,122,86,-112
34,"340,070600",-10327,-542,-5561,-906,16505,-2920,121,85,-112
34,"340,080000",-10024,-1094,-3738,451,8344,-4960,121,85,-112
34,"340,090600",-7231,-1663,-1258,-200,-3708,-4407,125,84,-114
34,"340,100000",-6354,-1520,209,-3965,-11688,-778,125,84,-114
34,"340,110600",-6602,-626,-1058,-7699,-8153,3864,125,87,-112
34,"340,119900",-7636,-54,-2139,-10300,167,4125,125,87,-112
34,"340,130500",-8129,203,-2663,-6205,7188,492,124,87,-112
34,"340,139900",-8134,-32,-4073,-4605,9094,-2965,124,87,-112
34,"340,150500",-8301,-675,-3728,-5375,3980,-2946,124,86,-114
34,"340,159900",-8159,-1581,-2687,-11503,-1327,391,124,86,-114
34,"340,170500",-8337,-472,-2420,-9815,-1359,6247,122,87,-116
34,"340,179900",-7585,-35,-2323,-7843,2245,7659,122,87,-116
34,"340,190500",-7303,205,-2840,-7566,-215,5938,118,88,-117
34,"340,199800",-6588,201,-1911,-3169,-4323,1821,118,88,-117
34,"340,210500",-5817,-403,-67,-2094,-7867,-2887,116,89,-115
34,"340,219800",-5113,-646,-436,1234,-4728,-4384,116,89,-115
34,"340,230400",-5215,-1260,-631,-1179,4112,-3424,118,89,-115
34,"340,239800",-7134,-890,-2768,-3202,13033,-464,118,89,-115
34,"340,250600",-8523,-1079,-3145,-335,16269,2043,120,91,-115
34,"340,259700",-7343,501,-3350,5269,14306,5599,120,91,-115
34,"340,270300",-8800,766,-3250,8359,11584,4679,118,88,-118
34,"340,279700",-10326,217,-2991,14723,9822,3961,118,88,-118
34,"340,290300",-9181,4,-4094,15033,10921,7615,120,89,-120
34,"340,299700",-7734,-134,-4381,5201,14186,11145,120,89,-120
34,"340,310200",-7887,121,-4376,1265,16773,11995,121,86,-118
34,"340,319600",-5671,871,-6236,4404,14783,11061,121,86,-118
34,"340,330300",-4880,2602,-7512,8378,3980,5471,118,88,-123
34,"340,339600",-6209,2647,-6726,4027,-6176,-4945,118,88,-123
34,"340,350200",-7242,790,-4479,2406,-13398,-11817,120,86,-122
34,"340,359600",-8087,-564,-3491,1576,-18875,-14817,120,86,-122
34,"340,370200",-7408,-408,-3052,7280,-21307,-12905,122,89,-118
34,"340,379600",-7092,36,-3184,12960,-23991,-11088,122,89,-118
34,"340,390100",-8031,739,-2497,16697,-28652,-11512,128,88,-114
34,"340,399600",-8728,-362,-676,11193,-27282,-17206,128,88,-114
34,"340,410100",-8179,-2302,182,1586,-18804,-21075,132,91,-104
34,"340,419600",-7496,-3646,-106,-705,-3543,-16503,132,91,-104
34,"340,430100",-6908,-3114,-697,-632,7867,-4657,136,90,-100
34,"340,439500",-6900,-2267,-1641,-9621,14583,6221,136,90,-100
34,"340,450100",-6780,-1340,-1729,-17980,13837,14049,134,90,-103
34,"340,459500",-7537,-274,-1746,-22663,7470,16515,134,90,-103
34,"340,470200",-8118,55,-1116,-23344,4198,14958,130,92,-109
34,"340,479400",-7823,-295,-991,-18657,3464,11231,130,92,-109
34,"340,490000",-7745,270,-730,-10532,5467,8992,124,93,-113
34,"340,499400",-7393,69,-880,-10958,10656,6471,124,93,-113
34,"340,510000",-6553,-280,-1764,-6153,16050,7060,121,91,-116
34,"340,519400",-6215,882,-2803,8028,17120,7851,121,91,-116
34,"340,529900",-6214,1481,-3228,13956,12819,2210,120,90,-119
34,"340,539400",-6395,1457,-2605,14407,4600,-4108,120,90,-119
34,"340,550000",-7735,1586,-857,12779,-1686,-10251,122,90,-121
34,"340,559300",-8991,-138,-1066,3800,1564,-17003,122,90,-121
34,"340,569900",-8042,-1916,-1185,2429,13165,-17902,126,88,-118
34,"340,579300",-8043,-2486,-2727,3921,24825,-15618,126,88,-118
34,"340,589900",-7063,-2814,-6252,-477,30944,-10944,132,84,-120
34,"340,599300",-6000,-2142,-7273,-209,25360,-3584,132,84,-120
34,"340,609800",-7208,-2042,-7083,-1766,12240,1128,131,80,-126
34,"340,619200",-7799,-2272,-6256,-5183,-459,4456,131,80,-126
34,"340,629800",-8166,-1609,-4729,-7573,-7671,7932,129,77,-128
34,"340,639200",-7653,-812,-3574,-13577,-9775,11856,129,77,-128
34,"340,649800",-6664,-340,-3594,-15721,-6203,15568,127,81,-129
34,"340,659200",-5946,-24,-2963,-8587,152,14819,127,81,-129
34,"340,669800",-4958,105,-2862,-4247,7287,9890,122,85,-129
34,"340,679200",-6115,127,-4212,-719,12508,6382,122,85,-129
34,"340,689900",-6259,-126,-6549,-2204,13224,4593,123,86,-132
34,"340,699100",-6283,-596,-8503,-1945,3013,5190,123,86,-132
34,"340,709700",-7889,157,-5956,8430,-11568,7401,120,84,-135
34,"340,719100",-7968,796,-3820,14696,-22686,8442,120,84,-135
34,"340,729700",-8356,1300,-1899,12162,-20987,5822,120,89,-129
34,"340,739000",-7401,1719,-1557,9494,-8438,2685,120,89,-129
34,"340,749700",-7460,1260,-1193,4991,5661,-957,123,93,-126
34,"340,759000",-6648,963,-2649,654,22158,-4132,123,93,-126
34,"340,769700",-5534,251,-6387,368,32767,-6902,124,89,-125
34,"340,779000",-5441,-37,-9222,4907,27041,-6072,124,89,-125
34,"340,789600",-6268,-189,-8914,7489,6595,-6116,125,84,-132
34,"340,798900",-7359,-740,-6066,8267,-16281,-5820,125,84,-132
34,"340,809600",-7659,-675,-3393,6766,-25082,-2352,129,84,-129
34,"340,818900",-6745,-175,-1907,14375,-25079,255,129,84,-129
34,"340,829500",-7135,-252,-2348,22814,-16773,-3845,131,89,-122
34,"340,838900",-7280,-471,-2336,21538,-6100,-8580,131,89,-122
34,"340,849500",-7458,-1772,-2937,12173,5250,-9265,137,90,-115
34,"340,858900",-6785,-2598,-4492,8409,13457,-5334,137,90,-115
34,"340,869500",-6703,-2218,-6010,5171,11695,-1255,140,89,-116
34,"340,878800",-6070,-1962,-7298,-2128,4143,4581,140,89,-116
34,"340,889400",-6456,-376,-7052,-6234,-9484,10625,140,86,-119
34,"340,898800",-6780,1041,-5388,-7937,-24796,9874,140,86,-119
34,"340,909500",-7695,1253,-4020,-5226,-32768,1636,138,92,-118
34,"340,918800",-6602,1372,-2142,-293,-32768,-7454,138,92,-118
34,"340,929300",-7171,379,-1393,4456,-32768,-13815,135,96,-108
34,"340,938800",-8019,-1053,-609,6651,-26494,-15652,135,96,-108
34,"340,949300",-8688,-2316,-598,8900,-17951,-15583,140,99,-99
34,"340,958800",-8076,-2752,-555,5416,-5353,-12153,140,99,-99
34,"340,969300",-7410,-3179,-1258,-1335,7461,-7814,144,97,-95
34,"340,978800",-6968,-3109,-3106,-5200,16636,-699,144,97,-95
34,"340,989300",-7047,-2348,-3968,-7756,18300,4434,144,95,-99
34,"340,998700",-7403,-1241,-3751,-8678,11585,6893,144,95,-99
34,"341,009300",-7428,-448,-3307,-9328,2594,4973,142,96,-105
34,"341,018700",-6669,-559,-3252,-7392,-3525,1935,142,96,-105
34,"341,029300",-6766,-648,-3740,-541,-8099,170,141,94,-105
34,"341,038700",-7553,-636,-3555,6207,-13542,-3060,141,94,-105
34,"341,049200",-7723,-1299,-2864,10690,-19457,-6062,141,95,-102
34,"341,058600",-7786,-1394,-2575,15023,-24987,-7203,141,95,-102
34,"341,069200",-7935,-1548,-1745,17631,-31120,-7521,143,96,-95
34,"341,078600",-7439,-1371,-1088,20535,-32768,-7758,143,96,-95
34,"341,089200",-7451,-1933,-630,15616,-30835,-8883,147,96,-82
34,"341,098500",-7760,-2538,103,9206,-25227,-8488,147,96,-82
34,"341,109100",-8036,-2900,701,4351,-18660,-5532,151,98,-74
34,"341,118500",-7963,-2868,1282,5267,-13838,-1858,151,98,-74
34,"341,129200",-7385,-2495,1640,6434,-6834,177,151,97,-71
34,"341,138400",-6968,-2325,818,4932,529,1655,151,97,-71
34,"341,149000",-7152,-2026,258,5958,4905,3028,150,99,-68
34,"341,158400",-7168,-1748,53,11041,7224,2890,150,99,-68
34,"341,169100",-7352,-1522,-28,17848,6011,724,149,98,-67
34,"341,178400",-7950,-1198,24,24090,1710,-2036,149,98,-67
34,"341,189000",-7931,-1409,-453,28608,-1497,-5722,152,98,-63
34,"341,198400",-8177,-1543,-344,32767,-6878,-7933,152,98,-63
34,"341,209100",-8236,-1822,-194,32767,-11033,-11230,156,98,-58
34,"341,218400",-8085,-2326,355,29027,-13625,-14850,156,98,-58
34,"341,229000",-8209,-2825,1609,23115,-13373,-16926,158,94,-47
34,"341,238300",-7357,-2943,3074,17752,-8867,-14804,158,94,-47
34,"341,249000",-7491,-3246,2807,13536,-363,-10139,160,93,-39
34,"341,258300",-7282,-3551,1264,14071,6915,-5830,160,93,-39
34,"341,268900",-7220,-3355,-169,13890,7007,-2957,161,89,-37
34,"341,278300",-7253,-3120,-398,6290,1539,-3001,161,89,-37
34,"341,288900",-7919,-2646,345,4668,-7776,-179,161,91,-35
34,"341,298200",-8006,-1528,2065,3986,-13483,1478,161,91,-35
34,"341,308900",-7749,-1925,3295,-3109,-10672,-50,161,88,-31
34,"341,318200",-7511,-2120,3318,2357,-2892,-945,161,88,-31
34,"341,328800",-6863,-2199,2840,8510,5287,-5165,160,89,-29
34,"341,338200",-6746,-1556,1720,13171,8394,-9698,160,89,-29
34,"341,348900",-6605,-2777,489,5067,11371,-15638,162,88,-28
34,"341,358200",-6727,-3457,9,-4289,11544,-15886,162,88,-28
34,"341,368800",-7154,-3822,1055,-17735,10093,-13322,166,86,-31
34,"341,378100",-6913,-4491,1718,-20941,14883,-6747,166,86,-31
34,"341,388700",-6290,-4346,1738,-16320,19569,1106,167,85,-35
34,"341,398100",-6641,-4154,499,-15163,20892,6175,167,85,-35
34,"341,408700",-6853,-3565,633,-14879,22087,9235,166,87,-45
34,"341,418100",-6225,-2798,-1021,-18291,25454,11166,166,87,-45
34,"341,428700",-6207,-2654,-2185,-17184,25998,11947,165,90,-52
34,"341,438100",-7236,-2795,-2307,-11188,18499,10931,165,90,-52
34,"341,448700",-7170,-2759,-2107,-7511,12092,9234,163,92,-61
34,"341,458000",-7239,-2606,-1845,-12161,9904,7565,163,92,-61
34,"341,468600",-8224,-3034,-1984,-16107,12282,8289,164,93,-66
34,"341,478000",-9233,-3110,-2133,-13985,13211,10000,164,93,-66
34,"341,488600",-8693,-2032,-2778,-10785,11706,10338,160,96,-69
34,"341,498000",-8477,-1488,-3760,-14323,12176,7609,160,96,-69
34,"341,508600",-7784,-1736,-4183,-28194,11966,4414,159,97,-75
34,"341,517900",-7748,-2343,-3613,-32768,10520,5209,159,97,-75
34,"341,528500",-8070,-2022,-2832,-32768,8795,9596,156,96,-86
34,"341,537900",-8017,-1218,-2831,-32768,8852,10074,156,96,-86
34,"341,548500",-7443,-984,-3174,-28572,8286,8802,151,99,-94
34,"341,557900",-6648,-458,-3556,-22490,6591,7700,151,99,-94
34,"341,568600",-6524,60,-3805,-16395,3107,6265,143,98,-104
34,"341,577800",-7149,11,-3946,-15920,-1252,1521,143,98,-104
34,"341,588400",-7673,-608,-3044,-16176,-3931,-1577,141,98,-105
34,"341,597800",-7601,-1355,-3068,-9398,-6368,-1273,141,98,-105
34,"341,608400",-7447,-929,-3470,6004,-9978,-1188,138,99,-108
34,"341,617800",-7801,-786,-2816,13513,-13469,-5078,138,99,-108
34,"341,628400",-7311,-830,-2266,12815,-15042,-8232,139,100,-101
34,"341,637800",-7682,-995,-1657,9756,-11885,-8767,139,100,-101
34,"341,648400",-7456,-1371,-2044,3270,-5616,-8180,145,99,-95
34,"341,657800",-7318,-1699,-3241,-3666,-2118,-6639,145,99,-95
34,"341,668400",-7821,-2265,-3904,-9138,-2223,-4595,147,98,-96
34,"341,677800",-8470,-2594,-3815,-8543,-9987,-1346,147,98,-96
34,"341,688300",-8697,-2219,-2320,-7339,-19394,2443,145,96,-98
34,"341,697700",-7784,-1562,-1468,-4702,-18672,5885,145,96,-98
34,"341,708300",-7162,-891,-2006,-1793,-15759,5942,145,99,-95
34,"341,717700",-7687,-710,-1455,273,-14857,2739,145,99,-95
34,"341,728300",-7800,-831,-502,-249,-12716,-990,142,103,-90
34,"341,737600",-8130,-1080,27,-2015,-6875,-2472,142,103,-90
34,"341,748200",-7790,-860,-635,-5434,738,-2028,142,102,-89
34,"341,757600",-8240,-1334,-381,-13059,8714,-2476,142,102,-89
34,"341,768200",-7497,-2167,-364,-23177,19898,440,142,101,-90
34,"341,777600",-7369,-2179,-1547,-28179,29318,7109,142,101,-90
34,"341,788300",-7133,-1205,-2977,-28952,32680,13233,138,100,-100
34,"341,797500",-6250,604,-3901,-32768,28340,17295,138,100,-100
34,"341,808100",-7193,1241,-2878,-32768,26700,16574,128,100,-115
34,"341,817500",-7447,2066,-5240,-32768,27280,12983,128,100,-115
34,"341,828100",-6375,2349,-6084,-28686,16926,3199,118,97,-125
34,"341,837500",-7577,2548,-5088,-24500,1638,-7113,118,97,-125
34,"341,848100",-7730,1697,-4461,-30432,-6979,-14337,115,91,-131
34,"341,857400",-7398,838,-3128,-32768,-10645,-14711,115,91,-131
34,"341,868100",-8326,48,-1700,-26966,-10388,-13407,110,92,-133
34,"341,877500",-7179,207,-2447,-12607,-2380,-9990,110,92,-133
34,"341,888000",-6636,138,-3609,-5606,4565,-8918,109,92,-134
34,"341,897400",-7669,762,-4890,-4008,6628,-8677,109,92,-134
34,"341,908000",-7290,401,-4175,-10586,5014,-10139,109,90,-134
34,"341,917400",-6894,-733,-4220,-23536,6434,-10754,109,90,-134
34,"341,928000",-6641,-583,-4522,-32768,3661,-8422,107,89,-137
34,"341,937300",-6804,-1204,-3695,-32768,-2389,-6339,107,89,-137
34,"341,947900",-7600,-54,-2998,-32768,-4347,-1786,96,87,-140
34,"341,957300",-7501,380,-2919,-32768,-2858,-2399,96,87,-140
34,"341,967900",-7428,703,-3263,-32768,-1284,-968,85,87,-142
34,"341,977300",-7428,1825,-2950,-32768,-1473,1777,85,87,-142
34,"341,987900",-7560,1524,-2417,-24068,-795,19,75,87,-142
34,"341,997300",-7544,1247,-1770,-9453,-281,-2581,75,87,-142
34,"342,008000",-5865,1782,-1880,6955,1286,-5653,70,84,-141
34,"342,017200",-7132,824,-1924,8885,4941,-14949,70,84,-141
34,"342,027800",-7086,653,-3335,6388,10578,-17622,72,87,-141
34,"342,037200",-6776,-131,-4241,-3637,10954,-15156,72,87,-141
34,"342,047800",-7019,-485,-4125,-7419,10180,-10181,79,83,-144
34,"342,057200",-7068,292,-3878,-8469,9115,-6141,79,83,-144
34,"342,067700",-7329,811,-4022,-13199,8266,-4993,76,81,-147
34,"342,077200",-7019,1210,-3524,-21111,11062,-4296,76,81,-147
34,"342,087800",-6347,1212,-3440,-31937,15218,-2569,75,79,-147
34,"342,097100",-7375,1785,-4059,-32768,16593,-1797,75,79,-147
34,"342,107700",-7058,2477,-4273,-32768,16148,-1122,64,77,-151
34,"342,117100",-7398,3152,-3771,-32768,15587,-672,64,77,-151
34,"342,127600",-7013,4380,-3917,-32768,15980,-2574,51,70,-149
34,"342,137000",-7034,5029,-4599,-32768,17611,-11111,51,70,-149
34,"342,147600",-6195,4377,-4051,-32768,18693,-18554,41,67,-148
34,"342,157000",-5144,2527,-3725,-26101,19639,-24320,41,67,-148
34,"342,167600",-4605,551,-2758,-11981,20864,-26140,32,65,-149
34,"342,177000",-4107,-1061,-2733,-7106,26336,-23798,32,65,-149
34,"342,187600",-4694,-965,-5165,-4760,30974,-14754,36,60,-149
34,"342,197000",-4699,-125,-7555,-1337,31608,-4047,36,60,-149
34,"342,207500",-5684,804,-10125,545,23115,7,32,56,-151
34,"342,216900",-6845,2404,-11633,3128,11593,-2390,32,56,-151
34,"342,227700",-7410,2354,-9792,2455,-843,-8123,34,51,-154
34,"342,236900",-8054,713,-6285,-8098,-13732,-13989,34,51,-154
34,"342,247500",-6855,-571,-3978,-16160,-16318,-11758,33,53,-154
34,"342,256900",-5537,414,-5034,-26351,-12079,-6846,33,53,-154
34,"342,267500",-5741,1535,-5501,-30971,-14087,-4412,28,57,-149
34,"342,276800",-5829,1552,-4738,-31161,-15224,-3256,28,57,-149
34,"342,287500",-6047,2134,-3478,-24585,-14301,-704,21,59,-141
34,"342,296800",-6033,2833,-2933,-26145,-9457,-1414,21,59,-141
34,"342,307400",-5558,3045,-2714,-32768,-1234,-4084,16,65,-135
34,"342,316800",-5289,2931,-3192,-32768,5717,-3673,16,65,-135
34,"342,327400",-6133,3162,-4428,-26209,5725,-1676,10,64,-128
34,"342,336800",-6433,3262,-4822,-15379,838,-1063,10,64,-128
34,"342,347400",-7154,3702,-5231,-9453,-3742,-1710,4,62,-125
34,"342,356800",-7374,3008,-3998,-6826,-7384,-2345,4,62,-125
34,"342,367300",-7901,2473,-2652,3322,-7669,-2201,1,66,-122
34,"342,376700",-6832,2560,-2945,7458,1396,-4144,1,66,-122
34,"342,387300",-5617,3158,-4681,13602,15559,-7964,5,65,-122
34,"342,396700",-4001,2542,-6632,13762,16535,-11591,5,65,-122
34,"342,407300",-4533,2574,-6969,14295,1551,-14446,8,64,-126
34,"342,416700",-5357,1517,-5432,4957,-13592,-17365,8,64,-126
34,"342,427200",-5692,925,-4505,-2910,-20670,-14420,12,68,-127
34,"342,436600",-8199,994,-4460,-5246,-19958,-11312,12,68,-127
34,"342,447400",-8696,275,-3414,-6916,-15670,-10435,13,73,-120
34,"342,456600",-8353,534,-1359,-2756,-7170,-9264,13,73,-120
34,"342,467200",-6837,1045,-1373,-167,7949,-8447,12,77,-118
34,"342,476600",-6487,958,-4011,-9657,17018,-9076,12,77,-118
34,"342,487100",-4351,742,-6383,-10778,19041,-7760,14,75,-118
34,"342,496500",-6209,806,-8654,-5053,13094,-6230,14,75,-118
34,"342,507100",-7449,1327,-9082,4280,1966,-3834,14,76,-119
34,"342,516500",-7306,825,-7594,2256,-15507,-3285,14,76,-119
34,"342,527100",-7923,624,-4069,-3216,-30281,-1557,14,75,-121
34,"342,536500",-7952,356,-2160,-5286,-29898,1942,14,75,-121
34,"342,547100",-7405,1735,-2056,-4255,-19502,5796,14,80,-115
34,"342,556500",-6713,2200,-1578,-930,-11489,3684,14,80,-115
34,"342,567100",-6467,1962,-773,1744,-809,-284,14,82,-109
34,"342,576400",-6124,1685,-1288,2804,12305,-3475,14,82,-109
34,"342,587000",-6225,1187,-3800,-570,19838,-5093,13,83,-110
34,"342,596400",-6050,1295,-5342,2881,19056,-4603,13,83,-110
34,"342,606900",-6549,1274,-6656,4120,8891,-4414,16,80,-114
34,"342,616400",-7933,1339,-5988,2961,-9112,-4432,16,80,-114
34,"342,627000",-7487,1135,-4998,-3162,-23587,-5710,17,78,-115
34,"342,636400",-8184,717,-4147,-6247,-30724,-4674,17,78,-115
34,"342,646900",-7821,920,-2693,-7489,-31625,-2206,17,81,-111
34,"342,656300",-8100,423,-1824,-11232,-28415,-840,17,81,-111
34,"342,667000",-8046,1375,-468,-6702,-20088,2736,16,90,-101
34,"342,676300",-7355,1376,468,2798,-6572,2720,16,90,-101
34,"342,686900",-6795,1022,-51,6231,10193,-91,16,90,-99
34,"342,696300",-6922,1332,-1330,7354,20975,-2165,16,90,-99
34,"342,706800",-6468,1103,-2257,7606,27257,-4907,16,88,-103
34,"342,716200",-6470,561,-3823,7073,29666,-6370,16,88,-103
34,"342,726800",-6011,417,-5019,12245,25307,-7012,18,83,-110
34,"342,736200",-6935,227,-4911,9781,16663,-7016,18,83,-110
34,"342,746800",-7052,-37,-5002,2267,9987,-3345,19,82,-112
34,"342,756200",-7271,758,-4375,1841,5638,2105,19,82,-112
34,"342,766800",-6849,1320,-3667,-47,6069,4171,23,80,-116
34,"342,776200",-6555,1210,-3639,1599,6367,2261,23,80,-116
34,"342,786700",-6547,944,-3763,6884,7729,-983,21,79,-117
34,"342,796100",-6352,716,-4595,7683,9016,-3829,21,79,-117
34,"342,806700",-6700,552,-5247,7381,8974,-4874,22,79,-121
34,"342,816100",-6588,145,-5852,4944,6276,-3503,22,79,-121
34,"342,826700",-7340,460,-5376,9404,1457,-311,26,76,-119
34,"342,836100",-7125,614,-4983,11020,-1627,-136,26,76,-119
34,"342,846600",-7695,1103,-3716,11286,-3572,-1487,24,79,-123
34,"342,856000",-7288,388,-3398,6467,216,-4214,24,79,-123
34,"342,866600",-6814,21,-4540,3265,4610,-4181,28,78,-125
34,"342,876000",-6387,-139,-5687,3029,3347,-2997,28,78,-125
34,"342,886700",-6431,314,-6079,5342,-1240,-2782,28,79,-125
34,"342,896000",-7507,-242,-4870,428,-7091,-5041,28,79,-125
34,"342,906600",-7225,-655,-3130,-2912,-7089,-3254,32,80,-124
34,"342,916000",-5419,-761,-4071,-5254,-1611,-256,32,80,-124
34,"342,926600",-6802,-100,-5668,-7038,-2364,1392,31,81,-123
34,"342,935900",-8735,233,-4966,-8173,-9194,2023,31,81,-123
34,"342,946500",-7699,271,-3117,-9578,-8593,1801,28,79,-120
34,"342,955900",-7796,207,-2289,-13908,-3801,3085,28,79,-120
34,"342,966500",-7040,1409,-3409,-10005,3133,5940,26,82,-117
34,"342,975900",-6275,1180,-4264,-10837,6951,3006,26,82,-117
34,"342,986400",-6618,1247,-5321,-2622,6049,1370,23,80,-117
34,"342,995800",-6454,1536,-6590,1824,3241,-3050,23,80,-117
34,"343,006400",-7198,1041,-5821,-1500,-4770,-6317,23,79,-117
34,"343,015800",-7017,600,-3572,119,-8079,-5989,23,79,-117
34,"343,026400",-6585,404,-3070,996,-309,-5915,25,82,-116
34,"343,035800",-6928,-121,-4585,-2642,1487,-6024,25,82,-116
34,"343,046400",-6687,-351,-5524,-3057,-3323,-4508,25,80,-116
34,"343,055800",-6741,-595,-5710,-3104,-11210,-2835,25,80,-116
34,"343,066300",-7401,-607,-5130,1025,-22340,-455,25,82,-114
34,"343,075700",-7118,-38,-4077,4827,-30560,933,25,82,-114
34,"343,086300",-7747,-1073,-3184,2066,-32768,-380,25,85,-110
34,"343,095700",-7467,-1131,-2191,160,-28374,3277,25,85,-110
34,"343,106400",-7629,-628,-1431,-4583,-20635,7754,27,88,-103
34,"343,115700",-7310,-73,-933,-6176,-10975,10878,27,88,-103
34,"343,126200",-6712,1016,-102,-1530,2123,11638,22,93,-99
34,"343,135600",-6691,962,-1088,-965,13144,9795,22,93,-99
34,"343,146200",-6369,1222,-2634,1706,18921,7962,21,89,-100
34,"343,155600",-6178,1843,-3433,5629,22843,4151,21,89,-100
34,"343,166100",-6876,1307,-4048,4253,20993,-912,20,83,-109
34,"343,175600",-7442,927,-4575,4286,15121,-2519,20,83,-109
34,"343,186200",-7888,955,-4169,4486,10942,-2573,22,82,-110
34,"343,195600",-7710,916,-4218,4722,9429,-1873,22,82,-110
34,"343,206100",-7436,745,-4529,2926,8282,-2734,23,82,-112
34,"343,215500",-7230,282,-4098,943,6921,-2506,23,82,-112
34,"343,226100",-7283,357,-3954,1767,5029,-1045,23,80,-113
34,"343,235500",-7255,261,-3867,933,4988,-604,23,80,-113
34,"343,246000",-6999,178,-3955,265,5379,-263,25,79,-114
34,"343,255500",-7101,721,-4023,-2025,6544,-176,25,79,-114
34,"343,266000",-6533,1431,-4029,-14272,10320,-1207,22,79,-118
34,"343,275400",-6772,1555,-5166,-32768,12893,-674,22,79,-118
34,"343,286000",-7366,2476,-5320,-32768,9625,1251,21,78,-113
34,"343,295400",-6840,3455,-4605,-32768,6137,1443,21,78,-113
34,"343,306000",-7270,3787,-3991,-32768,6580,-1805,11,75,-106
34,"343,315400",-7115,3609,-3637,-32768,9383,-4532,11,75,-106
34,"343,326100",-6497,3732,-3673,-32768,11915,-7247,4,77,-100
34,"343,335300",-5890,3472,-3542,-32768,16307,-11899,4,77,-100
34,"343,345900",-5684,3285,-3160,-32768,20667,-14588,2,74,-92
34,"343,355300",-5459,3091,-3864,-32768,25150,-15908,2,74,-92
34,"343,366000",-5902,2405,-4138,-31044,25308,-15436,-2,76,-88
34,"343,375300",-5577,1334,-5106,-20865,22185,-12956,-2,76,-88
34,"343,385900",-6389,1264,-5285,-13269,16653,-9677,0,74,-85
34,"343,395300",-6338,2109,-6047,-9426,14998,-7865,0,74,-85
34,"343,405900",-6047,1127,-5430,-10398,12194,-8038,1,77,-85
34,"343,415200",-5967,1482,-4938,-4589,6243,-3378,1,77,-85
34,"343,425800",-5832,2618,-4887,-1597,6890,-2295,0,74,-84
34,"343,435200",-5572,3100,-5380,-2993,10405,-6658,0,74,-84
34,"343,445800",-4857,2709,-7141,-6182,9102,-10978,3,75,-85
34,"343,455200",-5183,2290,-6649,-5810,805,-11947,3,75,-85
34,"343,465800",-6376,1876,-4834,-5670,-8571,-11156,1,75,-87
34,"343,475200",-6341,1590,-4768,-5453,-13438,-9519,1,75,-87
34,"343,485800",-6031,1493,-3866,-7177,-13686,-6647,3,78,-82
34,"343,495200",-6625,1625,-3799,-7176,-11277,-5401,3,78,-82
34,"343,505700",-7325,1732,-3176,-5213,-4793,-5137,4,82,-79
34,"343,515100",-6316,2276,-4011,-8026,5435,-4719,4,82,-79
34,"343,525700",-6140,2236,-5257,-11910,5335,-6467,5,83,-77
34,"343,535100",-6457,1199,-5293,-13553,-1567,-8447,5,83,-77
34,"343,545800",-6684,997,-6611,-9660,-1635,-5721,4,84,-75
34,"343,555100",-7042,1335,-7220,-4344,-906,-201,4,84,-75
34,"343,565600",-7315,2504,-5643,1002,-9576,779,3,84,-72
34,"343,575000",-7488,2373,-3726,-3753,-16303,-4844,3,84,-72
34,"343,585600",-6886,2762,-3882,-8854,-15522,-3971,4,84,-69
34,"343,595000",-7343,3043,-2695,-17413,-12483,-2443,4,84,-69
34,"343,605600",-6943,2697,-2509,-20706,-5501,-1474,4,83,-64
34,"343,614900",-6375,2536,-2806,-18558,3959,457,4,83,-64
34,"343,625600",-4937,2720,-3528,-13069,9134,1602,5,86,-61
34,"343,634900",-5638,3148,-4123,-7496,9040,88,5,86,-61
34,"343,645500",-6187,3548,-4543,-4700,9513,-949,5,86,-60
34,"343,654900",-5362,4426,-4688,-7344,10864,-4429,5,86,-60
34,"343,665500",-5543,4015,-4489,-14657,10633,-12468,6,84,-60
34,"343,674900",-3886,3044,-3823,-16951,8043,-17987,6,84,-60
34,"343,685400",-7798,2021,-4252,-10480,455,-20928,8,86,-59
34,"343,694800",-7919,1143,-5643,-4076,-4117,-17384,8,86,-59
34,"343,705400",-8882,1547,-5435,-4738,-7901,-12666,10,90,-57
34,"343,714800",-7986,911,-3950,-4416,-8912,-11117,10,90,-57
34,"343,725400",-8241,1056,-2533,-7895,-7908,-8907,14,91,-55
34,"343,734800",-7534,999,-1571,-14536,-779,-5520,14,91,-55
34,"343,745400",-5714,1559,-1968,-11785,11124,-1002,16,92,-53
34,"343,754700",-5861,2181,-3056,-6444,24388,949,16,92,-53
34,"343,765500",-5725,2283,-4609,-5817,32767,3088,16,93,-52
34,"343,774700",-5269,2571,-5895,-5346,30760,3874,16,93,-52
34,"343,785300",-5208,3625,-6910,1891,18833,2863,16,91,-58
34,"343,794700",-6567,3466,-6114,5356,4363,-2088,16,91,-58
34,"343,805300",-6729,2375,-4903,1555,-1937,-3826,15,91,-62
34,"343,814700",-6815,1903,-4478,-3645,-3795,-2308,15,91,-62
34,"343,825200",-6450,1431,-3789,-4808,214,733,17,90,-60
34,"343,834600",-5367,1456,-4577,-1762,8063,4169,17,90,-60
34,"343,845200",-4547,2053,-5421,3720,9048,6248,15,90,-59
34,"343,854600",-5321,2725,-5524,5772,4373,4034,15,90,-59
34,"343,865200",-5207,2970,-4271,5786,1662,2272,16,89,-64
34,"343,874600",-5576,2852,-4853,6863,2813,-1033,16,89,-64
34,"343,885200",-5882,2740,-6299,1787,3490,-4282,15,88,-61
34,"343,894500",-6261,2336,-7577,172,-2250,-4733,15,88,-61
34,"343,905200",-7289,2287,-6762,2321,-12645,-3954,17,90,-65
34,"343,914500",-7846,2339,-5217,589,-22268,-3888,17,90,-65
34,"343,925100",-7588,2242,-4274,557,-24491,-3997,16,90,-59
34,"343,934500",-7424,2286,-4916,3413,-24089,-4221,16,90,-59
34,"343,945100",-7545,2106,-3180,-826,-22257,-6276,16,90,-55
34,"343,954500",-7072,1396,-791,549,-19181,-4889,16,90,-55
34,"343,965000",-6506,1476,-1791,4171,-15064,-3440,21,90,-49
34,"343,974500",-5323,1343,-2070,7986,-11148,-4602,21,90,-49
34,"343,985200",-4532,1496,-2913,12036,-5278,-6762,20,91,-47
34,"343,994400",-7716,1820,-5321,9983,886,-6758,20,91,-47
34,"344,005000",-9168,1495,-5271,1441,3394,-6376,21,92,-49
34,"344,014400",-9569,1144,-3803,-159,-2479,-7061,21,92,-49
34,"344,025000",-8364,-445,-2415,1570,-7348,-10196,21,91,-47
34,"344,034400",-6638,-145,-1778,2378,-2596,-8285,21,91,-47
34,"344,045000",-5569,811,-2622,-4015,3756,-2184,24,95,-46
34,"344,054300",-6199,1009,-4780,-11791,7495,54,24,95,-46
34,"344,065000",-6437,1503,-4116,-9619,9515,-1809,24,93,-45
34,"344,074300",-6139,1875,-3357,-6666,13304,-2507,24,93,-45
34,"344,084900",-6285,1768,-4389,-13017,21798,-63,24,94,-48
34,"344,094200",-6032,2244,-6625,-17854,23828,2744,24,94,-48
34,"344,104800",-5576,2571,-8087,-15064,15005,1790,26,91,-47
34,"344,114300",-6224,1974,-7847,-17250,378,-240,26,91,-47
34,"344,124800",-7314,2069,-5315,-12837,-10242,1280,25,91,-49
34,"344,134200",-7251,2601,-2940,-8470,-13990,1185,25,91,-49
34,"344,144800",-6963,2524,-2000,-16566,-10495,-1845,23,92,-43
34,"344,154200",-6164,2768,-2658,-15785,-3665,-3207,23,92,-43
34,"344,164800",-6153,2832,-3113,-4813,-141,-4662,25,90,-41
34,"344,174200",-6477,2116,-3314,-5946,-1301,-9120,25,90,-41
34,"344,184800",-6681,1817,-3539,-5223,-2986,-11295,27,92,-41
34,"344,194100",-6658,1178,-3809,-4387,-4321,-11312,27,92,-41
34,"344,204900",-6849,892,-3410,2463,-5482,-8717,31,92,-39
34,"344,214100",-6017,1448,-3070,11729,-4873,-5628,31,92,-39
34,"344,224700",-6235,1632,-3222,6849,-965,-5674,33,91,-38
34,"344,234100",-8441,972,-4097,5715,938,-6738,33,91,-38
34,"344,244700",-10159,800,-4114,4958,-2053,-5428,33,95,-39
34,"344,254000",-8937,136,-3281,4530,-6021,-2814,33,95,-39
34,"344,264600",-7308,514,-2871,5509,-5959,1198,31,94,-38
34,"344,274000",-6500,215,-4248,2378,-1957,3598,31,94,-38
34,"344,284600",-7553,426,-5246,1508,2401,7623,31,94,-36
34,"344,294000",-8249,962,-4048,1450,5680,11860,31,94,-36
34,"344,304600",-7363,1526,-1473,6673,12956,13355,29,91,-37
34,"344,313900",-5548,1666,-3493,8342,25707,10296,29,91,-37
34,"344,324500",-3541,1546,-6623,-1697,32767,5016,28,89,-43
34,"344,333900",-3278,2374,-8652,-14465,28467,1406,28,89,-43
34,"344,344500",-4312,2502,-8636,-19233,13164,967,27,90,-47
34,"344,353900",-6788,3239,-7404,-12360,-7650,853,27,90,-47
34,"344,364500",-8115,3380,-6009,-5759,-22543,-4417,26,89,-43
34,"344,373900",-7233,3013,-5557,-2272,-30860,-9754,26,89,-43
34,"344,384400",-7067,2565,-3746,3624,-32768,-12285,28,88,-38
34,"344,393800",-7081,1515,-1671,3941,-32768,-11198,28,88,-38
34,"344,404400",-6727,1301,-657,2144,-28531,-7905,30,89,-33
34,"344,413900",-6591,975,-226,-37,-16648,-5685,30,89,-33
34,"344,424500",-5947,1171,-1198,550,-5048,-1652,34,89,-27
34,"344,433800",-5021,2072,-2666,2930,2379,636,34,89,-27
34,"344,444400",-5149,3009,-4097,-1513,3861,-865,31,88,-26
34,"344,453800",-8672,2685,-5343,-6723,4990,-4608,31,88,-26
34,"344,464300",-10358,1740,-5172,-5852,2758,-11428,32,90,-28
34,"344,473800",-11366,179,-4620,3002,-3135,-17418,32,90,-28
34,"344,484400",-8756,-605,-2643,9635,-4547,-17696,35,91,-27
34,"344,493800",-6437,-747,-18,10301,-5944,-16582,35,91,-27
34,"344,504400",-5744,-1459,-165,7997,-169,-12108,38,96,-28
34,"344,513700",-7609,-1259,-607,4450,10264,-4304,38,96,-28
34,"344,524300",-5994,-783,-2107,4187,23993,-223,39,93,-28
34,"344,533600",-6310,264,-3311,8417,31325,-619,39,93,-28
34,"344,544200",-6230,561,-5626,7083,32456,-3845,38,97,-34
34,"344,553600",-6187,292,-6998,3667,26364,-7517,38,97,-34
34,"344,564200",-7059,-658,-7133,-7528,16336,-6666,41,98,-41
34,"344,573600",-7369,-778,-5963,-14059,6298,-913,41,98,-41
34,"344,584200",-7089,-680,-4782,-14639,1411,2882,42,96,-46
34,"344,593600",-6310,-196,-4430,-10282,492,6429,42,96,-46
34,"344,604100",-6085,1322,-5159,-5776,-378,8817,40,96,-42
34,"344,613500",-5994,2001,-4839,-7588,-3682,5061,40,96,-42
34,"344,624100",-7244,1218,-4206,-14697,-6348,773,37,96,-41
34,"344,633500",-7418,1150,-3587,-10161,-3176,-1092,37,96,-41
34,"344,644200",-5854,1280,-3987,-5552,3505,-1257,39,95,-40
34,"344,653500",-6272,1018,-4896,-7141,6652,472,39,95,-40
34,"344,664100",-6028,1334,-5465,-8828,6961,1579,39,95,-40
34,"344,673400",-6687,1118,-5388,-13241,3140,847,39,95,-40
34,"344,684000",-7446,792,-4419,-10112,-34,851,39,96,-40
34,"344,693400",-6513,961,-4246,-4934,-4139,1386,39,96,-40
34,"344,704000",-5691,1716,-4977,-1782,-6199,2836,41,95,-37
34,"344,713400",-6170,1696,-4759,-2094,-5252,2311,41,95,-37
34,"344,724000",-6686,1564,-4507,2932,-6782,270,40,95,-36
34,"344,733300",-7657,1358,-4049,4911,-6283,-2012,40,95,-36
34,"344,743900",-7964,947,-3856,6782,387,-1907,38,94,-35
34,"344,753300",-7260,687,-4033,8192,8030,-1293,38,94,-35
34,"344,763900",-7017,655,-4462,8035,14092,-1649,38,96,-36
34,"344,773300",-5740,-331,-5460,5004,15413,-4176,38,96,-36
34,"344,783900",-5734,-600,-6036,6392,9536,-2689,39,96,-40
34,"344,793300",-6719,-713,-5737,8097,2552,783,39,96,-40
34,"344,803900",-6654,-520,-5623,5567,-1701,4234,39,94,-43
34,"344,813200",-7084,303,-5231,4100,-5853,6473,39,94,-43
34,"344,823800",-6846,864,-4898,4141,-7310,6819,38,93,-42
34,"344,833200",-6142,931,-5203,2289,-5968,6562,38,93,-42
34,"344,843700",-6213,892,-5502,2592,-5372,5138,36,94,-39
34,"344,853200",-6562,1049,-5192,4054,-7971,4364,36,94,-39
34,"344,863900",-7026,1148,-5324,6032,-10128,4248,36,93,-39
34,"344,873100",-6571,1139,-4458,6436,-12268,3256,36,93,-39
34,"344,883700",-7462,818,-3321,1831,-11574,1074,34,93,-39
34,"344,893200",-7300,755,-3419,2045,-6809,1627,34,93,-39
34,"344,903700",-6701,390,-4378,5445,-2148,2117,36,91,-36
34,"344,913100",-6586,431,-5338,9710,-2467,4076,36,91,-36
34,"344,923700",-6821,414,-5205,12492,-7109,5707,32,92,-37
34,"344,933100",-6949,878,-5084,16228,-15919,7988,32,92,-37
34,"344,943700",-7509,963,-4860,17482,-21268,8588,31,89,-35
34,"344,953100",-7684,491,-3552,18589,-25625,8790,31,89,-35
34,"344,963600",-7373,934,-2399,19522,-27642,10725,28,86,-32
34,"344,973000",-7946,886,-2381,21641,-26331,10629,28,86,-32
34,"344,983600",-7507,655,-471,26077,-21844,11577,24,87,-33
34,"344,993000",-7478,661,34,28120,-10299,10760,24,87,-33
34,"345,003600",-6839,376,-358,31822,3489,10019,22,85,-32
34,"345,013000",-6507,404,-2256,32767,13609,8074,22,85,-32
34,"345,023600",-6873,633,-3043,32767,17120,6260,19,82,-39
34,"345,032900",-7211,441,-3724,29266,13461,5230,19,82,-39
34,"345,043500",-7598,418,-3629,25511,7734,4790,18,80,-45
34,"345,052900",-7701,322,-3330,24718,5011,3445,18,80,-45
34,"345,063500",-7013,-101,-2986,18908,4997,1584,17,81,-52
34,"345,072900",-6695,145,-2968,15030,7528,815,17,81,-52
34,"345,083600",-6494,24,-3553,13489,10819,1718,17,81,-56
34,"345,092800",-6913,805,-3764,13052,11939,2791,17,81,-56
34,"345,103400",-7474,528,-3817,3915,11912,-1761,16,80,-59
34,"345,112800",-7005,-251,-4043,1315,12500,-2309,16,80,-59
34,"345,123400",-6968,-406,-4435,4837,13880,1537,18,78,-63
34,"345,132800",-7442,-670,-4247,4952,15950,4108,18,78,-63
34,"345,143400",-6664,-1651,-6085,9240,18205,5350,16,77,-68
34,"345,152800",-5955,-1659,-7240,22655,13478,9945,16,77,-68
34,"345,163400",-7044,-857,-6262,30256,3354,13361,17,74,-71
34,"345,172700",-6994,154,-5555,30689,-7419,15318,17,74,-71
34,"345,183300",-7159,-18,-4602,16028,-16045,13104,13,73,-78
34,"345,192700",-6450,-100,-3931,8155,-18651,14271,13,73,-78
34,"345,203300",-6396,1239,-2895,10905,-18517,17701,14,72,-75
34,"345,212700",-6169,2108,-2584,7987,-15298,14673,14,72,-75
34,"345,223200",-7437,2058,-3116,2227,-10959,7424,11,68,-74
34,"345,232600",-7883,1143,-2203,2543,-4012,4204,11,68,-74
34,"345,243200",-6573,1153,-1504,5664,7747,2700,12,68,-75
34,"345,252600",-6451,1604,-4176,3799,22754,919,12,68,-75
34,"345,263200",-6102,1869,-7100,-269,28340,-1628,13,68,-76
34,"345,272600",-6622,883,-8140,-1630,19260,-5308,13,68,-76
34,"345,283200",-7373,-158,-7117,-925,4686,-7052,12,65,-80
34,"345,292600",-6471,-107,-5988,-4524,-4898,-4490,12,65,-80
34,"345,303300",-5848,98,-5364,-8768,-11303,-798,12,66,-78
34,"345,312500",-6557,-189,-4225,-12384,-14267,1782,12,66,-78
34,"345,323100",-6285,290,-3204,-12237,-11854,5328,12,66,-74
34,"345,332500",-7183,1093,-2700,-5943,-5576,5498,12,66,-74
34,"345,343100",-6988,842,-2935,-6234,3502,3379,10,66,-74
34,"345,352500",-6565,1706,-3952,-4161,13029,5063,10,66,-74
34,"345,363000",-6338,1872,-5989,-6109,16058,3216,10,67,-73
34,"345,372400",-6184,1034,-7375,-7747,8385,714,10,67,-73
34,"345,383100",-6739,371,-7832,-7053,-5630,1270,9,62,-72
34,"345,392400",-7646,414,-5527,-2279,-19973,4422,9,62,-72
34,"345,403000",-7608,756,-3886,1457,-27461,5228,10,63,-69
34,"345,412400",-6458,1062,-3447,5485,-26901,3417,10,63,-69
34,"345,423000",-6493,882,-2118,5561,-24361,1174,9,63,-68
34,"345,432400",-6216,193,-1775,425,-18573,932,9,63,-68
34,"345,443000",-7041,-296,-1522,-2331,-12460,4905,9,65,-66
34,"345,452400",-8582,172,-1864,-8483,-3664,9698,9,65,-66
34,"345,462900",-8128,1951,-2729,-5322,3382,13568,9,61,-63
34,"345,472300",-7518,2130,-3705,-6482,8210,10333,9,61,-63
34,"345,482900",-6677,3162,-5720,2006,7354,7633,5,61,-64
34,"345,492300",-6997,3705,-5824,10973,-3478,1644,5,61,-64
34,"345,502900",-8131,1946,-3948,10164,-14355,-5065,5,59,-66
34,"345,512200",-8421,685,-2939,8288,-21095,-2990,5,59,-66
34,"345,523000",-8492,2184,-2022,11925,-22097,2079,7,60,-64
34,"345,532200",-6732,2505,-1638,3519,-18389,-1208,7,60,-64
34,"345,542800",-6144,2880,-1084,-410,-14701,-5638,5,59,-64
34,"345,552200",-7011,1376,-774,-4315,-10820,-10321,5,59,-64
34,"345,562800",-6948,963,-1743,5177,-3851,-7999,8,60,-62
34,"345,572200",-7512,619,-3440,7346,4585,-3897,8,60,-62
34,"345,582800",-7221,618,-5245,5684,4943,-711,9,62,-63
34,"345,592100",-7282,923,-5958,6174,-3924,2275,9,62,-63
34,"345,602800",-7851,723,-4795,2367,-16139,2634,8,63,-65
34,"345,612100",-8307,942,-4135,509,-25727,1257,8,63,-65
34,"345,622700",-8202,211,-2982,-4995,-32768,390,9,61,-62
34,"345,632100",-8320,511,-940,-7907,-32768,2134,9,61,-62
34,"345,642600",-7738,40,120,-12373,-30096,4076,10,62,-57
34,"345,652100",-7529,123,-76,-9889,-25097,7245,10,62,-57
34,"345,662600",-7743,456,670,-12772,-20282,9144,7,62,-51
34,"345,672000",-8163,1088,1459,-10361,-11337,10883,7,62,-51
34,"345,682600",-7947,1212,602,-6033,-1571,11203,8,61,-46
34,"345,692000",-7906,1427,207,3559,4833,12024,8,61,-46
34,"345,702600",-6951,2887,-1505,17394,7988,11101,7,58,-47
34,"345,712000",-7788,3551,-902,22638,6214,3694,7,58,-47
34,"345,722600",-7581,3020,-1304,14322,4594,-6228,7,57,-53
34,"345,731900",-6723,2356,-2691,9234,327,-12506,7,57,-53
34,"345,742700",-7287,1684,-2257,6377,-7710,-14394,6,58,-56
34,"345,751900",-7934,1388,-1686,1802,-15011,-13490,6,58,-56
34,"345,762500",-8343,852,-198,-5629,-19220,-10674,8,62,-55
34,"345,771900",-8608,45,1626,-9244,-18760,-5576,8,62,-55
34,"345,782500",-8340,-81,2639,-3413,-10070,792,9,62,-50
34,"345,791800",-8085,756,2502,2391,4502,4958,9,62,-50
34,"345,802400",-7897,1396,1318,1942,17274,5629,11,63,-49
34,"345,811800",-7675,1124,1063,244,27404,4787,11,63,-49
34,"345,822500",-7053,1143,-111,4349,32767,3939,7,64,-54
34,"345,831800",-7062,1462,-1505,5950,32767,2122,7,64,-54
34,"345,842400",-7770,1787,-1939,6321,32121,492,9,60,-59
34,"345,851800",-7910,1550,-2587,7681,28111,-1744,9,60,-59
34,"345,862300",-8110,1813,-3086,10093,22940,-3810,7,62,-64
34,"345,871700",-8127,1055,-3272,9472,18537,-6299,7,62,-64
34,"345,882300",-7901,889,-2886,11730,15370,-5944,9,61,-67
34,"345,891700",-7943,849,-3906,13848,13818,-4335,9,61,-67
34,"345,902300",-6617,1214,-4100,16966,13283,-3409,9,59,-73
34,"345,911700",-5630,-213,-4692,10932,10711,-6204,9,59,-73
34,"345,922300",-5742,-1961,-4072,7835,5318,-4636,12,58,-75
34,"345,931700",-6593,-2697,-2961,7064,923,3971,12,58,-75
34,"345,942200",-7799,-2101,-3257,5104,-1241,16793,11,60,-78
34,"345,951700",-6719,-2026,-3494,-42,-1097,29677,11,60,-78
34,"345,962400",-6577,-3022,-3932,-5435,-5502,32767,9,56,-79
34,"345,971600",-5545,-4094,-5395,-11683,-9720,32767,9,56,-79
34,"345,982200",-4151,5652,-3961,-4660,-19115,32767,4,49,-73
34,"345,991600",-2838,32767,-8867,14918,-32768,32767,4,49,-73
34,"346,002100",-5241,16838,12645,32767,-32768,-32768,-3,37,-75
34,"346,011500",-2827,-32768,-1922,-32768,5098,-32768,-3,37,-75
34,"346,022200",7121,-7989,-10967,12449,32767,32767,12,62,-73
34,"346,031600",7638,32767,-21740,32767,4208,32767,12,62,-73
34,"346,042100",6092,7526,20997,32767,-32768,-32768,9,38,-97
34,"346,051400",1256,-32768,-25736,-32768,10415,-32768,9,38,-97
34,"346,062000",9237,4696,-2904,3082,-29151,32767,29,72,-87
34,"346,071500",-2928,32767,-10231,32767,-30973,32767,29,72,-87
34,"346,082000",2678,-21211,4119,9409,-32768,-32768,16,50,-103
34,"346,091400",-11049,-32768,-12178,-32768,-17159,-32768,16,50,-103
34,"346,102100",797,32767,-9202,32767,-26638,32767,26,70,-84
34,"346,111400",-10224,26837,6881,32767,-32768,-25809,26,70,-84
34,"346,122000",-5641,-30240,-1129,-32768,-15253,-32768,30,63,-103
34,"346,131400",-9479,-1740,4435,-32768,1889,32767,30,63,-103
34,"346,142000",-4763,8107,-122,32171,23687,32767,22,67,-88
34,"346,151400",-7280,-398,909,32767,31012,-7550,22,67,-88
34,"346,162000",-5586,-235,-1720,32767,32767,-1387,25,61,-102
34,"346,171300",-4777,673,-4941,23875,32767,3608,25,61,-102
34,"346,182100",-4378,-2819,-5936,10474,32767,-5353,32,53,-106
34,"346,191200",-5884,-3984,-6653,14168,22625,1312,32,53,-106
34,"346,201900",-5246,-2635,-5991,23292,7609,17624,33,48,-116
34,"346,211300",-6050,-563,-4261,23280,-5288,23951,33,48,-116
34,"346,221800",-7968,956,-4301,17177,-14261,21359,35,46,-116
34,"346,231200",-8368,1582,-3548,11584,-20112,18107,35,46,-116
34,"346,241800",-8135,2138,-2677,-3840,-19393,11288,35,46,-118
34,"346,251200",-8751,1164,-2107,-13784,-13683,6257,35,46,-118
34,"346,261800",-8075,835,-1261,-272,-796,8097,34,46,-114
34,"346,271100",-6537,808,-1611,4138,14088,4622,34,46,-114
34,"346,281700",-6012,641,-5076,984,22147,987,32,49,-115
34,"346,291200",-5643,-453,-9132,-3203,16790,146,32,49,-115
34,"346,301700",-7385,-229,-9457,1235,-3257,3674,36,42,-117
34,"346,311100",-8927,357,-6134,12368,-21196,4695,36,42,-117
34,"346,321700",-8636,397,-2523,24295,-28890,215,34,43,-117
34,"346,331100",-7549,64,-808,24262,-23362,-5506,34,43,-117
34,"346,341700",-5839,-1095,-986,19614,-6770,-6274,40,47,-116
34,"346,351100",-4593,-700,-2120,20751,6405,-1187,40,47,-116
34,"346,361700",-6053,-433,-3316,15800,12840,-418,46,49,-118
34,"346,371000",-7093,-1440,-6134,14064,16869,-2463,46,49,-118
34,"346,381600",-7823,-3839,-7419,20111,11674,-826,49,46,-117
34,"346,391000",-8294,-3528,-5981,32767,3466,11075,49,46,-117
34,"346,401800",-6962,-1459,-4789,32767,-2477,15281,53,46,-124
34,"346,411000",-6263,-62,-3088,20878,-9820,14922,53,46,-124
34,"346,421500",-6872,432,-2936,-252,-12045,13317,59,47,-124
34,"346,431000",-6760,-138,-2924,-15529,-3605,12230,59,47,-124
34,"346,441500",-7122,76,-3793,-13078,4250,14360,56,47,-125
34,"346,450900",-7109,117,-5408,-8572,5801,12107,56,47,-125
34,"346,461500",-7794,658,-4123,-2169,2905,11570,52,47,-124
34,"346,470900",-6862,1033,-2583,-46,3958,11045,52,47,-124
34,"346,481500",-5815,761,-3848,958,4984,8925,53,44,-124
34,"346,490800",-6921,945,-5929,7197,122,6662,53,44,-124
34,"346,501400",-7715,1213,-5347,11339,-4720,5104,52,44,-124
34,"346,510800",-7970,1385,-3492,9922,-12451,3367,52,44,-124
34,"346,521400",-7989,806,-2045,5050,-16006,445,52,46,-124
34,"346,530800",-7164,553,-1371,2197,-9013,-3090,52,46,-124
34,"346,541400",-6153,198,-3160,404,-9,-4365,54,49,-124
34,"346,550800",-6402,-1,-4589,4244,5453,-2830,54,49,-124
34,"346,561400",-7176,-490,-4616,3940,6296,-1459,54,45,-124
34,"346,570700",-7893,-789,-4094,5295,6088,1159,54,45,-124
34,"346,581300",-7462,-724,-4344,5765,3806,4544,55,46,-125
34,"346,590700",-7517,-159,-4903,12905,-805,6660,55,46,-125
34,"346,601300",-6988,1026,-4885,22700,-5002,5358,57,45,-124
34,"346,610700",-7598,1061,-4107,21658,-12066,-161,57,45,-124
34,"346,621400",-8046,104,-3719,15265,-17462,-5952,59,48,-125
34,"346,630700",-7691,-631,-3855,15351,-21428,-6640,59,48,-125
34,"346,641300",-7466,-931,-3111,15249,-27238,-4629,65,53,-124
34,"346,650600",-7740,-758,-2221,21172,-31419,-1390,65,53,-124
34,"346,661200",-7627,-693,-1588,29814,-31708,33,67,54,-121
34,"346,670600",-8298,-1495,39,32767,-27701,2480,67,54,-121
34,"346,681200",-8115,-360,1096,32767,-14625,5171,73,59,-120
34,"346,690600",-7975,-760,782,32767,-1175,2590,73,59,-120
34,"346,701200",-7824,-1051,685,32767,9188,2521,81,63,-117
34,"346,710600",-6675,-758,-580,32767,19337,2186,81,63,-117
34,"346,721200",-6251,-101,-1844,32767,23931,-2417,89,61,-117
34,"346,730600",-6674,-234,-2485,32767,15652,-10398,89,61,-117
34,"346,741200",-7966,-937,-1335,32767,7999,-14672,95,57,-116
34,"346,750500",-7640,-1977,-1160,30957,6865,-14476,95,57,-116
34,"346,761100",-6726,-2763,-5175,23446,8474,-11367,104,56,-118
34,"346,770400",-7792,-1589,-7420,14119,952,-9689,104,56,-118
34,"346,781100",-8703,-1347,-3622,-1106,-15638,-8964,108,56,-115
34,"346,790400",-9095,-2413,623,75,-24424,-3147,108,56,-115
34,"346,801000",-7838,-2079,901,10128,-16322,2005,108,56,-113
34,"346,810400",-7262,-1670,-1122,16259,-9579,4065,108,56,-113
34,"346,821000",-7508,-1429,-1911,12655,-8804,1806,111,58,-111
34,"346,830400",-7307,-2295,-2497,1152,-10272,-3043,111,58,-111
34,"346,841100",-7956,-2779,-2523,1081,-17311,-3505,112,61,-109
34,"346,850400",-8779,-2855,-965,3381,-27379,-3445,112,61,-109
34,"346,860900",-9137,-2737,2664,3777,-25162,-1664,113,64,-105
34,"346,870300",-8180,-2137,3877,1917,-7709,2532,113,64,-105
34,"346,880900",-7413,-982,3127,2933,7580,4789,113,65,-103
34,"346,890300",-6670,-759,1555,1863,18525,1433,113,65,-103
34,"346,900900",-6004,-979,-355,573,26529,-3849,115,66,-103
34,"346,910300",-6227,-1445,-1788,-2225,25690,-8764,115,66,-103
34,"346,920900",-6638,-2162,-2942,-2449,17982,-12061,116,63,-106
34,"346,930300",-7305,-2834,-3059,-8,7584,-13033,116,63,-106
34,"346,940800",-8031,-3274,-2459,163,-2471,-11205,114,58,-110
34,"346,950200",-8313,-3573,-1424,-3442,-8853,-8283,114,58,-110
34,"346,960800",-8362,-3831,-551,-8815,-10160,-3423,116,56,-110
34,"346,970200",-8159,-3482,-784,-9769,-7294,2827,116,56,-110
34,"346,980700",-7751,-2911,-981,-7590,-6100,6914,113,56,-110
34,"346,990100",-7548,-1901,-486,-4093,-5832,7617,113,56,-110
34,"347,000700",-7533,-1223,29,-3087,-2273,5051,113,60,-109
34,"347,010100",-7512,-1320,-627,-3549,1374,627,113,60,-109
34,"347,020700",-7601,-1766,-581,-4128,3859,-2933,112,59,-108
34,"347,030100",-7245,-2410,-443,-6637,6062,-4426,112,59,-108
34,"347,040700",-7578,-2744,-478,-8282,6983,-2820,111,58,-110
34,"347,050100",-7474,-3381,-803,-13585,7430,74,111,58,-110
34,"347,060800",-7650,-3700,-1133,-17122,5872,5598,112,57,-114
34,"347,070000",-8022,-3268,-1033,-17893,3525,11382,112,57,-114
34,"347,080600",-7858,-2557,-990,-14209,2756,14608,106,56,-113
34,"347,090000",-7556,-1919,-1220,-11788,2785,13549,106,56,-113
34,"347,100600",-7170,-1567,-1256,-8043,1837,11487,102,57,-116
34,"347,110000",-7183,-1387,-1849,-6922,153,8791,102,57,-116
34,"347,120600",-7318,-1146,-2093,-4483,-866,7216,101,57,-114
34,"347,130000",-7305,-951,-2822,654,-3345,5778,101,57,-114
34,"347,140600",-7600,-574,-3093,3113,-6723,2724,98,56,-118
34,"347,150000",-7845,-655,-2535,-11,-9790,-915,98,56,-118
34,"347,160500",-8468,-1096,-1704,-4727,-12758,-3421,99,62,-113
34,"347,169900",-8571,-1680,-565,-11417,-12612,-2738,99,62,-113
34,"347,180500",-8583,-2074,-63,-10899,-7650,39,98,62,-115
34,"347,189900",-8116,-2061,-418,-6627,-2187,2338,98,62,-115
34,"347,200400",-8073,-2094,-1072,-632,1384,4735,97,63,-115
34,"347,209800",-7635,-1445,-2386,3127,2201,6171,97,63,-115
34,"347,220500",-7749,-1069,-2721,3555,-268,5166,94,62,-115
34,"347,229800",-8031,-1286,-2486,1480,-5873,3022,94,62,-115
34,"347,240400",-8318,-1289,-1733,618,-11503,1768,96,64,-113
34,"347,249800",-7970,-1024,-959,2883,-14263,1398,96,64,-113
34,"347,260400",-8339,-494,502,3519,-13747,175,97,65,-113
34,"347,269700",-8102,-724,1077,1658,-9914,-1707,97,65,-113
34,"347,280500",-7789,-926,988,1464,-3321,-3477,97,66,-110
34,"347,289700",-7734,-1252,333,878,4926,-4545,97,66,-110
34,"347,300300",-7622,-1504,93,723,11586,-4228,96,69,-109
34,"347,309700",-7636,-1545,-211,-544,14323,-3103,96,69,-109
34,"347,320300",-7764,-1482,114,-3002,16522,-2380,98,68,-113
34,"347,329700",-7331,-1227,302,-3477,20814,-1690,98,68,-113
34,"347,340300",-6868,-1439,-1255,-2638,24677,-2038,96,64,-115
34,"347,349700",-7012,-1763,-1931,-1321,25583,-2613,96,64,-115
34,"347,360300",-6830,-1788,-1645,-2364,23752,-2289,99,59,-117
34,"347,369700",-6325,-1865,-2673,-1506,21660,-1113,99,59,-117
34,"347,380200",-6856,-1482,-3418,3484,16839,-1292,97,54,-118
34,"347,389600",-7072,-981,-3792,7943,9206,-3977,97,54,-118
34,"347,400100",-7739,-1267,-3503,5225,3413,-8448,98,51,-122
34,"347,409600",-8190,-1943,-1911,-58,-1154,-10179,98,51,-122
34,"347,420200",-8123,-4148,-2164,-4406,749,-7444,101,50,-120
34,"347,429500",-7352,-3706,-3510,-6775,4027,2498,101,50,-120
34,"347,440100",-6745,-1625,-1408,-8702,5442,11486,99,49,-123
34,"347,449500",-6910,-931,-1467,-1788,8786,13927,99,49,-123
34,"347,460000",-6895,-926,-3006,167,10681,10082,97,49,-126
34,"347,469500",-8019,-924,-2931,3323,8430,5951,97,49,-126
34,"347,480000",-8563,-1995,-3146,9440,6406,3144,96,48,-122
34,"347,489400",-8535,-2233,-3895,10921,4436,3381,96,48,-122
34,"347,500200",-8100,-1742,-3624,6725,1601,5624,97,45,-124
34,"347,509400",-7155,-598,-3842,3543,-1429,6817,97,45,-124
34,"347,520000",-6849,-160,-4384,2511,-5671,3249,96,47,-123
34,"347,529400",-7344,-797,-3565,738,-9200,-2331,96,47,-123
34,"347,540000",-6844,-1593,-3298,-1675,-12271,-5029,99,48,-123
34,"347,549400",-7382,-1099,-2311,-1741,-15410,-5194,99,48,-123
34,"347,559900",-7715,-1532,-2447,-458,-15920,-6663,97,51,-123
34,"347,569300",-8119,-1835,-1417,6146,-13027,-5845,97,51,-123
34,"347,580000",-8822,-2202,-1639,9001,-8416,-3400,100,53,-120
34,"347,589300",-8239,-2227,-3185,6428,-2702,56,100,53,-120
34,"347,599900",-7638,-1242,-3455,3805,-2338,3023,98,55,-120
34,"347,609300",-7642,-979,-2745,-854,-3354,1394,98,55,-120
34,"347,619900",-7623,-1460,-2433,-1917,-4523,-1007,100,56,-120
34,"347,629300",-7689,-1593,-2069,-854,-8086,-2028,100,56,-120
34,"347,639800",-7576,-2550,-2696,488,-10013,-2972,101,54,-119
34,"347,649200",-7502,-1197,-2797,832,-11877,-4156,101,54,-119
34,"347,659800",-7765,-1739,-1900,1284,-14052,-6474,100,58,-118
34,"347,669200",-7504,-2482,-548,1599,-14274,-7011,100,58,-118
34,"347,679700",-7819,-2901,12,2120,-9967,-4756,104,58,-116
34,"347,689200",-7559,-2713,-113,2454,-4090,-1304,104,58,-116
34,"347,699700",-7280,-2302,-524,474,627,1025,103,61,-113
34,"347,709100",-7579,-2185,-936,-2778,3856,2193,103,61,-113
34,"347,719900",-7797,-1945,-1500,-2502,4785,2472,103,60,-114
34,"347,729100",-7895,-1859,-1683,-405,3821,1577,103,60,-114
34,"347,739600",-7841,-1742,-1773,140,2560,181,101,61,-116
34,"347,749100",-7560,-1873,-1358,175,1361,-693,101,61,-116
34,"347,759600",-7743,-1907,-1404,-621,851,-861,102,58,-115
34,"347,769100",-7642,-1809,-1566,-1408,766,-607,102,58,-115
34,"347,779600",-7664,-1876,-1837,-1525,481,-668,102,57,-114
34,"347,789100",-7744,-1930,-1759,-1732,-310,-570,102,57,-114
34,"347,799600",-8038,-1755,-1584,-1400,-1070,-618,102,58,-116
34,"347,809000",-7988,-1932,-1578,-1283,-1361,-1436,102,58,-116
34,"347,819600",-7733,-2032,-1571,4,-1921,-1825,101,58,-114
34,"347,829000",-7612,-2038,-1597,413,-2981,-1626,101,58,-114
34,"347,839600",-7502,-2024,-1579,217,-4588,-890,102,57,-115
34,"347,849000",-7700,-1938,-1262,767,-6236,-657,102,57,-115
34,"347,859500",-7582,-1838,-923,554,-6633,-924,102,62,-114
34,"347,868900",-7696,-1605,-530,554,-4695,-1634,102,62,-114
34,"347,879500",-7700,-1831,-707,-351,-1552,-2976,104,61,-113
34,"347,888900",-7467,-2075,-1090,-585,1014,-3905,104,61,-113
34,"347,899500",-7852,-2816,-1125,-1088,2065,-3855,104,60,-114
34,"347,908800",-7952,-3280,-1439,-824,1322,-813,104,60,-114
34,"347,919400",-7912,-2213,-1037,-1039,62,2239,104,60,-114
34,"347,928900",-7876,-2058,-1049,-353,-151,1620,104,60,-114
34,"347,939500",-7525,-1955,-1097,321,96,641,102,59,-114
34,"347,948700",-7464,-1967,-1191,-256,320,135,102,59,-114
34,"347,959400",-7338,-2009,-1312,-1182,768,-51,103,62,-115
34,"347,968700",-7775,-2012,-1164,-1212,275,22,103,62,-115
34,"347,979400",-7802,-2041,-1258,-552,653,-71,104,58,-112
34,"347,988700",-7725,-2107,-1490,-624,842,-481,104,58,-112
34,"347,999300",-7608,-2259,-1661,-1001,80,-675,103,57,-112
34,"348,008800",-7832,-2257,-1396,-1039,-1130,-417,103,57,-112
34,"348,019400",-7984,-2147,-1084,-857,-2211,-33,104,59,-114
34,"348,028700",-7817,-2096,-1235,-192,-2228,92,104,59,-114
34,"348,039200",-7523,-2035,-1384,331,-2229,40,106,61,-116
34,"348,048600",-7578,-1956,-1054,309,-2559,1,106,61,-116
34,"348,059300",-7587,-1844,-678,209,-2281,-215,102,60,-113
34,"348,068600",-7762,-1827,-771,402,-287,-754,102,60,-113
34,"348,079200",-7639,-2058,-1106,-1055,1375,-1456,103,61,-113
34,"348,088600",-7711,-2258,-1413,-2159,1682,-1536,103,61,-113
34,"348,099200",-7893,-2505,-1581,-2354,546,-1143,103,60,-112
34,"348,108600",-7978,-2540,-1546,-1864,-759,-332,103,60,-112
34,"348,119100",-7950,-2448,-1466,-1701,-1522,244,102,58,-114
34,"348,128500",-9014,-2909,-1836,-4198,-661,149,102,58,-114
34,"348,139100",-10893,-5635,-2437,-7015,8899,921,102,61,-112
34,"348,148500",-7329,-6565,-3172,-13951,23882,7234,102,61,-112
34,"348,159200",-6989,-4368,-3708,-32768,27161,22497,100,60,-117
34,"348,168500",-5929,-756,-4416,-32768,20931,32767,100,60,-117
34,"348,179000",-6454,3632,-5423,-32768,2036,32767,89,56,-124
34,"348,188400",-7060,3492,-4063,-32768,-22060,15118,89,56,-124
34,"348,199000",-8728,1788,-2621,-32768,-32768,-3126,75,57,-125
34,"348,208400",-8213,-111,-608,-32768,-32768,-11703,75,57,-125
34,"348,218900",-8166,-1686,1442,-32768,-32768,-10081,67,64,-118
34,"348,228400",-8373,-1444,2198,-32768,-26394,-1575,67,64,-118
34,"348,239000",-7437,-334,1061,-32768,-10946,4098,61,69,-114
34,"348,248400",-6440,436,-578,-32768,-2531,4721,61,69,-114
34,"348,258900",-7113,-215,-1090,-32768,-4769,3388,55,70,-111
34,"348,268300",-7017,584,-1320,-32768,-13916,1093,55,70,-111
34,"348,278900",-7443,-584,-1062,-27692,-23917,-3625,49,71,-108
34,"348,288300",-8563,-854,-423,-23209,-31917,-4194,49,71,-108
34,"348,298800",-7916,-1124,678,-20525,-32768,-1763,46,76,-103
34,"348,308200",-8015,-1263,1315,-12811,-32768,962,46,76,-103
34,"348,318800",-8314,-911,2586,-10035,-32768,2219,45,80,-92
34,"348,328200",-8050,252,3806,-2472,-21417,5256,45,80,-92
34,"348,338800",-7185,1164,2217,1968,-11736,1737,44,83,-87
34,"348,348200",-7412,419,1135,-5963,-10528,-5983,44,83,-87
34,"348,358800",-7454,-374,369,-15825,-15060,-7321,46,81,-86
34,"348,368200",-7649,-1100,633,-17238,-24799,-6718,46,81,-86
34,"348,378900",-7980,-1482,1792,-9401,-32768,-3405,44,84,-79
34,"348,388100",-8047,-706,3099,-3443,-32768,1631,44,84,-79
34,"348,398700",-7148,-190,4318,-6142,-30673,2413,44,88,-72
34,"348,408200",-6468,-631,5370,-9118,-24577,939,44,88,-72
34,"348,418700",-7243,-1363,5610,-9452,-19661,81,43,87,-65
34,"348,428100",-7773,-688,5188,-4995,-14769,2509,43,87,-65
34,"348,438700",-7242,-93,3328,-5185,-9547,3528,43,89,-61
34,"348,448000",-7336,316,2615,-5330,-9702,1737,43,89,-61
34,"348,458700",-6211,-52,3083,-8166,-13134,-1236,43,90,-59
34,"348,468100",-6301,-1048,3673,-6946,-19167,-3055,43,90,-59
34,"348,478600",-6763,-1307,4184,-6106,-21755,-848,44,88,-54
34,"348,488000",-6699,-889,4968,-4144,-20973,3883,44,88,-54
34,"348,498600",-6654,56,6517,-1213,-19528,4631,43,89,-50
34,"348,508000",-7404,232,6862,-2175,-12992,1782,43,89,-50
34,"348,518600",-7230,220,6428,-6381,-4958,-1899,43,90,-46
34,"348,528000",-6975,-458,5447,-16821,1984,-6619,43,90,-46
34,"348,538600",-5430,-1116,4069,-17087,9339,-5681,43,90,-47
34,"348,547900",-4665,-1927,3121,-14544,5310,-5424,43,90,-47
34,"348,558500",-5989,-2035,3014,-8248,-6534,-3515,46,89,-46
34,"348,567900",-6510,-2270,3420,-5471,-13130,488,46,89,-46
34,"348,578500",-6368,-1600,4249,-1717,-16436,6145,45,88,-44
34,"348,587900",-6105,-543,6433,-389,-17789,6080,45,88,-44
34,"348,598600",-6885,-326,7068,-3807,-12292,776,44,89,-40
34,"348,607900",-6362,-731,5826,-11969,-2889,-4423,44,89,-40
34,"348,618400",-6229,-1766,4079,-22729,1981,-6712,45,88,-39
34,"348,627800",-6146,-2495,4101,-31528,1120,-3994,45,88,-39
34,"348,638400",-5471,-3160,4955,-32768,-3900,1634,47,89,-38
34,"348,647800",-5793,-3236,6255,-32768,-8862,9680,47,89,-38
34,"348,658400",-5773,-2379,6617,-23307,-8525,16804,50,87,-34
34,"348,667800",-5927,-1321,6210,-13845,-6258,19039,50,87,-34
34,"348,678400",-6505,-359,5736,-5247,-2588,15993,46,86,-29
34,"348,687700",-6757,-294,5545,-5042,877,7633,46,86,-29
34,"348,698300",-6168,-762,5104,-3134,6241,-476,44,86,-29
34,"348,707700",-5867,-1565,4879,-3795,9752,-6417,44,86,-29
34,"348,718300",-5915,-2681,4065,-7170,12862,-7849,43,88,-30
34,"348,727700",-5714,-3301,4154,-9160,12682,-2867,43,88,-30
34,"348,738200",-6174,-3580,5327,-12756,8844,4198,46,88,-32
34,"348,747600",-5875,-3243,5603,-11492,10809,10099,46,88,-32
34,"348,758200",-5511,-2728,3832,-6102,18308,14438,45,88,-36
34,"348,767600",-4828,-1393,784,-1166,23042,16782,45,88,-36
34,"348,778200",-5352,-410,-1026,1415,17067,13831,41,89,-40
34,"348,787600",-6391,-206,-230,5113,6595,6236,41,89,-40
34,"348,798200",-7493,-1381,2864,2073,-4042,-1793,39,85,-40
34,"348,807600",-8411,-2230,6053,1459,-4956,-5296,39,85,-40
34,"348,818300",-8274,-2120,7290,1417,8682,-4018,39,86,-39
34,"348,827600",-6870,-2716,6773,-4623,24721,-1448,39,86,-39
34,"348,838100",-5767,-2668,5552,-6464,32767,1632,40,88,-44
34,"348,847500",-4889,-2635,4328,-7034,32767,2684,40,88,-44
34,"348,858100",-5324,-2443,3958,-10782,32767,2767,39,89,-51
34,"348,867500",-5443,-2529,3621,-15674,32767,5297,39,89,-51
34,"348,878000",-4309,-2232,947,-15308,32767,10957,40,88,-63
34,"348,887500",-4625,-1546,-1762,-17339,32767,13742,40,88,-63
34,"348,898100",-5738,-1429,-3553,-18289,32767,14242,37,82,-72
34,"348,907400",-7487,-1349,-3142,-17783,20980,12513,37,82,-72
34,"348,918000",-7962,-1898,-811,-17768,9927,12915,34,80,-78
34,"348,927400",-7748,-2364,-857,-14679,7319,15726,34,80,-78
34,"348,938000",-7192,-1251,-3179,-10520,7499,18422,28,76,-75
34,"348,947400",-8178,-1039,-3511,-15663,1880,17803,28,76,-75
34,"348,958000",-8432,-548,-2554,-14465,-4221,19438,25,72,-75
34,"348,967300",-9372,-349,259,-15820,-6718,19065,25,72,-75
34,"348,977900",-9753,-583,3593,-18856,4742,18856,19,70,-71
34,"348,987300",-7980,79,3470,-15213,25022,19910,19,70,-71
34,"348,997900",-6455,1142,810,-10014,32767,19745,17,65,-73
34,"349,007300",-5868,2004,-3002,-4745,32767,18645,17,65,-73
34,"349,017900",-5775,2825,-4849,-1568,32767,15129,15,60,-78
34,"349,027300",-6714,3299,-7066,-2360,32767,9765,15,60,-78
34,"349,038000",-7722,2782,-8148,-1881,14634,4853,13,55,-78
34,"349,047200",-9498,3094,-7084,-242,-4623,275,13,55,-78
34,"349,057800",-10376,2229,-4037,-1517,-17237,-3583,13,54,-79
34,"349,067200",-10613,1390,-1003,677,-17385,-5972,13,54,-79
34,"349,077800",-8509,386,-724,-5258,-7592,-9146,13,57,-77
34,"349,087100",-8067,42,-2481,-7910,1738,-9052,13,57,-77
34,"349,097800",-7421,-20,-2916,-5602,8826,-6305,14,57,-76
34,"349,107100",-6380,-793,-3167,-1766,10892,-3318,14,57,-76
34,"349,117700",-7035,128,-3836,4091,10734,1303,13,56,-77
34,"349,127100",-7386,818,-4236,-200,6700,4594,13,56,-77
34,"349,137700",-7176,1168,-4629,-3351,3260,6284,14,56,-78
34,"349,147000",-7345,1536,-3557,-5141,420,5218,14,56,-78
34,"349,157600",-7419,1427,-2943,-7970,-4710,1055,15,55,-80
34,"349,167100",-8252,1279,-3014,-4236,-5146,-2760,15,55,-80
34,"349,177700",-8343,1058,-1815,-1225,-2142,-3627,12,52,-78
34,"349,187000",-7536,463,-1503,-296,2410,-2524,12,52,-78
34,"349,197600",-7349,756,-2579,676,10138,236,11,53,-77
34,"349,207000",-6967,957,-5322,2299,12261,2309,11,53,-77
34,"349,217500",-6883,910,-6818,5749,4261,1796,13,52,-80
34,"349,227000",-8218,1021,-5240,6718,-7787,638,13,52,-80
34,"349,237500",-8734,499,-3573,696,-16497,-678,11,52,-79
34,"349,246900",-8006,430,-2598,-3048,-14430,295,11,52,-79
34,"349,257700",-7430,509,-2342,-2780,-6005,1401,13,54,-78
34,"349,266900",-7228,481,-2777,-38,-420,1354,13,54,-78
34,"349,277500",-7347,445,-3433,1477,1660,1712,12,54,-75
34,"349,286900",-7919,735,-3823,-641,988,3719,12,54,-75
34,"349,297400",-7766,1108,-3571,-1435,-238,6265,10,53,-77
34,"349,306800",-7342,1551,-3249,-895,-1876,6993,10,53,-77
34,"349,317400",-7254,1402,-2786,-3927,-5417,4338,12,52,-74
34,"349,326800",-7518,1121,-1856,-3668,-6904,1627,12,52,-74
34,"349,337400",-7531,728,-1628,-2126,-5857,155,12,52,-76
34,"349,346800",-7342,850,-2546,830,-3519,914,12,52,-76
34,"349,357300",-7279,1289,-3527,819,-3744,2085,11,52,-75
34,"349,366800",-7417,1470,-3542,-4305,-7147,3651,11,52,-75
34,"349,377300",-8368,1219,-2166,-6526,-10210,5353,11,54,-74
34,"349,386700",-8138,1443,-1477,-4031,-6629,6469,11,54,-74
34,"349,397300",-7293,1572,-1608,-2472,-871,5201,8,52,-70
34,"349,406700",-6877,1591,-1593,1405,4595,3486,8,52,-70
34,"349,417300",-7211,1374,-802,2037,6969,1810,10,50,-71
34,"349,426700",-7448,1176,55,1965,7921,917,10,50,-71
34,"349,437200",-7330,1169,206,3366,11980,1392,8,51,-75
34,"349,446700",-7573,4045,-2523,5994,7239,-3514,8,51,-75
34,"349,457200",-7854,2988,-2396,8611,2771,-12384,10,50,-74
34,"349,466600",-7480,2719,-2003,3090,8362,-16638,10,50,-74
34,"349,477400",-7287,1259,-2413,-1029,12897,-18878,12,52,-74
34,"349,486600",-7921,-880,-4690,560,12669,-18422,12,52,-74
34,"349,497200",-7564,-4893,-7595,10265,6678,-9848,14,51,-78
34,"349,506600",-7171,337,-3844,7722,-6164,3968,14,51,-78
34,"349,517100",-7161,557,-2958,9752,-3180,4360,14,53,-80
34,"349,526500",-7504,259,-3083,7058,-3149,1358,14,53,-80
34,"349,537100",-7008,2,-3989,2935,-6518,969,14,54,-81
34,"349,546500",-7845,306,-3905,813,-5558,2524,14,54,-81
34,"349,557200",-8102,760,-2998,-78,-4358,4020,15,55,-80
34,"349,566500",-8008,1256,-3087,-1741,-4437,4123,15,55,-80
34,"349,577100",-8145,1349,-2865,731,-567,3625,14,53,-79
34,"349,586400",-7720,588,-3408,1233,2254,2923,14,53,-79
34,"349,597000",-7045,-225,-4010,1044,3178,4285,16,52,-79
34,"349,606500",-7210,-71,-3611,-50,2342,7527,16,52,-79
34,"349,617000",-7541,308,-2707,-2211,-2084,9849,14,53,-81
34,"349,626400",-7310,1424,-2811,-2945,-5520,9712,14,53,-81
34,"349,637000",-7907,1832,-2383,-1401,-5767,7248,12,52,-78
34,"349,646300",-7529,2108,-2112,601,-3222,4320,12,52,-78
34,"349,657000",-7244,2258,-1848,-51,-1083,1002,11,47,-77
34,"349,666300",-7280,1814,-2401,-1793,552,-1898,11,47,-77
34,"349,676900",-7141,1610,-2551,-4887,2021,-3157,14,51,-78
34,"349,686300",-6970,1447,-1800,-6358,3119,-4133,14,51,-78
34,"349,697000",-6620,944,-2366,-3541,2075,-5910,14,49,-80
34,"349,706300",-6617,1011,-2319,-429,2310,-7284,14,49,-80
34,"349,716900",-7528,968,-3402,-134,810,-6960,11,51,-78
34,"349,726300",-9366,176,-4310,-244,-308,-3528,11,51,-78
34,"349,736800",-7962,686,-3132,-333,-4413,633,12,52,-80
34,"349,746200",-7432,822,-3521,2103,-4672,923,12,52,-80
34,"349,756800",-7048,624,-3039,3888,980,-78,13,50,-77
34,"349,766200",-6929,359,-2690,446,174,1026,13,50,-77
34,"349,776800",-8341,999,-3612,3144,-2091,3095,14,52,-82
34,"349,786200",-8457,503,-3739,-228,-1065,2947,14,52,-82
34,"349,796700",-7811,866,-2816,-1882,-1485,3019,14,52,-78
34,"349,806100",-7763,1415,-2779,-2970,-2574,2425,14,52,-78
34,"349,816700",-7778,1264,-3136,-1593,-221,2482,12,49,-77
34,"349,826100",-8544,945,-4383,-1427,2635,3455,12,49,-77
34,"349,836600",-8950,939,-5472,1796,8299,7337,11,52,-76
34,"349,846100",-7898,2752,-5741,-673,9831,8802,11,52,-76
34,"349,856600",-8132,807,-4630,-3792,2416,4404,12,48,-79
34,"349,866000",-7872,697,-4715,-5806,-778,6976,12,48,-79
34,"349,876600",-7281,813,-4679,-12028,-2030,9398,9,49,-78
34,"349,886000",-6897,1840,-4581,-24043,-3217,11191,9,49,-78
34,"349,896600",-6168,2776,-4919,-32768,-5388,9328,7,48,-75
34,"349,906000",-6577,3300,-5052,-32768,-15926,4614,7,48,-75
34,"349,916700",-7077,3380,-3852,-32768,-32768,-1982,4,47,-62
34,"349,925900",-6614,2733,-1686,-32768,-32768,-8539,4,47,-62
34,"349,936500",-6934,1267,606,-32768,-32768,-13871,2,50,-50
34,"349,945900",-7365,-54,2736,-23543,-32768,-10229,2,50,-50
34,"349,956500",-6385,601,4118,-10140,-32768,-6495,5,52,-37
34,"349,965900",-7259,-390,4378,-12118,-32768,-7092,5,52,-37
34,"349,976500",-7365,592,3863,-4094,-25956,-1666,7,53,-30
34,"349,985900",-6996,1953,2799,-6205,-18748,1364,7,53,-30
34,"349,996500",-6728,2937,1738,-11972,-17694,65,6,49,-27
34,"350,005900",-6183,3150,1141,-15654,-21323,-4053,6,49,-27
34,"350,016400",-6749,2038,1395,-13572,-27355,-8032,9,50,-21
34,"350,025800",-7107,1338,2394,-5676,-30712,-9417,9,50,-21
34,"350,036400",-7450,673,3787,-917,-30692,-9500,10,51,-18
34,"350,045800",-7422,-433,5666,-1622,-25211,-8033,10,51,-18
34,"350,056400",-7165,-625,5763,-2194,-15367,-3441,10,49,-15
34,"350,065800",-7192,540,4310,-4183,-8314,3099,10,49,-15
34,"350,076400",-7052,1822,3219,-6035,-6962,7050,10,50,-13
34,"350,085700",-6507,3005,2591,-7008,-7677,6742,10,50,-13
34,"350,096300",-6813,2796,2368,-10694,-10964,2356,12,47,-12
34,"350,105700",-7415,2264,2913,-8020,-15740,-1451,12,47,-12
34,"350,116300",-7460,1221,4141,-8665,-19040,-4540,13,44,-8
34,"350,125700",-7266,-44,5732,-11191,-19625,-5073,13,44,-8
34,"350,136400",-6618,-876,6315,-13622,-16287,-1172,15,43,-4
34,"350,145600",-6504,35,4737,-4906,-10416,6698,15,43,-4
34,"350,156200",-6494,1632,3444,1885,-9088,11627,15,41,0
34,"350,165600",-6349,2688,2802,5691,-12975,10995,15,41,0
34,"350,176200",-6142,3060,3493,8749,-17569,6631,13,38,-1
34,"350,185600",-5680,2321,5022,5618,-20782,-1544,13,38,-1
34,"350,196100",-5898,1462,5756,7373,-22812,-8677,12,36,0
34,"350,205600",-5932,465,6955,8667,-23321,-11019,12,36,0
34,"350,216200",-5773,420,7135,7223,-18162,-8392,13,35,-1
34,"350,225500",-4839,647,7251,712,-9503,-4054,13,35,-1
34,"350,236100",-5667,116,7533,-6224,-1848,-894,12,33,-1
34,"350,245500",-5400,1330,6398,-2695,6578,5582,12,33,-1
34,"350,256000",-5326,2070,5452,887,12628,8807,13,34,0
34,"350,265500",-5343,2864,4595,6825,15811,8359,13,34,0
34,"350,276100",-5458,3056,4538,7563,16145,3902,11,34,-1
34,"350,285400",-5917,2616,4151,5029,14112,-2642,11,34,-1
34,"350,296000",-6309,2216,3682,5328,10262,-7008,12,37,-3
34,"350,305400",-6551,1740,3423,5203,5224,-8930,12,37,-3
34,"350,316000",-7058,1158,3742,3108,-1049,-8533,11,39,-4
34,"350,325400",-7097,700,4534,5226,-4692,-5517,11,39,-4
34,"350,336000",-6782,917,5769,19727,-1199,-674,11,40,-3
34,"350,345400",-6018,2297,7001,32767,9556,-1014,11,40,-3
34,"350,356100",-6097,4134,7401,32767,23604,-11091,8,39,-12
34,"350,365400",-6017,3439,7069,32767,32767,-27062,8,39,-12
34,"350,375900",-5921,1127,5449,32767,32767,-32768,4,46,-23
34,"350,385300",-5407,-310,3802,32767,32767,-32768,4,46,-23
34,"350,395900",-5752,-312,2708,32767,32767,-25245,5,57,-39
34,"350,405300",-5638,-227,1644,32767,32767,-17957,5,57,-39
34,"350,415900",-6303,-94,1436,27077,32767,-8228,7,60,-58
34,"350,425200",-6140,635,825,24806,32767,864,7,60,-58
34,"350,435900",-6268,926,87,25370,32767,4948,10,59,-66
34,"350,445200",-5944,1127,-1182,31820,32767,6876,10,59,-66
34,"350,455800",-6609,1139,-2863,32767,32767,4330,10,54,-76
34,"350,465200",-6831,660,-4343,32767,32767,5815,10,54,-76
34,"350,475800",-7942,1811,-5662,32767,32767,8470,14,49,-88
34,"350,485200",-8851,2430,-6349,32767,31451,2501,14,49,-88
34,"350,495800",-8943,1278,-5005,32767,18297,-2611,22,44,-101
34,"350,505100",-7380,676,-4172,31348,8420,33,22,44,-101
34,"350,515700",-7221,-112,-4861,21349,5777,1273,27,43,-107
34,"350,525200",-8244,-2,-6032,24166,9255,6253,27,43,-107
34,"350,535700",-7805,990,-7484,32767,10883,9604,29,41,-112
34,"350,545100",-7739,1374,-8220,32767,1043,6458,29,41,-112
34,"350,555700",-8872,922,-6779,32767,-16178,3526,33,38,-116
34,"350,565100",-8351,366,-3891,32767,-26785,1709,33,38,-116
34,"350,575800",-7086,-1415,-2496,32767,-25424,1611,40,42,-119
34,"350,585100",-7514,-1975,-1461,32767,-15517,7136,40,42,-119
34,"350,595600",-6835,-1261,-486,32767,-2537,13387,46,46,-119
34,"350,605000",-6427,-1508,-326,32767,10570,16222,46,46,-119
34,"350,615600",-6120,-1000,-1988,32767,21867,20714,56,44,-125
34,"350,625000",-6572,-955,-4018,32767,26458,20054,56,44,-125
34,"350,635600",-6364,-155,-5078,32767,24013,19020,65,39,-126
34,"350,644900",-6335,-379,-5111,23394,17116,16889,65,39,-126
34,"350,655600",-6057,848,-4382,21842,12970,17456,67,35,-127
34,"350,664900",-6316,1014,-3607,9767,14250,14992,67,35,-127
34,"350,675500",-6167,84,-6354,10489,17347,16065,67,31,-131
34,"350,684900",-5804,860,-7422,22664,12920,16365,67,31,-131
34,"350,695500",-7163,1447,-7169,31358,591,10861,73,31,-131
34,"350,704900",-6941,770,-5102,32767,-14582,5709,73,31,-131
34,"350,715500",-6595,-17,-4489,32767,-21707,2369,80,28,-131
34,"350,724800",-7153,-926,-4767,32767,-20882,2632,80,28,-131
34,"350,735400",-7513,-1875,-3682,32767,-13632,6286,86,36,-128
34,"350,744800",-7267,-2039,-2652,32767,-3256,13847,86,36,-128
34,"350,755400",-6539,-1713,-2512,32767,2875,19634,92,36,-128
34,"350,764800",-6050,-1418,-2975,29432,5826,23558,92,36,-128
34,"350,775400",-6197,-647,-3576,19755,9297,25493,98,39,-127
34,"350,784700",-6464,384,-3403,13316,13370,26500,98,39,-127
34,"350,795500",-6109,505,-4927,6704,17836,23038,97,40,-126
34,"350,804700",-6120,850,-6204,7328,16659,21470,97,40,-126
34,"350,815300",-5761,818,-7258,6434,8835,18941,98,38,-129
34,"350,824700",-6320,1373,-7121,10752,-5090,18677,98,38,-129
34,"350,835300",-6706,2813,-4426,17175,-13290,16862,97,37,-129
34,"350,844600",-5389,4113,-4065,13380,-14850,10223,97,37,-129
34,"350,855300",-6506,3579,-4632,10478,-14802,-95,100,42,-129
34,"350,864600",-8084,2083,-5063,10833,-12213,-10828,100,42,-129
34,"350,875300",-8834,589,-3388,14143,-8051,-14644,102,46,-126
34,"350,884600",-7834,-4,-2421,15699,2674,-13533,102,46,-126
34,"350,895200",-6998,-1050,-3829,9970,10217,-13561,106,40,-124
34,"350,904600",-6069,-2182,-5254,5523,8716,-12214,106,40,-124
34,"350,915100",-6534,-2973,-6129,4375,5,-7347,110,41,-123
34,"350,924600",-7263,-2671,-5269,9957,-10273,-276,110,41,-123
34,"350,935200",-7532,-1369,-3722,17662,-18180,4285,110,40,-122
34,"350,944500",-7990,-620,-2422,17069,-18946,4646,110,40,-122
34,"350,955100",-7472,-450,-1929,9781,-13425,3798,114,46,-119
34,"350,964500",-7873,-326,-1397,9661,-5290,5040,114,46,-119
34,"350,975100",-6657,288,-1930,11207,8535,3233,113,48,-119
34,"350,984500",-4617,-666,-4214,10693,20262,-1206,113,48,-119
34,"350,995100",-6056,-981,-5525,7032,17911,-1695,116,46,-116
34,"351,004400",-7796,-882,-5237,3655,8287,749,116,46,-116
34,"351,015200",-7904,-1309,-3948,-2977,2690,2292,117,42,-119
34,"351,024400",-7096,-1548,-4250,-5602,2584,1545,117,42,-119
34,"351,035000",-7107,-1532,-4396,-2756,-904,-1121,117,46,-118
34,"351,044400",-7532,-1463,-3936,101,-3904,-1430,117,46,-118
34,"351,055000",-7301,-855,-3640,-2000,-3278,2218,114,44,-119
34,"351,064400",-7240,-648,-2531,-4744,2005,5117,114,44,-119
34,"351,074900",-6697,-364,-3267,751,10728,4291,117,44,-120
34,"351,084300",-5696,-251,-3809,3318,18580,1594,117,44,-120
34,"351,094900",-6240,-691,-4829,3853,19028,1955,116,43,-119
34,"351,104300",-6875,-705,-7129,-1681,16083,1434,116,43,-119
34,"351,114900",-6458,-1232,-7293,-8893,7320,1382,115,39,-122
34,"351,124300",-6635,-1352,-5639,-6548,-2463,2791,115,39,-122
34,"351,134900",-7276,-926,-4165,-6210,-4453,4294,114,39,-125
34,"351,144300",-6428,201,-3780,-2603,-2170,7317,114,39,-125
34,"351,154800",-6188,521,-4119,-1246,1450,5796,111,41,-124
34,"351,164200",-6179,716,-4818,290,2299,2413,111,41,-124
34,"351,174800",-6108,642,-4681,4462,-869,-1420,114,39,-124
34,"351,184200",-6445,-270,-4640,3021,-797,-4559,114,39,-124
34,"351,194800",-6094,-869,-4577,4680,1690,-4137,112,42,-124
34,"351,204200",-5893,-946,-5391,1515,1363,-1818,112,42,-124
34,"351,214800",-6580,-1410,-5714,-2234,-1796,-316,113,40,-126
34,"351,224100",-6990,-1118,-5918,-1327,-6991,946,113,40,-126
34,"351,234800",-7620,-541,-5264,-4055,-14138,2144,111,40,-125
34,"351,244100",-7463,-19,-3728,-9608,-18095,2611,111,40,-125
34,"351,254700",-7022,47,-3028,-11849,-14106,3756,111,43,-124
34,"351,264100",-6465,533,-3007,-3534,-8580,2770,111,43,-124
34,"351,274700",-6439,-154,-3652,3530,-6934,12,112,45,-124
34,"351,284000",-7246,69,-3482,10314,-3599,-931,112,45,-124
34,"351,294600",-7007,-362,-3733,7695,4298,-1928,111,48,-121
34,"351,304000",-6779,-791,-5041,1191,6286,-1120,111,48,-121
34,"351,314600",-6941,-510,-5409,65,3086,743,112,47,-121
34,"351,324000",-6887,-323,-5132,-2639,-1777,-302,112,47,-121
34,"351,334600",-6836,-519,-4670,-4173,-6261,-505,111,47,-121
34,"351,344000",-7361,-409,-3863,-2180,-10535,-18,111,47,-121
34,"351,354600",-7161,-306,-3661,-1848,-12314,-966,112,48,-122
34,"351,364000",-7621,-387,-3333,657,-12945,-2314,112,48,-122
34,"351,374500",-7524,-618,-3022,5446,-11750,-2002,111,49,-119
34,"351,383900",-7268,-460,-2955,10463,-9156,-2212,111,49,-119
34,"351,394500",-6775,-507,-2111,12495,-6805,-3386,114,50,-119
34,"351,403900",-7108,-669,-1687,11066,-2733,-4496,114,50,-119
34,"351,414500",-6942,-1214,-2039,8367,3406,-4142,116,50,-116
34,"351,423800",-7019,-1455,-2349,5140,9898,-1582,116,50,-116
34,"351,434400",-7197,-1186,-3001,3916,12479,947,117,50,-117
34,"351,443800",-6947,-1351,-4548,6513,10807,2312,117,50,-117
34,"351,454500",-7344,-1536,-6053,10850,6685,2896,118,49,-119
34,"351,463800",-8000,-1614,-5064,12755,903,4597,118,49,-119
34,"351,474400",-7837,-1250,-2457,7106,-2443,6798,121,51,-117
34,"351,483800",-6613,-948,-1230,-247,-123,8794,121,51,-117
34,"351,494300",-6289,108,-3409,574,4356,8885,120,51,-116
34,"351,503700",-6453,55,-6359,-2079,5395,5060,120,51,-116
34,"351,514300",-8035,370,-5174,-2158,-1877,3318,119,50,-116
34,"351,523700",-7752,336,-3695,238,-8925,2189,119,50,-116
34,"351,534300",-7486,-233,-2267,-2811,-9769,381,119,49,-116
34,"351,543700",-7089,-660,-2814,1133,-2724,607,119,49,-116
34,"351,554200",-6881,-698,-4094,9350,4310,-244,118,52,-117
34,"351,563600",-6956,-840,-4426,13570,2568,-2386,118,52,-117
34,"351,574200",-7190,-1012,-3866,10615,-671,-3683,120,50,-116
34,"351,583600",-7635,-741,-3492,9621,-1461,-3013,120,50,-116
34,"351,594200",-7430,-756,-4025,4820,-1347,-3227,123,50,-113
34,"351,603600",-7377,-1295,-4531,1354,-1592,-2646,123,50,-113
34,"351,614200",-7825,-1214,-3303,4526,-2658,-1871,122,52,-113
34,"351,623600",-7094,-1180,-2818,4795,-6570,-2313,122,52,-113
34,"351,634200",-7245,-1217,-3073,1809,-8155,-2325,124,50,-113
34,"351,643600",-7111,-1197,-2861,-1170,-6724,-1749,124,50,-113
34,"351,654100",-7403,-1117,-2891,52,-4692,-461,126,53,-110
34,"351,663500",-7071,-601,-2794,894,-3011,-540,126,53,-110
34,"351,674300",-7527,-1030,-3593,-2274,498,-1630,123,52,-110
34,"351,683500",-7175,-1046,-4236,-3684,4279,-1562,123,52,-110
34,"351,694000",-6651,-1683,-5510,-7410,4617,-106,124,52,-113
34,"351,703500",-9081,-1314,-5064,-1433,-773,5800,124,52,-113
34,"351,714000",-7271,-260,-3286,5808,-313,6285,124,52,-112
34,"351,723400",-6914,-270,-2852,-1407,-7036,1038,124,52,-112
34,"351,734000",-6801,-1011,-2521,-5314,-11962,-2449,124,55,-111
34,"351,743400",-6848,-1219,-2325,-5232,-11401,-2055,124,55,-111
34,"351,754000",-7331,-1104,-3113,-3007,-8541,337,122,56,-113
34,"351,763400",-7918,-887,-3400,-1195,-4870,1683,122,56,-113
34,"351,774000",-7766,-909,-3303,-2816,-3487,1383,123,57,-111
34,"351,783300",-8021,-850,-3092,-1770,-3472,1800,123,57,-111
34,"351,793900",-7633,-590,-2771,1512,-4251,1288,121,55,-111
34,"351,803400",-7597,-657,-2178,-906,-6666,-540,121,55,-111
34,"351,814000",-7466,-817,-2176,-3212,-5731,-1040,122,57,-110
34,"351,823300",-7375,-804,-2689,-3238,-3245,-300,122,57,-110
34,"351,833900",-7487,-750,-3037,-2904,-1997,44,121,58,-109
34,"351,843300",-7809,-815,-2688,-2244,-3218,-396,121,58,-109
34,"351,853900",-7503,-890,-1940,-1103,-4068,-641,121,57,-108
34,"351,863300",-7750,-943,-1860,-176,-966,-657,121,57,-108
34,"351,873800",-7517,-848,-2639,-1117,3548,-415,120,59,-108
34,"351,883200",-7665,-1160,-3415,-1416,5129,-524,120,59,-108
34,"351,894000",-7651,-1180,-3443,-113,1905,-25,120,59,-110
34,"351,903100",-7800,-1021,-2655,1,-2767,553,120,59,-110
34,"351,913800",-7714,-852,-1926,-2169,-3658,1097,120,59,-110
34,"351,923100",-7556,-876,-1764,-5774,-1864,1338,120,59,-110
34,"351,933700",-7541,-938,-2564,-7624,106,1926,119,60,-108
34,"351,943100",-7407,-568,-3116,-6609,992,2688,119,60,-108
34,"351,953700",-7815,-582,-2870,-5126,-36,2082,118,58,-112
34,"351,963100",-7836,-504,-2738,-1763,-683,1537,118,58,-112
34,"351,973700",-7403,-489,-2315,85,-1984,441,118,60,-111
34,"351,983100",-7477,-596,-1515,-313,-1143,-339,118,60,-111
34,"351,993700",-7375,-489,-2634,-405,3741,-493,119,59,-110
34,"352,003000",-7549,-446,-4036,-2041,6316,-859,119,59,-110
34,"352,013600",-8278,-945,-3959,-7062,5470,-856,119,58,-111
34,"352,023000",-8249,-959,-3826,-12168,1456,1649,119,58,-111
34,"352,033600",-7956,-586,-3990,-18237,-606,5320,116,58,-113
34,"352,043000",-8346,-248,-4024,-23759,-4074,8191,116,58,-113
34,"352,053500",-8270,408,-3224,-32768,-6045,8056,112,61,-116
34,"352,062900",-7474,789,-2956,-32768,-6779,9256,112,61,-116
34,"352,073500",-7183,1232,-2226,-32768,-7501,9192,104,61,-119
34,"352,082900",-7391,1678,-1471,-29231,-5452,6512,104,61,-119
34,"352,093400",-6901,1385,-2158,-24403,-335,3072,97,62,-121
34,"352,102800",-7130,1356,-2836,-19238,630,402,97,62,-121
34,"352,113600",-7164,775,-2857,-15835,-977,-2955,95,63,-120
34,"352,122800",-7591,183,-2592,-12740,-3607,-4622,95,63,-120
34,"352,133400",-8638,105,-1768,-10114,-6127,-4304,93,60,-122
34,"352,142800",-7768,-61,-1120,-10645,-4036,-4383,93,60,-122
34,"352,153400",-7874,-9,-1856,-11653,990,-4280,92,61,-121
34,"352,162800",-7273,-296,-3191,-15197,3238,-3090,92,61,-121
34,"352,173300",-7390,-386,-4309,-15871,190,545,90,62,-121
34,"352,182800",-7911,-166,-3381,-13462,-7685,5919,90,62,-121
34,"352,193400",-8327,624,-2527,-8346,-17030,8533,88,63,-121
34,"352,202700",-8219,795,-1629,-6556,-23136,7124,88,63,-121
34,"352,213300",-8441,983,-150,-6250,-23970,5230,86,65,-118
34,"352,222700",-7605,868,-701,-7672,-17348,3239,86,65,-118
34,"352,233300",-7800,455,-874,-8253,-11621,2545,84,68,-116
34,"352,242700",-7797,644,-1390,-3708,-8696,4506,84,68,-116
34,"352,253300",-8314,1179,-1584,-1789,-8582,6141,84,71,-115
34,"352,262600",-8301,1779,-1119,1595,-12287,6625,84,71,-115
34,"352,273200",-7977,1999,-1325,3867,-15247,3747,79,72,-113
34,"352,282600",-8143,2346,-1752,963,-19687,-832,79,72,-113
34,"352,293200",-8308,1844,274,-7348,-30673,-3872,79,75,-111
34,"352,302500",-8576,786,2711,-16299,-32768,-4511,79,75,-111
34,"352,313200",-8052,462,3647,-16973,-27480,664,82,80,-103
34,"352,322500",-7923,601,4061,-13974,-12392,5638,82,80,-103
34,"352,333300",-6931,1259,2883,-10247,3121,8748,79,82,-100
34,"352,342500",-6892,2180,274,-7241,17708,10762,79,82,-100
34,"352,353100",-6252,2387,-936,-5882,24338,10699,77,83,-102
34,"352,362500",-6419,2555,-1412,-1118,23732,8197,77,83,-102
34,"352,373100",-7423,2624,-1405,4095,20761,3315,73,79,-108
34,"352,382500",-7906,2208,-1276,7193,14761,-2606,73,79,-108
34,"352,393100",-8227,1942,-1395,8982,7699,-7462,75,76,-107
34,"352,402500",-8490,1316,-1296,6858,-1005,-10460,75,76,-107
34,"352,413100",-8348,932,-1556,2018,-9607,-9818,75,75,-110
34,"352,422400",-8683,554,-1199,3324,-16125,-5239,75,75,-110
34,"352,433000",-8384,1010,-325,6441,-16214,-869,79,77,-108
34,"352,442400",-7842,1368,-474,3132,-13943,296,79,77,-108
34,"352,453000",-8185,1509,-588,95,-15007,-15,79,77,-106
34,"352,462400",-8874,1381,-368,-368,-17945,-1108,79,77,-106
34,"352,472900",-9251,1455,99,3372,-19539,-2151,80,80,-103
34,"352,482300",-8966,1590,7,10135,-19486,-3112,80,80,-103
34,"352,493000",-8809,1664,-140,19379,-21506,-4378,80,83,-100
34,"352,502300",-8269,1645,1956,23032,-23159,-7605,80,83,-100
34,"352,512900",-7816,918,3247,24790,-20097,-9697,86,84,-94
34,"352,522300",-7794,950,2716,31621,-8819,-9584,86,84,-94
34,"352,532800",-5929,1000,253,30894,2849,-12526,92,86,-90
34,"352,542300",-7076,73,-551,25534,-772,-13743,92,86,-90
34,"352,553000",-8352,-404,1199,25955,-6140,-10721,97,87,-88
34,"352,562200",-8531,-967,3193,27842,-4574,-6320,97,87,-88
34,"352,572800",-7730,30,4755,32767,5322,-1654,100,86,-86
34,"352,582200",-6198,1304,2603,32767,21069,-2168,100,86,-86
34,"352,592800",-6356,2039,947,32767,27290,-9037,105,85,-83
34,"352,602200",-7280,1059,-341,32767,21853,-15859,105,85,-83
34,"352,612800",-8358,695,43,32767,14531,-15051,110,82,-84
34,"352,622100",-8487,1151,202,32767,9460,-15542,110,82,-84
34,"352,632800",-7829,95,-185,32767,7445,-15610,118,79,-82
34,"352,642100",-7183,-211,140,30803,3989,-11086,118,79,-82
34,"352,652700",-7035,-224,535,25529,6812,-8258,123,76,-80
34,"352,662100",-7548,-268,-56,19840,13909,-5563,123,76,-80
34,"352,672700",-7897,-657,785,16949,19179,-2004,126,75,-79
34,"352,682000",-7748,-45,1160,19247,28100,1281,126,75,-79
34,"352,692600",-6891,512,621,19102,32767,1156,128,73,-77
34,"352,702000",-6355,50,-1021,22653,32767,370,128,73,-77
34,"352,712600",-6999,307,-2414,32767,32767,784,129,69,-82
34,"352,722000",-7020,-506,-3580,32767,32767,-2072,129,69,-82
34,"352,732600",-7648,-1120,-3967,32767,32767,-886,133,68,-85
34,"352,742000",-7888,-913,-3526,32767,28515,551,133,68,-85
34,"352,752600",-7633,-591,-2895,32767,24790,-921,134,63,-82
34,"352,762000",-7188,-919,-3095,24705,23617,-4953,134,63,-82
34,"352,772700",-6433,-1878,-3932,15251,24203,-2934,139,63,-81
34,"352,781900",-6686,-1237,-3532,17769,25013,1975,139,63,-81
34,"352,792500",-6361,-105,-3844,12946,27135,-179,141,59,-83
34,"352,801900",-4997,-1784,-6295,-1146,26504,-4433,141,59,-83
34,"352,812400",-5894,-2036,-8112,736,23212,1254,143,61,-84
34,"352,821900",-6938,-1628,-7935,-1484,8931,6505,143,61,-84
34,"352,832400",-7622,-1394,-7278,1458,-4154,8161,140,57,-86
34,"352,841800",-8695,-860,-5660,8396,-10841,10161,140,57,-86
34,"352,852400",-7649,96,-3835,13225,-10136,8481,141,59,-85
34,"352,861800",-6620,190,-2634,9106,-11172,2232,141,59,-85
34,"352,872400",-6511,-279,-2915,7395,-6976,-1709,141,61,-83
34,"352,881800",-6206,-986,-4522,8437,1705,-3179,141,61,-83
34,"352,892400",-6286,-1790,-4788,8504,6432,-3766,140,59,-78
34,"352,901700",-6224,-2463,-4714,7314,8967,-1975,140,59,-78
34,"352,912300",-6497,-2349,-5399,7468,9365,2331,144,60,-81
34,"352,921700",-6280,-2389,-6382,2778,5212,6082,144,60,-81
34,"352,932300",-7556,-2025,-6268,1105,-702,9525,144,59,-78
34,"352,941700",-6263,-1262,-5713,2591,-7376,9938,144,59,-78
34,"352,952300",-7201,-95,-4098,2539,-14393,9522,143,60,-81
34,"352,961600",-6599,1180,-3186,5156,-16866,8266,143,60,-81
34,"352,972200",-7584,717,-2372,4832,-17581,750,141,65,-78
34,"352,981600",-7175,-1275,-2584,422,-10494,-9256,141,65,-78
34,"352,992400",-6782,-2901,-2138,4847,1139,-11680,140,64,-76
34,"353,001600",-6518,-3893,-3366,5424,11617,-7289,140,64,-76
34,"353,012200",-6441,-4843,-5239,4864,18873,203,145,62,-73
34,"353,021500",-5656,-3786,-6143,12472,16537,9067,145,62,-73
34,"353,032200",-6606,-2191,-5227,23006,6654,14833,142,64,-75
34,"353,041600",-6397,-997,-4660,28667,2769,14540,142,64,-75
34,"353,052200",-6203,-330,-4820,29727,-1747,12972,145,66,-72
34,"353,061500",-6357,-394,-4802,21323,-7405,9716,145,66,-72
34,"353,072200",-7179,-888,-3308,16234,-12089,9092,145,64,-66
34,"353,081500",-7470,-1084,-2628,13544,-7478,6640,145,64,-66
34,"353,092100",-6621,-1391,-3624,4119,5714,1467,143,68,-61
34,"353,101500",-6503,-2020,-5355,-2215,13665,3159,143,68,-61
34,"353,112000",-7173,-1950,-7217,675,8395,9397,142,69,-62
34,"353,121400",-7436,-1098,-6925,-1011,-3040,12363,142,69,-62
34,"353,132000",-7562,-948,-5181,-975,-12063,9416,142,71,-62
34,"353,141400",-7369,-818,-3532,710,-16102,5452,142,71,-62
34,"353,152000",-7011,-175,-2929,1508,-16635,5494,140,73,-60
34,"353,161300",-7657,38,-1542,1738,-11418,5511,140,73,-60
34,"353,171900",-6922,-221,-1003,4133,389,5037,140,71,-58
34,"353,181300",-5620,-299,-3437,3040,10573,4857,140,71,-58
34,"353,191900",-5822,-135,-5685,4235,11185,4107,140,71,-59
34,"353,201300",-7279,-171,-5813,5473,4910,-717,140,71,-59
34,"353,212100",-7140,-1064,-4864,3453,-3057,-4420,140,74,-58
34,"353,221300",-7399,-2036,-4256,7544,-10712,-1243,140,74,-58
34,"353,231900",-7673,-1575,-4411,15447,-15218,4046,139,73,-57
34,"353,241300",-7346,-931,-3617,20556,-17194,3161,139,73,-57
34,"353,251800",-7743,-969,-2656,16896,-23293,-689,139,74,-49
34,"353,261200",-7927,-944,-1583,10177,-24696,-2213,139,74,-49
34,"353,271800",-7912,-635,-1940,5560,-21092,-1444,139,74,-44
34,"353,281200",-8145,-719,-2075,953,-12916,-1511,139,74,-44
34,"353,291800",-7543,-755,-2852,963,-2183,-2614,138,73,-40
34,"353,301200",-7362,-1688,-2880,-1965,1470,-4405,138,73,-40
34,"353,311800",-6635,-2491,-3621,-2417,-877,-2152,139,73,-38
34,"353,321200",-7872,-3336,-3777,-849,-3350,1534,139,73,-38
34,"353,331700",-7434,-3525,-3476,7216,-5690,5046,140,72,-40
34,"353,341100",-7542,-2460,-1937,19727,-12966,6896,140,72,-40
34,"353,351700",-8458,-2481,-406,23393,-20518,6678,139,72,-36
34,"353,361100",-7540,-2206,205,29184,-17196,7464,139,72,-36
34,"353,371700",-7105,-2226,284,22771,-10305,6589,136,74,-27
34,"353,381100",-7194,-1982,-430,7423,-7045,7318,136,74,-27
34,"353,391700",-7496,-2225,-229,-8903,-7175,9470,133,72,-25
34,"353,401000",-7931,-1744,189,-12359,-7882,15209,133,72,-25
34,"353,411600",-8481,-1265,-49,-8120,-5035,20515,129,72,-24
34,"353,421000",-8124,-445,-235,-606,-874,21833,129,72,-24
34,"353,431800",-8193,-99,-511,-4143,2713,20141,129,77,-28
34,"353,441000",-7887,450,-1048,-2319,4933,19764,129,77,-28
34,"353,451500",-7933,951,-1701,2171,2192,16932,126,80,-27
34,"353,460900",-8127,900,-1387,2059,-2384,11288,126,80,-27
34,"353,471500",-7411,570,-959,698,-5939,6245,123,81,-25
34,"353,480900",-7294,610,-1122,-2692,-8703,5362,123,81,-25
34,"353,491500",-5611,1701,-488,-4506,-10213,6844,123,79,-23
34,"353,500900",-7130,3380,-869,-11991,-9679,2925,123,79,-23
34,"353,511600",-9710,2515,-1375,-17250,-8306,-7300,125,82,-21
34,"353,520900",-9096,1411,-3169,-12192,-8178,-15772,125,82,-21
34,"353,531500",-8139,-186,-1878,-881,-2925,-17616,127,79,-24
34,"353,540800",-9102,-2968,-1546,2160,1363,-15796,127,79,-24
34,"353,551400",-9080,-2500,-175,5615,1133,-2729,127,76,-23
34,"353,560800",-7096,-514,630,7291,5108,8055,127,76,-23
34,"353,571400",-6532,914,296,6258,10512,8482,127,79,-22
34,"353,580800",-7127,585,-208,5291,11967,2984,127,79,-22
34,"353,591400",-7783,-3,-880,9054,9548,-1070,127,78,-23
34,"353,600800",-7767,-224,-437,12070,8858,-1182,127,78,-23
34,"353,611400",-8071,-190,-385,15322,10045,-1422,125,79,-22
34,"353,620700",-8149,14,-2080,10639,13345,-1742,125,79,-22
34,"353,631300",-8405,-631,-3255,-4025,10044,344,125,81,-24
34,"353,640700",-8975,-1059,-3024,-12928,3102,6724,125,81,-24
34,"353,651400",-8804,149,-3035,-7553,5136,14113,126,82,-25
34,"353,660600",-7665,189,-3588,-4494,9346,13606,126,82,-25
34,"353,671200",-7211,740,-3866,5315,9134,12231,125,82,-28
34,"353,680600",-7238,1394,-3018,9768,3803,7542,125,82,-28
34,"353,691200",-7435,893,-2634,1926,-8824,1010,124,85,-29
34,"353,700600",-8070,951,-2665,-1252,-16741,1962,124,85,-29
34,"353,711200",-8441,856,-2533,-6145,-18760,3207,121,84,-24
34,"353,720600",-8779,290,-2214,-7777,-18612,5122,121,84,-24
34,"353,731200",-7722,742,-1052,-2365,-14321,7004,121,82,-23
34,"353,740500",-7812,746,384,-3333,-13476,4923,121,82,-23
34,"353,751100",-7662,1160,1316,-5673,-9595,4816,119,83,-19
34,"353,760500",-7800,1651,619,-7119,-2842,5993,119,83,-19
34,"353,771100",-7488,2435,-1626,-1641,3597,5720,120,84,-20
34,"353,780500",-7740,2295,-2316,4401,3895,1863,120,84,-20
34,"353,791100",-7750,1175,-1942,6003,225,-4495,119,84,-21
34,"353,800400",-7892,399,-1776,5900,-4047,-6411,119,84,-21
34,"353,811100",-8546,168,-1439,4194,-6415,-4298,117,84,-20
34,"353,820400",-8212,590,-1098,4052,-7787,-301,117,84,-20
34,"353,831000",-8147,862,-698,2474,-7971,901,120,81,-19
34,"353,840400",-7860,462,-386,1263,-7599,521,120,81,-19
34,"353,851000",-8277,376,-281,957,-7098,1177,120,81,-17
34,"353,860400",-7927,403,-231,1046,-6670,2210,120,81,-17
34,"353,871100",-8111,532,229,2333,-4838,2914,117,82,-14
34,"353,880300",-7743,941,114,3401,-1963,3706,117,82,-14
34,"353,890900",-7942,884,155,2620,-1166,2181,118,81,-14
34,"353,900300",-8082,667,115,617,-135,1146,118,81,-14
34,"353,910900",-8222,680,-103,125,1581,2045,119,82,-13
34,"353,920300",-8298,800,-567,-154,1120,2731,119,82,-13
34,"353,930900",-8066,950,-552,-1646,-376,3417,117,84,-12
34,"353,940300",-7901,992,-512,-2874,-1191,3358,117,84,-12
34,"353,950900",-7850,1056,-269,-2242,-2000,2375,118,81,-13
34,"353,960200",-8031,969,-151,-2685,-2634,1244,118,81,-13
34,"353,970800",-7915,847,-168,-5291,-3431,2655,116,81,-13
34,"353,980200",-8097,1074,507,-5857,-4708,5622,116,81,-13
34,"353,990800",-8125,1915,165,-4717,-3446,7038,115,82,-13
34,"354,000200",-8101,2128,-27,-3092,-1505,4067,115,82,-13
34,"354,010800",-8070,2224,-543,377,-1207,-188,116,82,-12
34,"354,020200",-8239,1624,-773,464,-2462,-3629,116,82,-12
34,"354,030800",-8235,968,-652,-615,-5975,-4776,114,81,-13
34,"354,040200",-8488,881,-152,-889,-9709,-3269,114,81,-13
34,"354,050800",-7945,1047,-170,-2997,-11013,-1703,115,81,-11
34,"354,060100",-7656,858,578,-6018,-11173,-476,115,81,-11
34,"354,070700",-7697,786,1681,-8385,-11494,333,116,80,-11
34,"354,080100",-7927,815,1672,-8810,-8537,2036,116,80,-11
34,"354,090800",-8030,1341,1571,-5608,-2745,3656,115,79,-7
34,"354,100000",-7556,1804,805,-1975,3666,2439,115,79,-7
34,"354,110600",-7771,1563,116,-1381,5784,-1018,117,79,-8
34,"354,120000",-8648,954,-63,-3769,2472,-3499,117,79,-8
34,"354,130600",-8520,799,-217,-6577,-2014,-2579,117,79,-11
34,"354,140000",-8350,942,-113,-6886,-5858,-863,117,79,-11
34,"354,150600",-7960,689,249,-8581,-9310,-449,119,78,-10
34,"354,159900",-7574,795,471,-7242,-10101,1426,119,78,-10
34,"354,170600",-7433,861,1221,-4091,-9902,2627,120,76,-12
34,"354,179900",-7952,918,2146,343,-6783,2596,120,76,-12
34,"354,190500",-7914,1156,1948,3129,-1273,1777,116,78,-7
34,"354,199800",-7906,1121,1611,4753,3740,1244,116,78,-7
34,"354,210500",-8274,1035,1384,6710,8471,1505,118,76,-9
34,"354,219800",-8727,988,1804,10028,12654,2563,118,76,-9
34,"354,230400",-8179,1069,1920,16290,19312,3159,116,78,-10
34,"354,239800",-7368,1554,1431,22685,29107,2161,116,78,-10
34,"354,250500",-6795,1342,580,22971,32767,-1364,113,81,-10
34,"354,259800",-6247,1046,-524,19854,32767,-3915,113,81,-10
34,"354,270400",-6783,977,-2167,14135,32767,-4799,112,86,-15
34,"354,279800",-6650,739,-3566,3744,32767,-3720,112,86,-15
34,"354,290400",-7447,1027,-4861,-2006,25471,-241,112,89,-23
34,"354,299700",-8383,1131,-5446,-2235,11173,1604,112,89,-23
34,"354,310500",-9108,1021,-3820,8244,-3637,4018,115,89,-25
34,"354,319700",-8836,1262,-1503,26391,-10404,4071,115,89,-25
34,"354,330300",-8506,1304,-291,32767,-7583,1078,113,87,-23
34,"354,339700",-9001,902,529,32767,798,-4121,113,87,-23
34,"354,350300",-7074,61,376,32767,12775,-8739,108,88,-19
34,"354,359700",-6722,-850,45,32767,19447,-8796,108,88,-19
34,"354,370300",-6902,-1111,-876,32767,26326,-3513,106,89,-15
34,"354,379700",-5814,-563,-1384,29433,32767,374,106,89,-15
34,"354,390300",-6051,1014,-1902,26613,32767,2682,105,90,-20
34,"354,399600",-5295,1185,-2641,14917,32767,-3265,105,90,-20
34,"354,410200",-5985,619,-4483,3387,26139,-8017,104,92,-26
34,"354,419600",-6785,-11,-6206,-4263,17856,-7076,104,92,-26
34,"354,430200",-8076,-693,-6892,1069,7103,-3340,106,93,-30
34,"354,439600",-8093,-528,-5723,8030,997,-534,106,93,-30
34,"354,450200",-8383,-153,-6005,7668,-2403,-636,107,93,-32
34,"354,459600",-7642,-312,-5874,-250,-7178,-2483,107,93,-32
34,"354,470100",-7494,69,-5354,-5584,-15555,-2387,106,91,-29
34,"354,479500",-8176,24,-3858,-6408,-23106,-1109,106,91,-29
34,"354,490100",-7713,264,-2352,2463,-23367,-1188,107,90,-27
34,"354,499500",-7611,315,-1758,6281,-14845,-4230,107,90,-27
34,"354,510100",-8284,-254,-1557,6916,-6193,-6469,109,90,-22
34,"354,519400",-7950,-467,-1983,9792,4623,-3508,109,90,-22
34,"354,530200",-7095,-982,-4591,9257,17224,-2294,108,91,-20
34,"354,539500",-6017,-1000,-7758,5947,15330,-2572,108,91,-20
34,"354,550000",-6712,-1003,-6865,4315,-5291,-2718,108,90,-23
34,"354,559400",-7815,-636,-4478,3413,-22440,-1560,108,90,-23
34,"354,570000",-7665,-396,-2116,-507,-28685,-2374,110,89,-21
34,"354,579400",-7962,-423,-736,-4580,-23435,-2609,110,89,-21
34,"354,590000",-7665,-1059,-678,-3275,-11354,-293,111,86,-16
34,"354,599300",-7570,-263,-1474,2068,354,145,111,86,-16
34,"354,610000",-7043,218,-3156,5310,8085,-3272,110,87,-16
34,"354,619300",-7018,-65,-4548,4969,11737,-7377,110,87,-16
34,"354,629900",-6825,-518,-5533,-5105,8483,-10292,108,87,-16
34,"354,639300",-7180,-1768,-5029,-17995,3065,-9541,108,87,-16
34,"354,649900",-7307,-3062,-3848,-25570,-1736,-2513,113,86,-20
34,"354,659300",-7589,-2624,-2850,-27410,-8609,6549,113,86,-20
34,"354,669900",-8098,-1634,-2272,-20615,-12015,13589,113,87,-21
34,"354,679200",-7294,70,-2647,-10590,-9419,15067,113,87,-21
34,"354,689800",-7054,1035,-3228,-5037,-10004,11451,116,88,-21
34,"354,699200",-7388,1225,-3171,-291,-14522,5781,116,88,-21
34,"354,709800",-8055,705,-2825,-570,-19316,-131,112,87,-19
34,"354,719100",-8475,295,-251,3259,-21920,-3364,112,87,-19
34,"354,729800",-8247,-408,1860,4794,-14294,-4966,111,87,-15
34,"354,739100",-8458,170,1459,6565,-176,-4770,111,87,-15
34,"354,749800",-8101,434,238,3760,12032,-6395,112,85,-12
34,"354,759100",-7306,-403,-1826,2028,20873,-6918,112,85,-12
34,"354,769700",-7199,-664,-2813,2763,21041,-5914,114,87,-15
34,"354,779100",-6851,-836,-2696,2110,17789,-3616,114,87,-15
34,"354,789700",-6772,-1048,-4063,-794,13951,-1047,112,87,-19
34,"354,799100",-7037,-802,-4386,-2222,7198,341,112,87,-19
34,"354,809600",-7625,-872,-3840,-7896,837,-432,116,88,-22
34,"354,819100",-7729,-315,-3594,-13050,-3966,-2057,116,88,-22
34,"354,829700",-8136,-630,-2514,-17325,-6783,-4847,117,89,-21
34,"354,839000",-7496,-1317,-1647,-8923,-6053,-4706,117,89,-21
34,"354,849600",-6718,-1755,-1655,985,-4727,-2086,117,88,-23
34,"354,859000",-5463,-2162,-3134,4872,-1571,1899,117,88,-23
34,"354,869600",-7403,-1662,-5214,7021,-3191,6429,118,87,-21
34,"354,878900",-9776,-1109,-3548,6823,-8502,7136,118,87,-21
34,"354,889500",-9875,-504,-2464,3715,-13604,6837,117,90,-19
34,"354,898900",-8910,560,-1340,3054,-10575,8108,117,90,-19
34,"354,909500",-7575,297,-553,1654,478,7414,116,86,-14
34,"354,918800",-6455,27,-1481,1145,12275,5952,116,86,-14
34,"354,929400",-6064,449,-2549,4971,18561,4875,115,88,-18
34,"354,938800",-6348,1080,-4340,5584,19760,3237,115,88,-18
34,"354,949400",-6609,945,-5350,1941,16311,1000,113,92,-20
34,"354,958800",-7011,702,-5472,-2421,7008,-1553,113,92,-20
34,"354,969600",-8057,490,-4499,-2798,-255,-3944,114,91,-20
34,"354,978800",-8931,-140,-3085,-1333,-5732,-5218,114,91,-20
34,"354,989400",-8492,-665,-1110,-238,-9430,-3658,115,90,-23
34,"354,998800",-7741,-845,-281,1957,-4709,-441,115,90,-23
34,"355,009400",-6886,-439,-786,4582,4330,953,115,90,-22
34,"355,018700",-6771,1,-1336,8933,15032,-253,115,90,-22
34,"355,029300",-6143,371,-2863,8587,22895,-2568,113,91,-23
34,"355,038700",-7228,-435,-4910,4168,25640,-6604,113,91,-23
34,"355,049300",-7019,-3773,-12572,857,22536,-7970,115,94,-26
34,"355,058700",-8797,-1367,-8719,-3789,-5836,2611,115,94,-26
34,"355,069300",-7196,1091,-1994,-11315,-13288,9022,115,93,-29
34,"355,078600",-6870,1629,-1713,-16350,-2173,5437,115,93,-29
34,"355,089200",-5804,215,-5385,-14943,2065,1624,114,93,-27
34,"355,098600",-7749,1163,-4349,-8078,-7263,749,114,93,-27
34,"355,109200",-7292,1932,-3163,-6482,-8053,-4510,115,93,-29
34,"355,118600",-7470,1979,-2897,-9836,-5541,-12815,115,93,-29
34,"355,129200",-6963,-856,-5931,-26179,253,-15917,115,92,-29
34,"355,138600",-7861,508,-4116,-32768,-3498,-11250,115,92,-29
34,"355,149100",-7335,1602,-3295,-32768,-2247,-12757,119,91,-34
34,"355,158500",-6995,2126,-3604,-32768,-281,-16717,119,91,-34
34,"355,169100",-6580,1916,-3694,-32768,-1953,-21700,126,91,-40
34,"355,178500",-7512,1164,-3426,-27792,-936,-29273,126,91,-40
34,"355,189200",-6853,733,-4072,-32768,3125,-32768,130,85,-42
34,"355,198400",-6522,-144,-4883,-32768,5208,-32768,130,85,-42
34,"355,209000",-6705,-948,-4606,-32768,645,-28004,138,80,-51
34,"355,218400",-7216,-1575,-3834,-32768,-6109,-24257,138,80,-51
34,"355,229000",-6992,-1692,-3370,-32768,-6055,-20012,139,78,-63
34,"355,238400",-7290,-1925,-3121,-32768,-4406,-15664,139,78,-63
34,"355,249000",-8048,-1592,-2412,-24154,-1857,-12117,143,76,-69
34,"355,258400",-7001,-1393,-3524,-23717,1559,-10164,143,76,-69
34,"355,269100",-7138,-1546,-3419,-26758,4568,-7959,143,73,-73
34,"355,278400",-6881,-1640,-2252,-25019,5298,-3555,143,73,-73
34,"355,289000",-7176,-1240,-1372,-20272,8061,-635,142,72,-79
34,"355,298300",-5617,-224,-2271,-14500,16862,2695,142,72,-79
34,"355,309000",-4356,-71,-5121,-11925,22910,2446,140,70,-84
34,"355,318300",-5887,1569,-9279,-13403,21147,110,140,70,-84
34,"355,328900",-8082,2812,-9391,-22118,7764,-7063,140,70,-90
34,"355,338300",-6880,1110,-6427,-25756,-2740,-15458,140,70,-90
34,"355,348900",-6718,-397,-5264,-32768,-7855,-18845,137,67,-95
34,"355,358300",-6861,-537,-4825,-32768,-14343,-17227,137,67,-95
34,"355,368800",-7703,104,-3992,-32768,-17148,-13115,137,67,-99
34,"355,378200",-7198,492,-3171,-32768,-18726,-10941,137,67,-99
34,"355,388800",-7082,519,-2041,-25944,-19033,-10055,132,68,-103
34,"355,398200",-6721,371,-1337,-19428,-16676,-9336,132,68,-103
34,"355,408900",-5456,500,-2007,-13693,-12849,-9358,129,70,-105
34,"355,418200",-5347,-67,-2453,-13820,-12289,-8088,129,70,-105
34,"355,428800",-8769,-275,-3054,-12797,-8750,-6047,129,68,-105
34,"355,438100",-9910,-954,-2786,-7265,75,-5020,129,68,-105
34,"355,448700",-9176,-98,-3732,-2295,4295,-711,129,69,-106
34,"355,458100",-7687,-285,-4442,-10250,2613,2368,129,69,-106
34,"355,468700",-7978,529,-3987,-13086,-2252,4369,127,69,-110
34,"355,478100",-7349,1189,-2539,-14544,-5667,1469,127,69,-110
34,"355,488700",-7520,1049,-2091,-13735,-4589,-1206,125,71,-109
34,"355,498100",-7207,855,-3041,-11535,-1387,-820,125,71,-109
34,"355,508600",-7562,1164,-4559,-7516,-2408,838,122,73,-110
34,"355,518000",-8076,1690,-3732,-3274,-1359,-684,122,73,-110
34,"355,528600",-8087,709,-1086,-4943,-2555,-3506,121,72,-113
34,"355,538000",-7379,470,-62,901,-9,-3794,121,72,-113
34,"355,548600",-6468,380,-2101,353,12451,-4179,122,73,-111
34,"355,558000",-6009,385,-5012,-2059,17089,-4036,122,73,-111
34,"355,568600",-6507,634,-5855,-4236,9569,-2179,122,71,-115
34,"355,578000",-7827,1331,-4777,-2888,-4655,-29,122,71,-115
34,"355,588500",-8024,1842,-3507,-4041,-14372,20,122,71,-116
34,"355,597900",-7811,478,-2459,-6268,-15437,-3568,122,71,-116
34,"355,608500",-6858,593,-1811,-2998,-13345,-2777,122,74,-113
34,"355,617900",-5842,1456,-918,-4569,-11617,-1991,122,74,-113
34,"355,628600",-5778,1526,-854,-3954,-5443,-4466,122,76,-112
34,"355,637900",-8177,665,-544,-2754,6137,-4529,122,76,-112
34,"355,648400",-8461,753,-1509,-1726,18437,-4762,123,75,-113
34,"355,657800",-9050,966,-4185,-2859,26694,-5972,123,75,-113
34,"355,668400",-7964,865,-5125,-6746,25896,-4379,122,72,-116
34,"355,677800",-6362,1004,-7368,-15796,12291,-3599,122,72,-116
34,"355,688400",-7517,691,-5913,-24347,-7183,-5296,119,69,-120
34,"355,697800",-8160,-212,-5239,-22915,-14431,-5779,119,69,-120
34,"355,708400",-8736,1255,-4158,-11789,-13572,-3941,117,69,-122
34,"355,717800",-8333,1778,-2793,-10174,-11411,-7428,117,69,-122
34,"355,728400",-6983,959,-2520,-8593,-6529,-12607,115,72,-122
34,"355,737700",-6688,444,-1909,-5842,-3931,-16129,115,72,-122
34,"355,748300",-5967,-574,-1274,-9441,605,-15751,116,72,-122
34,"355,757700",-5126,-1047,-2208,-8327,6313,-10962,116,72,-122
34,"355,768300",-5011,-1048,-4668,-7306,7237,-6097,117,73,-123
34,"355,777700",-6024,-418,-6564,-4008,1287,-1392,117,73,-123
34,"355,788300",-11103,-508,-8609,1830,-6220,-3669,118,71,-124
34,"355,797600",-10936,-846,-4711,7727,-10267,-3752,118,71,-124
34,"355,808200",-9914,99,-752,2260,-17454,215,120,71,-124
34,"355,817600",-8662,151,2026,-1362,-16593,1706,120,71,-124
34,"355,828200",-6953,-440,1706,-2360,-5239,842,116,74,-121
34,"355,837600",-5185,-684,-629,-2125,7061,1894,116,74,-121
34,"355,848300",-5277,624,-2505,4184,12935,5114,118,78,-119
34,"355,857500",-6200,589,-3520,5388,15167,3944,118,78,-119
34,"355,868200",-6446,-113,-4620,8112,19643,3244,118,74,-122
34,"355,877500",-7550,-87,-5538,2017,21008,3703,118,74,-122
34,"355,888100",-7408,-349,-5591,-9263,23652,5315,119,71,-124
34,"355,897500",-6188,472,-4970,-5824,28733,7628,119,71,-124
34,"355,908100",-5695,1315,-4596,3787,27117,7050,117,69,-127
34,"355,917500",-4302,1529,-6262,7384,21451,3916,117,69,-127
34,"355,928100",-4569,3149,-9544,9549,5954,-195,118,63,-131
34,"355,937400",-9902,1125,-8856,5349,-22827,-11089,118,63,-131
34,"355,948000",-10189,-448,-5754,5257,-32768,-16994,119,63,-133
34,"355,957400",-9692,-2015,-1285,3951,-32768,-15795,119,63,-133
34,"355,968000",-8557,-2605,1581,-1813,-32768,-8128,122,71,-123
34,"355,977400",-9091,-2625,841,-1250,-18568,1474,122,71,-123
34,"355,987900",-8051,-2634,420,-99,1364,8462,121,77,-118
34,"355,997400",-3928,-398,-2489,-486,12842,15580,121,77,-118
34,"356,007900",-3831,1775,-5639,-5360,12927,16671,120,79,-120
34,"356,017400",-5306,1725,-5429,-8264,-1058,15349,120,79,-120
34,"356,027900",-5013,2701,-2799,-5543,-19666,11762,114,81,-120
34,"356,037300",-5271,2996,-289,-2304,-29658,2058,114,81,-120
34,"356,047800",-9971,1817,744,3582,-27782,-10486,114,84,-117
34,"356,057200",-9608,70,-933,2089,-12281,-17741,114,84,-117
34,"356,068100",-10389,-1058,-1046,-905,-3980,-18876,117,86,-112
34,"356,077200",-10877,-1953,-342,-3279,725,-17411,117,86,-112
34,"356,087800",-8297,-1091,104,-1757,9550,-11683,119,85,-114
34,"356,097200",-7099,-857,-833,-758,22304,-8512,119,85,-114
34,"356,107800",-5529,-1235,-3566,3029,32767,-5086,124,83,-114
34,"356,117200",-4507,-1342,-7021,3827,32767,-1801,124,83,-114
34,"356,127700",-6368,-1521,-8112,736,19192,-419,124,78,-120
34,"356,137200",-7845,-1222,-6799,-2648,444,730,124,78,-120
34,"356,147800",-8790,-947,-3691,-2946,-10665,2323,122,77,-123
34,"356,157100",-7853,-936,-3015,-2020,-10376,5817,122,77,-123
34,"356,167700",-7411,-114,-2235,1245,-4722,9125,122,78,-121
34,"356,177100",-7217,404,-934,2297,3139,7559,122,78,-121
34,"356,187600",-6104,554,-1384,-2463,12255,4873,121,81,-121
34,"356,197100",-6204,1013,-3723,-4556,19575,3621,121,81,-121
34,"356,207600",-5772,849,-6819,-8165,18001,-913,122,79,-123
34,"356,217000",-6616,509,-7630,-2734,2215,-5961,122,79,-123
34,"356,227600",-7245,-1144,-5021,5926,-17780,-7580,121,76,-128
34,"356,237000",-8810,-1588,-3461,6356,-27966,-4975,121,76,-128
34,"356,247600",-11242,-894,-1222,6801,-21519,20,123,80,-122
34,"356,257000",-9713,-390,934,4207,-544,3816,123,80,-122
34,"356,267500",-7122,86,743,-1742,16480,6961,123,84,-119
34,"356,277000",-6496,1016,-1038,2289,25584,7698,123,84,-119
34,"356,287700",-6219,321,-3920,7775,31604,1107,123,82,-121
34,"356,296900",-6443,-288,-6319,13836,25565,-2352,123,82,-121
34,"356,307500",-5790,993,-6959,24112,12809,-1890,126,76,-123
34,"356,316900",-5530,921,-4140,28075,-2075,-5916,126,76,-123
34,"356,327500",-6442,-246,-1796,28384,-8750,-7881,129,74,-123
34,"356,336900",-6759,-1285,-2657,24762,1826,-5884,129,74,-123
34,"356,347500",-7252,-2515,-2219,22997,14413,-3339,137,74,-117
34,"356,356900",-5982,-3167,-4201,18906,23373,-1415,137,74,-117
34,"356,367500",-5955,-2092,-6090,13218,25411,-242,141,71,-117
34,"356,376800",-5663,-1531,-6787,11793,24127,183,141,71,-117
34,"356,387400",-5324,-1117,-7908,9637,16051,-64,142,68,-119
34,"356,396800",-5166,-1174,-8174,9501,2648,-545,142,68,-119
34,"356,407400",-7095,-1618,-6068,21708,-13026,-143,147,64,-116
34,"356,416800",-7631,-452,-4180,32767,-20719,-1091,147,64,-116
34,"356,427400",-7501,-965,-1461,32767,-22158,-8556,149,69,-111
34,"356,436800",-6285,-2553,-439,32767,-12658,-12084,149,69,-111
34,"356,447300",-5620,-2753,561,28571,5048,-10318,156,69,-100
34,"356,456700",-4049,-3946,-1284,22737,22230,-8877,156,69,-100
34,"356,467300",-3993,-5322,-6493,18917,29039,-7700,161,65,-94
34,"356,476700",-5780,-6536,-10290,7176,18849,-1659,161,65,-94
34,"356,487200",-8544,-4791,-8548,4954,-4127,9103,162,65,-95
34,"356,496600",-9328,-3042,-5199,11346,-20161,10674,162,65,-95
34,"356,507400",-7950,-1945,-1281,5540,-27160,5878,161,64,-90
34,"356,516600",-6005,-1580,128,-1603,-20815,2751,161,64,-90
34,"356,527200",-5028,-2139,-866,-3536,-3945,3061,158,70,-88
34,"356,536600",-5062,-2764,-3935,672,10295,3029,158,70,-88
34,"356,547100",-6374,-3392,-6661,6262,8806,1285,161,72,-88
34,"356,556600",-7490,-3181,-5266,10076,-681,-1286,161,72,-88
34,"356,567200",-7512,-2575,-3212,7790,-7311,-3184,162,70,-87
34,"356,576500",-7270,-2467,-1525,4731,-5821,-2348,162,70,-87
34,"356,587200",-6590,-3122,-2221,-566,1005,-3588,163,71,-85
34,"356,596500",-6245,-3567,-2913,-1550,8693,-3126,163,71,-85
34,"356,607100",-6938,-3730,-2285,3372,12726,9,165,70,-85
34,"356,616400",-6068,-3325,-2010,8800,18256,3030,165,70,-85
34,"356,627000",-5536,-3632,-2797,10495,22018,4420,165,68,-86
34,"356,636400",-5853,-3126,-2195,19313,22137,4805,165,68,-86
34,"356,647000",-5109,-3795,-3502,24254,23394,1781,165,67,-86
34,"356,656400",-5347,-4355,-6213,16247,20774,-31,165,67,-86
34,"356,667000",-5977,-4900,-8545,2890,12684,1056,166,67,-83
34,"356,676400",-7464,-4248,-7367,-5406,235,3601,166,67,-83
34,"356,687000",-7152,-2882,-4498,-7818,-7415,5629,168,67,-83
34,"356,696400",-5958,-2459,-3656,-8988,-10427,6902,168,67,-83
34,"356,706900",-5853,-1862,-2885,-2341,-7949,7463,166,67,-86
34,"356,716400",-5251,-2204,-4331,-1622,-1698,3759,166,67,-86
34,"356,727100",-6078,-2678,-5267,-3855,-3629,1425,164,71,-84
34,"356,736300",-6584,-2662,-4706,-4986,-6208,-97,164,71,-84
34,"356,746900",-7093,-2939,-3788,-7209,-5940,-1665,166,71,-84
34,"356,756300",-6923,-3173,-3174,-6181,-4750,-2090,166,71,-84
34,"356,766800",-6229,-2948,-3040,-3042,-1750,-1952,164,71,-87
34,"356,776300",-5827,-3402,-3475,-2837,480,-1901,164,71,-87
34,"356,786800",-6059,-3479,-3930,-162,1212,327,164,67,-86
34,"356,796200",-6263,-3234,-4197,-1494,748,1588,164,67,-86
34,"356,806800",-6973,-3056,-4258,-3117,-809,2113,165,70,-86
34,"356,816200",-7278,-3079,-4283,-2814,-2297,2053,165,70,-86
34,"356,826800",-6756,-2770,-3678,-4580,-2937,1586,162,70,-87
34,"356,836200",-6458,-2814,-3555,-6175,-1920,1586,162,70,-87
34,"356,846800",-6113,-2544,-3720,-4036,-132,2131,164,71,-87
34,"356,856100",-5918,-2247,-4113,-3830,1233,1349,164,71,-87
34,"356,866800",-6399,-2653,-4388,-3191,570,-35,161,70,-90
34,"356,876100",-6758,-2764,-4487,-2716,-1435,-573,161,70,-90
34,"356,886700",-6976,-2626,-4179,-2472,-2420,-442,161,73,-87
34,"356,896100",-6859,-2642,-3743,-1468,-2839,-163,161,73,-87
34,"356,906700",-6325,-2409,-3533,-1527,-1952,-171,162,70,-88
34,"356,916100",-6277,-2295,-3424,-2461,-154,-962,162,70,-88
34,"356,926700",-6111,-2468,-3607,-2242,1870,-1870,161,71,-90
34,"356,936000",-6240,-2802,-3939,-1759,3204,-2633,161,71,-90
34,"356,946800",-6340,-3083,-4297,-1066,2796,-2439,163,70,-90
34,"356,956000",-6625,-3319,-4651,-918,853,-1449,163,70,-90
34,"356,966600",-6884,-3160,-4470,-1400,-1479,-139,161,69,-92
34,"356,976000",-6837,-2889,-4075,-2334,-2270,733,161,69,-92
34,"356,986600",-6197,-2977,-4582,-5315,-1046,520,162,71,-90
34,"356,995900",-6694,-3324,-5209,-7700,-472,237,162,71,-90
34,"357,006500",-6858,-3394,-5025,-7705,-755,263,161,69,-94
34,"357,015900",-7043,-2789,-4253,-9804,-2108,2362,161,69,-94
34,"357,026500",-6599,-2551,-3793,-16667,686,3319,161,69,-94
34,"357,035900",-6286,-2684,-4216,-23422,6404,4031,161,69,-94
34,"357,046500",-6594,-2791,-4557,-32768,10173,4249,157,71,-97
34,"357,055800",-6293,-1887,-3725,-32768,13766,6627,157,71,-97
34,"357,066400",-5727,-1012,-4324,-32768,15930,6930,149,70,-106
34,"357,075800",-5463,-252,-5031,-32768,12509,5399,149,70,-106
34,"357,086400",-6118,-267,-4041,-32706,8191,3047,141,68,-120
34,"357,095800",-5172,236,-4506,-20108,9205,1013,141,68,-120
34,"357,106400",-5282,371,-5811,-15012,8954,-1928,137,65,-124
34,"357,115700",-5998,220,-5588,-12765,10883,-4363,137,65,-124
34,"357,126300",-5653,443,-6768,-8670,8490,-7130,134,62,-128
34,"357,135700",-6392,206,-6174,-8152,6377,-9266,134,62,-128
34,"357,146300",-5838,167,-5649,-14577,8745,-7793,134,61,-129
34,"357,155700",-5001,86,-6464,-20681,7030,-5423,134,61,-129
34,"357,166500",-5599,-221,-7209,-18958,-1142,-3282,132,60,-135
34,"357,175700",-6069,303,-6748,-14066,-10977,-3495,132,60,-135
34,"357,186200",-6134,849,-5476,-15256,-14379,-7037,126,56,-136
34,"357,195600",-5978,628,-4527,-22956,-13515,-12736,126,56,-136
34,"357,206200",-5792,259,-4320,-32768,-8499,-16410,125,59,-138
34,"357,215600",-6065,-264,-4558,-32768,-2627,-16043,125,59,-138
34,"357,226200",-5843,-131,-5377,-32768,818,-11706,117,59,-140
34,"357,235600",-5459,-166,-6263,-23266,1687,-6861,117,59,-140
34,"357,246300",-5859,1013,-6492,-50,-2661,-4249,111,58,-146
34,"357,255600",-6396,1314,-5566,6327,-8195,-8907,111,58,-146
34,"357,266200",-6643,847,-4368,-1073,-5657,-13702,113,57,-144
34,"357,275600",-5890,-152,-4154,-10158,2027,-15185,113,57,-144
34,"357,286100",-5560,-667,-4477,-13954,6637,-13175,113,57,-143
34,"357,295500",-5747,-694,-5158,-13754,8430,-9958,113,57,-143
34,"357,306100",-6179,-386,-5453,-16323,9386,-6873,110,53,-146
34,"357,315500",-6235,234,-5602,-24403,9179,-5410,110,53,-146
34,"357,326000",-5697,1014,-5740,-32768,7475,-5605,105,50,-150
34,"357,335400",-5903,1129,-5792,-32768,4052,-6681,105,50,-150
34,"357,346000",-6037,1770,-6143,-32768,661,-6410,95,49,-153
34,"357,355400",-5940,2170,-6397,-32768,-2403,-8423,95,49,-153
34,"357,366000",-6354,1788,-5828,-32768,-4929,-10490,87,51,-155
34,"357,375400",-6362,2216,-4512,-29535,-5255,-8141,87,51,-155
34,"357,386100",-5491,1154,-3735,-18350,-1741,-6968,78,49,-157
34,"357,395400",-5185,1697,-4372,-1403,6150,-3695,78,49,-157
34,"357,406000",-5516,2939,-5949,-419,10194,-6187,76,50,-156
34,"357,415300",-5969,2587,-6468,-14489,6530,-11700,76,50,-156
34,"357,425900",-6612,1509,-5721,-24730,1792,-12073,76,47,-156
34,"357,435300",-6495,1160,-4829,-15944,-4223,-5927,76,47,-156
34,"357,445900",-5881,1476,-5699,-3151,-7515,-3002,68,47,-157
34,"357,455300",-6057,1667,-6270,1384,-8148,-2919,68,47,-157
34,"357,465900",-6320,2181,-4960,1215,-9927,-4497,68,47,-155
34,"357,475300",-5894,1650,-4860,823,-4481,-6280,68,47,-155
34,"357,485800",-5975,2539,-6253,11837,3593,-6188,67,51,-153
34,"357,495200",-5988,2080,-6874,12678,2297,-11210,67,51,-153
34,"357,505800",-4986,1522,-6615,8614,-11137,-13290,73,50,-154
34,"357,515200",-6741,905,-5506,3596,-22248,-13965,73,50,-154
34,"357,525800",-7620,367,-3791,4823,-26797,-14316,75,53,-152
34,"357,535200",-7870,-667,-3021,127,-25959,-14818,75,53,-152
34,"357,545800",-8012,-874,-2606,2421,-17543,-11176,77,59,-150
34,"357,555200",-6876,-95,-2561,9086,-5829,-7206,77,59,-150
34,"357,565700",-6055,-253,-3546,8762,3915,-6001,81,64,-149
34,"357,575100",-5798,617,-4514,10560,11111,-5056,81,64,-149
34,"357,585700",-6687,575,-5646,645,16325,-7358,82,64,-148
34,"357,595100",-6612,477,-6860,-6820,12913,-6730,82,64,-148
34,"357,605800",-6793,-224,-6832,-11331,4023,-6761,81,58,-150
34,"357,615000",-6847,-284,-6463,-8697,-6730,-4071,81,58,-150
34,"357,625700",-6776,-597,-5042,-5039,-15979,-2363,81,59,-150
34,"357,635100",-6931,-210,-2995,-3369,-22124,-549,81,59,-150
34,"357,645700",-7029,-130,-1716,-9746,-17395,-484,79,63,-150
34,"357,655000",-6218,-203,-1840,-13040,-6004,1453,79,63,-150
34,"357,665600",-6076,-46,-2932,-12732,1791,4424,77,66,-147
34,"357,675000",-6316,634,-4283,-8658,5838,7094,77,66,-147
34,"357,685600",-6739,1073,-4214,-2659,5838,5475,72,64,-146
34,"357,694900",-7251,1210,-4585,-860,5573,2065,72,64,-146
34,"357,705500",-7389,777,-4672,-3032,4051,242,72,63,-147
34,"357,714900",-7019,314,-5180,-4087,2464,1971,72,63,-147
34,"357,725500",-7031,1144,-5331,536,-491,5462,72,63,-148
34,"357,734800",-6898,1353,-4687,4516,-5857,2869,72,63,-148
34,"357,745500",-6712,1652,-4925,6286,-7133,-310,72,63,-146
34,"357,754800",-7593,1483,-5104,3416,-10221,-2433,72,63,-146
34,"357,765400",-7647,1258,-4103,951,-15222,-3839,73,66,-146
34,"357,774800",-7505,1027,-2639,-1836,-16347,-5753,73,66,-146
34,"357,785400",-7832,1181,-1452,-893,-9957,-6949,73,69,-144
34,"357,794800",-6965,1028,-1939,-7092,3742,-8778,73,69,-144
34,"357,805400",-6269,427,-3749,-12419,12327,-9303,75,69,-144
34,"357,814800",-6307,-140,-5670,-10071,11564,-7104,75,69,-144
34,"357,825500",-6607,-459,-6147,-3347,1652,-3243,71,68,-144
34,"357,834800",-7293,-828,-5409,3770,-9835,-431,71,68,-144
34,"357,845300",-7449,-302,-5101,7820,-16740,792,73,68,-144
34,"357,854700",-7590,-377,-4640,4385,-22616,-352,73,68,-144
34,"357,865200",-7783,202,-2925,6644,-27516,129,72,74,-142
34,"357,874700",-7941,94,-720,5687,-28371,-2434,72,74,-142
34,"357,885200",-8025,207,1311,1696,-21232,-4790,76,78,-136
34,"357,894700",-7323,-622,751,-2272,-6470,-4695,76,78,-136
34,"357,905300",-6404,-178,-1454,1269,5342,-1005,78,81,-134
34,"357,914600",-6481,558,-2872,7583,6995,464,78,81,-134
34,"357,925200",-6863,702,-3118,9585,637,-1571,77,82,-134
34,"357,934600",-7396,-130,-2514,8618,-4103,-3499,77,82,-134
34,"357,945200",-8389,-99,-2488,14580,-4690,-1705,79,83,-136
34,"357,954600",-9295,167,-2210,25467,-4115,-1471,79,83,-136
34,"357,965200",-8907,-137,-925,30475,265,-847,83,83,-134
34,"357,974600",-7017,-263,-1203,23656,10345,-834,83,83,-134
34,"357,985100",-7112,-698,-3537,12960,20167,-2941,90,82,-134
34,"357,994500",-6818,-754,-4426,6719,23972,-3153,90,82,-134
34,"358,005100",-6870,-955,-5269,1426,23588,-767,92,79,-139
34,"358,014500",-6885,-918,-5521,-470,21466,3047,92,79,-139
34,"358,025100",-6733,-348,-6047,-3696,14501,5433,92,75,-141
34,"358,034500",-6600,-122,-5845,-10506,7670,4796,92,75,-141
34,"358,045200",-6911,-169,-5606,-12991,2870,4631,91,73,-143
34,"358,054400",-7354,3,-4544,-13342,433,6541,91,73,-143
34,"358,065000",-7561,32,-3649,-14487,836,7710,86,74,-143
34,"358,074400",-7075,261,-4027,-11863,2709,6619,86,74,-143
34,"358,085000",-6407,414,-4581,-10247,3839,4639,82,71,-145
34,"358,094400",-6167,696,-5051,-7517,2406,3926,82,71,-145
34,"358,105000",-6319,960,-5206,-3401,-2333,3151,80,73,-145
34,"358,114300",-7058,1218,-4182,950,-5298,1277,80,73,-145
34,"358,125000",-7324,693,-3381,-89,-2814,-1329,81,72,-144
34,"358,134300",-7028,602,-3479,578,541,-1915,81,72,-144
34,"358,144900",-7013,337,-3636,-1535,2978,-1529,77,72,-143
34,"358,154300",-6667,343,-3875,-2755,4410,-304,77,72,-143
34,"358,164900",-6815,350,-3985,-4362,4267,384,79,73,-145
34,"358,174200",-7080,534,-3934,-4219,2977,933,79,73,-145
34,"358,184800",-7267,450,-3824,-3226,2730,115,79,71,-144
34,"358,194300",-7141,239,-3923,-930,3675,-1156,79,71,-144
34,"358,204800",-7060,414,-4278,744,3712,-1129,78,70,-145
34,"358,214200",-6848,432,-4192,110,2636,-755,78,70,-145
34,"358,224800",-6972,551,-4033,-1171,1392,-214,79,70,-146
34,"358,234100",-7064,629,-3918,-5181,1628,47,79,70,-146
34,"358,244700",-7052,584,-4113,-5902,1581,483,77,70,-148
34,"358,254100",-6306,547,-5277,-4604,1425,496,77,70,-148
34,"358,264900",-6878,469,-5374,-5766,-3026,235,79,66,-146
34,"358,274100",-6884,504,-5407,-7115,-9450,1559,79,66,-146
34,"358,284700",-7587,588,-4656,-6725,-16751,2741,70,70,-145
34,"358,294100",-6819,956,-3656,-4085,-20883,3488,70,70,-145
34,"358,304600",-7910,1663,-2656,-3390,-20164,793,72,73,-143
34,"358,314100",-7875,1337,-2457,-8852,-16000,-3591,72,73,-143
34,"358,324600",-7903,902,-3375,-13946,-10025,-4472,72,78,-138
34,"358,334000",-8110,724,-4128,-22261,-7498,-2555,72,78,-138
34,"358,344700",-7359,1292,-4516,-29308,-10397,-1538,69,82,-138
34,"358,354000",-7099,1754,-4342,-32768,-16187,-3112,69,82,-138
34,"358,364500",-7640,1442,-3297,-32768,-21628,-4992,61,82,-135
34,"358,374000",-7695,1842,-2897,-28960,-25870,-5942,61,82,-135
34,"358,384500",-7981,1417,-2170,-26580,-28019,-8287,55,87,-130
34,"358,394000",-7659,973,-1425,-22801,-27651,-8847,55,87,-130
34,"358,404500",-7843,900,-578,-16798,-23397,-8575,54,92,-123
34,"358,413900",-8444,442,720,-17308,-17540,-8196,54,92,-123
34,"358,424500",-7938,-172,649,-21817,-10933,-7438,53,97,-116
34,"358,433900",-7304,-169,-1008,-24553,-5841,-3135,53,97,-116
34,"358,444500",-6821,647,-1478,-24133,-6077,1759,49,96,-112
34,"358,453900",-7249,588,-1365,-22814,-9934,3032,49,96,-112
34,"358,464400",-7623,657,-1249,-18410,-14716,3610,44,98,-107
34,"358,473800",-8102,662,-1391,-15870,-20119,4127,44,98,-107
34,"358,484500",-8293,575,245,-11937,-24352,6263,42,100,-103
34,"358,493800",-8664,1028,2302,-8144,-21014,6700,42,100,-103
34,"358,504300",-8447,1131,3093,-7911,-10492,4461,39,101,-96
34,"358,513800",-7850,917,3258,-3167,2888,3182,39,101,-96
34,"358,524300",-7509,990,3136,-901,16981,3159,37,104,-94
34,"358,533700",-6940,1082,1660,-3152,30672,3908,37,104,-94
34,"358,544400",-7279,1173,397,-2961,32767,5350,37,102,-99
34,"358,553700",-7583,1103,-381,-1170,32767,6474,37,102,-99
34,"358,564400",-6783,1200,-1973,-1383,32767,9070,34,95,-107
34,"358,573700",-7135,1713,-2745,-1207,32767,10832,34,95,-107
34,"358,584300",-6623,2038,-2518,675,32767,10484,34,87,-115
34,"358,593600",-5854,2627,-2885,4826,29417,7205,34,87,-115
34,"358,604200",-5556,3176,-3137,8203,24562,2352,32,83,-124
34,"358,613600",-7115,2629,-2892,8072,18776,-2501,32,83,-124
34,"358,624200",-7294,2543,-3125,3551,13655,-2605,32,77,-126
34,"358,633600",-5458,3047,-3407,-1938,9142,-1732,32,77,-126
34,"358,644200",-7469,3506,-3927,-3061,4365,-3982,30,73,-130
34,"358,653600",-10340,2639,-3107,-3034,1659,-7993,30,73,-130
34,"358,664200",-9301,2264,-2666,1030,3763,-9240,31,73,-127
34,"358,673500",-7991,1580,-3262,677,11945,-12575,31,73,-127
34,"358,684100",-7238,1439,-5660,4686,18084,-14250,34,73,-128
34,"358,693500",-6200,912,-6390,2112,14616,-14505,34,73,-128
34,"358,704300",-7084,121,-6470,-7480,1719,-11848,35,71,-134
34,"358,713500",-8185,171,-4800,-14161,-12099,-6861,35,71,-134
34,"358,724100",-8568,830,-2607,-15708,-19187,-3496,35,72,-131
34,"358,733500",-8314,1214,-1277,-13522,-14060,-1947,35,72,-131
34,"358,744000",-7779,640,-101,-9909,-1526,-637,34,77,-127
34,"358,753500",-6344,467,-786,-2261,13067,-90,34,77,-127
34,"358,764000",-4893,161,-3162,164,23224,-1512,32,77,-125
34,"358,773400",-5451,-138,-7201,-715,24615,81,32,77,-125
34,"358,784000",-6221,853,-9630,-3302,13688,3332,33,71,-128
34,"358,793400",-8586,1961,-7358,-7660,-6750,1565,33,71,-128
34,"358,804000",-8675,958,-3640,-9997,-20126,-1526,30,70,-129
34,"358,813400",-7670,211,-1485,-6330,-22313,-1178,30,70,-129
34,"358,823900",-7022,-16,-1051,-1438,-14705,2570,28,76,-126
34,"358,833300",-6308,517,-2046,2352,-4701,7516,28,76,-126
34,"358,843900",-6575,1512,-2590,3253,-621,9030,28,75,-123
34,"358,853300",-6871,1873,-2716,-1220,2535,8323,28,75,-123
34,"358,863800",-6622,2180,-2437,-3548,8267,7694,28,74,-124
34,"358,873300",-6657,2630,-3779,-2597,13497,7051,28,74,-124
34,"358,883800",-6803,3147,-5516,-5236,13620,4011,25,72,-124
34,"358,893200",-6526,2954,-6553,-9283,8290,550,25,72,-124
34,"358,903800",-7487,3554,-5150,-14511,-1589,-2470,24,70,-126
34,"358,913200",-8088,2550,-3560,-27595,-7288,-6744,24,70,-126
34,"358,923900",-7993,2421,-1677,-28279,-7289,-7232,20,71,-121
34,"358,933200",-6490,2151,-1889,-32545,1099,-8005,20,71,-121
34,"358,943700",-6457,2438,-3398,-30443,7439,-5203,17,73,-118
34,"358,953200",-6981,3256,-4111,-22941,8948,-3722,17,73,-118
34,"358,963700",-7330,3467,-4303,-22588,8389,-6313,14,69,-114
34,"358,973100",-7567,3783,-3996,-23595,6728,-9550,14,69,-114
34,"358,983700",-8553,3058,-3389,-23062,5484,-11771,10,70,-110
34,"358,993100",-6875,2793,-3694,-17942,6311,-11056,10,70,-110
34,"359,003700",-7025,2365,-4019,-12617,5847,-11324,8,71,-106
34,"359,013100",-6624,2795,-4598,-9378,2145,-9773,8,71,-106
34,"359,023700",-6850,2353,-4489,-8364,-4267,-9855,7,74,-106
34,"359,033100",-7303,1650,-3593,-7799,-7941,-10447,7,74,-106
34,"359,043600",-7226,918,-4036,-5856,-13186,-8327,9,75,-104
34,"359,053000",-7070,1905,-3223,-2698,-19904,-3711,9,75,-104
34,"359,063600",-7888,2947,-1005,-7887,-24261,-4137,10,75,-98
34,"359,073000",-6818,2877,-417,-9250,-20839,-6317,10,75,-98
34,"359,083600",-7540,2955,-1039,-8622,-15214,-6969,9,78,-96
34,"359,093000",-6901,2139,-1865,-8990,-8258,-9055,9,78,-96
34,"359,103600",-7710,1215,-2117,-4238,-6067,-9751,10,80,-90
34,"359,112900",-7761,820,-2220,-1343,-6847,-8571,10,80,-90
34,"359,123500",-7869,1493,-604,3753,-4459,-6553,12,83,-91
34,"359,132900",-7390,1510,-1825,3614,1408,-9085,12,83,-91
34,"359,143600",-7208,1133,-2201,1586,4243,-11125,14,84,-89
34,"359,152900",-7515,839,-1879,-3972,4780,-13612,14,84,-89
34,"359,163500",-7514,212,-2310,-12927,5202,-12835,16,84,-91
34,"359,172900",-8069,-416,-723,-20022,1496,-8740,16,84,-91
34,"359,183400",-7765,224,59,-18560,6782,-3112,16,84,-88
34,"359,192800",-6672,-90,500,-17200,14989,1157,16,84,-88
34,"359,203400",-5669,89,217,-13166,23876,4652,16,84,-87
34,"359,212800",-5726,1449,-781,-11518,31334,8551,16,84,-87
34,"359,223400",-5634,3079,-2400,-16494,32767,6145,12,81,-88
34,"359,232800",-5875,2936,-3231,-23430,32767,-80,12,81,-88
34,"359,243300",-6764,2543,-3526,-22204,29302,-5308,9,75,-92
34,"359,252700",-6829,2303,-3802,-17067,26357,-7525,9,75,-92
34,"359,263300",-6979,1365,-5470,-11251,21391,-8026,9,75,-91
34,"359,272700",-7319,1795,-5740,-456,15660,-6443,9,75,-91
34,"359,283300",-6768,1197,-6009,-50,9603,-9070,8,74,-92
34,"359,292600",-6791,14,-5234,-996,5162,-8010,8,74,-92
34,"359,303300",-7785,-522,-5454,-3368,566,-4293,10,72,-92
34,"359,312600",-8566,697,-5198,-3301,-5400,958,10,72,-92
34,"359,323200",-7758,982,-4842,-6593,-10109,-540,9,75,-91
34,"359,332600",-6965,1320,-4514,-7220,-13432,-3432,9,75,-91
34,"359,343200",-7034,1404,-6593,-3296,-14405,-6900,8,73,-88
34,"359,352600",-8075,1335,-4674,-162,-10968,-6610,8,73,-88
34,"359,363300",-8498,1044,-2064,2845,-11138,-4661,9,77,-86
34,"359,372600",-8293,712,-426,5113,-6995,-3072,9,77,-86
34,"359,383200",-7308,245,-881,2423,6324,-3605,11,77,-85
34,"359,392500",-6992,58,-3582,4235,20744,-1583,11,77,-85
34,"359,403100",-5510,585,-6437,2734,24481,2583,10,78,-88
34,"359,412500",-5566,1071,-7721,1457,10079,5212,10,78,-88
34,"359,423100",-7019,1690,-5934,1853,-6258,4404,11,74,-92
34,"359,432400",-6973,2087,-4754,3693,-16563,602,11,74,-92
34,"359,443100",-7328,1785,-3735,4618,-19220,-3136,12,77,-87
34,"359,452500",-8025,1089,-2850,6135,-15827,-4611,12,77,-87
34,"359,463000",-7625,1213,-2769,5152,-8176,-4236,11,76,-86
34,"359,472400",-7052,1390,-1477,5923,-1817,-2926,11,76,-86
34,"359,483000",-6172,1782,-1921,10946,6794,-3318,12,77,-87
34,"359,492400",-5037,1661,-4271,8849,16464,-7466,12,77,-87
34,"359,502900",-5203,1554,-7147,6164,15372,-12273,17,76,-90
34,"359,512400",-8065,-250,-8210,2838,5168,-14615,17,76,-90
34,"359,522900",-9526,-665,-7036,3413,-13509,-10682,17,77,-91
34,"359,532400",-9300,-1038,-3729,-540,-29964,-7404,17,77,-91
34,"359,543000",-8308,-529,-562,-101,-28707,-4099,19,80,-89
34,"359,552400",-6185,-71,-382,-25,-14455,-2313,19,80,-89
34,"359,562900",-6158,-223,-1940,-1050,-3124,-2266,21,82,-82
34,"359,572300",-6488,-438,-3419,-1536,4187,-2317,21,82,-82
34,"359,583000",-7179,-242,-4830,-2144,8181,-2386,20,84,-85
34,"359,592300",-7018,-186,-6761,-3817,3961,-1455,20,84,-85
34,"359,602800",-7753,-740,-7446,-6602,-11382,-734,21,81,-85
34,"359,612200",-8624,-842,-6018,-4280,-28308,960,21,81,-85
34,"359,622800",-9033,172,-3044,-1326,-32768,2538,19,80,-82
34,"359,632100",-8692,1017,-441,61,-32768,536,19,80,-82
34,"359,642700",-8151,628,1680,1572,-32768,-1448,19,85,-73
34,"359,652200",-6914,-145,1468,-447,-32768,-2044,19,85,-73
34,"359,662800",-7241,-647,-46,-3117,-22124,-1686,20,88,-65
34,"359,672200",-7326,1028,-2061,-1052,-13153,-482,20,88,-65
34,"359,682700",-8190,636,-1674,-619,-10689,-4544,21,88,-60
34,"359,692100",-8765,-693,-261,932,-9412,-8367,21,88,-60
34,"359,702700",-7369,-971,-427,355,-9531,-7132,23,89,-57
34,"359,712100",-7484,-552,-814,2159,-13704,-3579,23,89,-57
34,"359,722700",-7191,-249,-2052,465,-21457,-2429,24,92,-56
34,"359,732100",-7074,139,-773,-570,-32238,-1241,24,92,-56
34,"359,742600",-7791,228,973,-2664,-32768,-1045,24,91,-52
34,"359,752000",-7790,54,2389,-1247,-32346,-1522,24,91,-52
34,"359,762600",-8502,260,4102,-699,-25545,-2683,25,93,-44
34,"359,772000",-7602,-269,3553,-1581,-14081,-4223,25,93,-44
34,"359,782600",-8370,-426,3810,-491,-1967,-4350,26,91,-40
34,"359,791900",-7121,-94,1442,1850,11033,-5348,26,91,-40
34,"359,802800",-8043,-366,-398,-225,12026,-7406,26,93,-43
34,"359,811900",-8222,-984,-746,-4308,5581,-7424,26,93,-43
34,"359,822500",-8163,-1106,232,-3394,-1891,-4690,26,92,-42
34,"359,831900",-7539,-729,1397,-840,-8649,-3725,26,92,-42
34,"359,842500",-7308,-1217,1457,-3724,-9896,-3714,30,92,-41
34,"359,851900",-7266,-1368,490,-3992,-8136,-756,30,92,-41
34,"359,862500",-7533,-1033,242,1118,-7382,1404,29,93,-39
34,"359,871800",-7679,-520,934,4750,-8824,523,29,93,-39
34,"359,882500",-8466,-708,2686,8447,-9631,-632,30,92,-39
34,"359,891800",-7560,-286,2248,11521,-5150,-2499,30,92,-39
34,"359,902400",-7532,-55,2158,10067,-2067,-4178,32,94,-36
34,"359,911800",-8134,26,2195,6977,-305,-6085,32,94,-36
34,"359,922400",-8114,-184,1443,1677,-578,-8085,30,93,-39
34,"359,931800",-8319,-645,1638,1277,-408,-8163,30,93,-39
34,"359,942300",-8317,-754,2585,87,2360,-7199,32,93,-38
34,"359,951700",-7583,-1294,2617,-6299,6903,-4989,32,93,-38
34,"359,962300",-7834,-945,2504,-8490,7043,-1077,34,95,-38
34,"359,971700",-8065,-899,2859,-10045,5645,167,34,95,-38
34,"359,982300",-7564,-1371,3476,-13905,11654,-349,34,95,-38
34,"359,991600",-6691,-1426,3618,-16350,21736,764,34,95,-38
34,"360,002300",-6118,-1357,3186,-15463,32767,3773,35,98,-42
34,"360,011700",-5653,-1023,2239,-14676,32767,5461,35,98,-42
34,"360,022400",-5474,-737,1015,-18637,32767,4267,32,96,-50
34,"360,031600",-5325,-950,-1047,-26566,32767,2057,32,96,-50
34,"360,042200",-6250,-874,-1848,-32768,32767,1329,30,95,-58
34,"360,051600",-6926,-1236,-2537,-32768,32767,5040,30,95,-58
34,"360,062200",-6911,-671,-3563,-32768,32767,9087,30,94,-66
34,"360,071600",-7528,-16,-3953,-28717,32767,10354,30,94,-66
34,"360,082200",-6964,869,-4892,-20839,32510,9964,27,91,-70
34,"360,091600",-7787,889,-5634,-20945,22523,5503,27,91,-70
34,"360,102100",-8882,248,-4270,-21622,15455,3174,26,87,-70
34,"360,111500",-8056,1518,-4422,-15318,14763,3828,26,87,-70
34,"360,122100",-7219,1337,-5005,-10836,16262,72,22,85,-70
34,"360,131500",-7352,762,-6326,-9902,12873,-3805,22,85,-70
34,"360,142100",-7376,484,-6398,-9635,3007,-4310,21,84,-73
34,"360,151500",-7875,314,-5024,-7329,-5795,-3466,21,84,-73
34,"360,162000",-7398,411,-3948,-4786,-8787,-4053,23,84,-73
34,"360,171500",-7376,-67,-4137,-10937,-6108,-6979,23,84,-73
34,"360,182000",-7336,-352,-3601,-11623,-2836,-5373,21,87,-68
34,"360,191400",-7214,-381,-3624,-6843,900,-1240,21,87,-68
34,"360,202000",-7069,486,-3774,4759,5196,2456,22,86,-67
34,"360,211400",-6611,506,-5375,10799,9556,-360,22,86,-67
34,"360,221900",-6317,105,-6712,13312,12526,-4478,23,85,-69
34,"360,231400",-6461,-216,-7105,14528,5595,-6744,23,85,-69
34,"360,242100",-7780,-834,-5442,10972,-5711,-7168,24,86,-72
34,"360,251300",-7362,-1002,-4283,5554,-13942,-5278,24,86,-72
34,"360,261900",-6964,-1206,-2929,2549,-15287,-2129,26,87,-69
34,"360,271300",-6739,-1272,-2375,1140,-10533,415,26,87,-69
34,"360,281900",-6311,-1442,-2946,1289,-3928,2201,25,88,-68
34,"360,291300",-6484,-1120,-3348,3816,-58,3961,25,88,-68
34,"360,301800",-6451,-721,-3740,1677,111,4918,25,89,-68
34,"360,311200",-7473,-358,-4087,99,-456,6046,25,89,-68
34,"360,321800",-8031,179,-4345,1408,138,6785,24,88,-69
34,"360,331200",-7477,236,-4518,1713,-281,5787,24,88,-69
34,"360,341800",-6595,381,-4502,2845,-1256,4335,24,86,-67
34,"360,351100",-7136,306,-3816,1278,-3146,2916,24,86,-67
34,"360,361700",-7443,145,-3576,3163,-3861,1988,23,84,-70
34,"360,371100",-7204,1,-3694,7014,-1266,931,23,84,-70
34,"360,381700",-7154,71,-3772,11508,1380,129,23,84,-69
34,"360,391100",-7102,-79,-4368,14358,1647,-1383,23,84,-69
34,"360,401700",-7419,-481,-4306,11594,-758,-2353,23,88,-72
34,"360,411100",-7830,-921,-3648,7144,-2655,-526,23,88,-72
34,"360,421700",-7100,-161,-2713,6062,-816,2947,25,88,-72
34,"360,431000",-6744,324,-2576,3653,3514,2078,25,88,-72
34,"360,441700",-6745,-67,-3673,-524,4472,-874,25,87,-73
34,"360,451100",-6653,-469,-4808,-274,4045,-1958,25,87,-73
34,"360,461800",-7105,-425,-5114,764,-27,-975,23,86,-75
34,"360,471000",-7774,-499,-4457,464,-6373,-24,23,86,-75
34,"360,481600",-7703,-296,-3684,2619,-8615,1373,24,84,-74
34,"360,491000",-7356,-224,-3165,4842,-7012,2117,24,84,-74
34,"360,501600",-7065,-183,-3034,5744,-4969,1335,25,86,-73
34,"360,510900",-7134,-226,-2602,5777,-2644,45,25,86,-73
34,"360,521500",-6485,-267,-2634,6880,1048,-1231,24,86,-75
34,"360,530900",-6711,-294,-2793,5869,6161,-2830,24,86,-75
34,"360,541500",-7307,-743,-4528,1675,9059,-3516,26,89,-74
34,"360,550900",-7523,-1069,-5006,2881,7613,-2464,26,89,-74
34,"360,561500",-7643,-784,-4834,5251,3861,-622,25,88,-77
34,"360,570800",-7669,-665,-4156,4680,-1895,534,25,88,-77
34,"360,581500",-7217,-605,-3598,3949,-4459,912,27,87,-78
34,"360,590800",-7012,-659,-3401,2853,-3264,710,27,87,-78
34,"360,601400",-6687,-755,-3850,4431,-1154,427,27,85,-77
34,"360,610800",-6716,-768,-4338,5524,-2278,-504,27,85,-77
34,"360,621400",-6996,-1199,-4856,4587,-6126,-1250,28,85,-78
34,"360,630700",-7262,-1496,-5607,4132,-11774,53,28,85,-78
34,"360,641400",-7690,-1539,-5963,1039,-21160,2487,28,88,-76
34,"360,650700",-7908,-1615,-6210,1073,-32768,5697,28,88,-76
34,"360,661300",-8649,-1486,-4292,4390,-32768,9892,24,90,-73
34,"360,670700",-7760,447,-2626,19260,-32768,12208,24,90,-73
34,"360,681400",-7551,-613,-2448,28340,-32768,6489,26,90,-64
34,"360,690700",-8013,-2119,-1167,32767,-32768,3767,26,90,-64
34,"360,701300",-7226,-1913,-789,32767,-32768,7900,25,90,-60
34,"360,710600",-7495,1203,1497,32767,-32768,12857,25,90,-60
34,"360,721200",-7397,1341,3055,16703,-32768,6450,25,91,-56
34,"360,730600",-7161,620,3401,6882,-32768,1617,25,91,-56
34,"360,741200",-7705,293,2925,5943,-27155,-8,24,90,-47
34,"360,750600",-7977,-598,2359,912,-19322,948,24,90,-47
34,"360,761200",-7655,221,1060,-3455,-14269,4325,25,90,-44
34,"360,770600",-8621,1118,2003,-918,-13683,6575,25,90,-44
34,"360,781200",-6302,1440,3040,-2178,-9939,2574,24,91,-41
34,"360,790500",-6895,1281,3460,2830,-4151,-3268,24,91,-41
34,"360,801200",-7379,-248,1773,2506,-2157,-8590,24,92,-38
34,"360,810500",-7393,-1099,1104,3055,-4049,-6702,24,92,-38
34,"360,821100",-7298,-287,1190,4264,-8219,-1212,26,92,-40
34,"360,830500",-7335,-406,1595,1491,-15199,806,26,92,-40
34,"360,841100",-7899,-24,2085,2801,-19870,2848,26,90,-38
34,"360,850400",-7436,360,2105,1707,-21188,3462,26,90,-38
34,"360,861000",-7815,288,3124,39,-21864,1819,26,89,-33
34,"360,870400",-7099,14,4295,-516,-19938,442,26,89,-33
34,"360,881000",-8482,401,5139,-335,-12136,-913,24,87,-29
34,"360,890400",-7595,573,4439,259,-389,-2289,24,87,-29
34,"360,901100",-7500,270,2757,1400,7905,-5364,22,90,-29
34,"360,910300",-7116,-719,760,33,8505,-8107,22,90,-29
34,"360,921000",-7775,-1370,372,-2341,-3390,-6900,27,91,-28
34,"360,930300",-8233,-1379,2064,-5464,-19802,-3822,27,91,-28
34,"360,941000",-7777,-969,4157,-3329,-26453,371,29,88,-26
34,"360,950300",-7286,-195,5105,-3184,-25472,2200,29,88,-26
34,"360,960900",-7085,-571,5690,-5182,-20935,788,27,86,-22
34,"360,970300",-6550,-294,6238,-2573,-14427,-95,27,86,-22
34,"360,981000",-7352,-452,6886,-2317,-5394,-1949,28,87,-18
34,"360,990300",-6792,-350,5432,3263,8543,-3639,28,87,-18
34,"361,000800",-5942,-490,2568,3875,18062,-6317,26,90,-17
34,"361,010300",-6101,-725,-445,4014,14072,-7685,26,90,-17
34,"361,020800",-6721,-936,-682,6292,-5612,-7816,32,88,-23
34,"361,030200",-7793,-1033,3497,3860,-27808,-6634,32,88,-23
34,"361,040800",-7085,-694,6242,2939,-32768,-4589,31,89,-18
34,"361,050200",-7021,-694,7199,1584,-25749,-3936,31,89,-18
34,"361,060800",-6991,-540,7443,5486,-10822,-4557,31,87,-13
34,"361,070100",-5998,-721,5686,7238,2811,-7603,31,87,-13
34,"361,080800",-6524,-1091,3695,7913,13289,-10307,31,87,-15
34,"361,090100",-6427,-2049,2074,5191,14166,-10634,31,87,-15
34,"361,100700",-6073,-2218,1482,559,6716,-6246,34,92,-16
34,"361,110100",-6713,-2736,2654,-9500,-5319,85,34,92,-16
34,"361,120800",-7165,-2278,4319,-14375,-20118,9633,35,90,-16
34,"361,130000",-6982,-970,6118,-13565,-27073,16514,35,90,-16
34,"361,140700",-6597,-116,6828,-12595,-23664,17124,33,88,-10
34,"361,150000",-5847,-156,6745,-14632,-14891,13684,33,88,-10
34,"361,160600",-5429,-463,5981,-14115,-6226,11153,31,83,-3
34,"361,170000",-5948,-298,5495,-9399,63,9526,31,83,-3
34,"361,180500",-6197,138,4496,-4234,5850,6652,32,82,0
34,"361,190000",-6345,-6,4140,-2985,6735,2196,32,82,0
34,"361,200600",-6429,-72,3289,66,7036,-1654,31,82,-2
34,"361,210000",-6209,-812,3125,-109,5191,-4903,31,82,-2
34,"361,220500",-6847,-1528,3523,-1279,-8763,-4939,30,83,-6
34,"361,230000",-7317,-1620,4616,-2902,-19818,-2587,30,83,-6
34,"361,240500",-6377,-1869,5255,-5726,-23899,568,31,82,-1
34,"361,249900",-6444,-1569,7216,-6916,-24853,4240,31,82,-1
34,"361,260400",-5164,-1267,8662,-6546,-16999,6479,33,77,4
34,"361,269900",-5183,-811,8522,-6320,-1601,6707,33,77,4
34,"361,280400",-5072,-467,6407,-4241,15407,5121,33,75,7
34,"361,289800",-5470,-585,4300,-4859,22367,705,33,75,7
34,"361,300400",-6480,-1041,3885,-8915,21081,-3287,35,80,4
34,"361,309800",-6323,-2028,4143,-15749,20187,-4626,35,80,4
34,"361,320400",-5699,-2580,2310,-16491,12132,175,36,82,-2
34,"361,329800",-6109,-1860,1336,-10586,-4994,7551,36,82,-2
34,"361,340500",-6965,-953,3812,-8329,-24137,11248,37,82,2
34,"361,349800",-6514,-530,6211,-9413,-32768,10223,37,82,2
34,"361,360300",-6156,-826,9186,-11582,-31361,5572,37,79,8
34,"361,369800",-5686,-1125,11644,-9514,-17996,-490,37,79,8
34,"361,380300",-5618,-1788,11648,-9539,7547,-5691,38,73,14
34,"361,389700",-4487,-1947,9518,-3785,32767,-7592,38,73,14
34,"361,400300",-3971,-1900,6614,6183,32767,-7610,37,78,10
34,"361,409700",-3665,-1880,3666,10138,32767,-6743,37,78,10
34,"361,420400",-4077,-2299,-718,7468,32767,-3533,39,87,-3
34,"361,429700",-5945,-1931,-2021,1227,32767,1875,39,87,-3
34,"361,440300",-7179,-2114,-923,-10778,15780,5837,38,91,-12
34,"361,449600",-8224,-1789,892,-15271,-45,8800,38,91,-12
34,"361,460200",-7139,-1538,2892,-11981,-6611,6751,39,89,-14
34,"361,469600",-5114,-1734,2232,-5221,-770,2518,39,89,-14
34,"361,480200",-3983,-1558,559,3152,5503,858,38,90,-13
34,"361,489500",-6575,-1621,1107,5298,-52,1606,38,90,-13
34,"361,500100",-9299,-1511,2067,1211,-10446,4162,37,90,-11
34,"361,509500",-10084,-718,4465,598,-23935,5781,37,90,-11
34,"361,520100",-10005,-267,6444,1735,-31703,4242,37,87,-8
34,"361,529400",-7865,172,6346,1809,-28824,1423,37,87,-8
34,"361,540100",-6398,-292,4478,-4469,-22466,-3063,35,83,-3
34,"361,549500",-6303,-1693,4992,-6888,-20056,-6151,35,83,-3
34,"361,560200",-6907,-2065,5423,-6436,-14275,-6528,37,81,2
34,"361,569400",-6771,-2339,5573,-5068,-6528,-7240,37,81,2
34,"361,580000",-6205,-2810,4726,-4268,-1861,-8124,40,82,6
34,"361,589400",-6399,-3606,2607,-2349,-1119,-7293,40,82,6
34,"361,600000",-5867,-3371,2681,630,-8709,-2738,41,81,7
34,"361,609400",-6599,-3203,3868,-1737,-23514,1870,41,81,7
34,"361,619900",-6941,-3020,5421,-3678,-32482,7100,42,78,9
34,"361,629400",-5955,-2162,7088,-6329,-32222,11749,42,78,9
34,"361,639900",-4717,-1347,9256,-5705,-23691,11811,41,74,16
34,"361,649300",-5503,-1227,9668,-3423,-7954,7125,41,74,16
34,"361,659900",-5140,-1580,7778,-795,11803,2761,41,71,18
34,"361,669200",-4862,-1646,4172,301,21844,582,41,71,18
34,"361,679800",-5929,-1765,952,3679,15377,-616,39,72,15
34,"361,689200",-6486,-1165,2322,11121,-2464,3,39,72,15
34,"361,699800",-6913,-1265,5547,8574,-21888,24,41,74,13
34,"361,709200",-6260,-1260,8388,4128,-27217,1200,41,74,13
34,"361,719800",-5567,-1593,9409,-1569,-18232,1569,38,73,17
34,"361,729200",-5278,-1707,7287,-80,-2129,1560,38,73,17
34,"361,739800",-4694,-1801,5832,-4060,7272,-134,38,67,17
34,"361,749200",-5080,-2027,6007,-6800,11882,-873,38,67,17
34,"361,759700",-5054,-1910,5758,-1411,13301,-1470,41,71,15
34,"361,769200",-5626,-2047,6382,3364,12120,-2790,41,71,15
34,"361,779900",-6043,-2101,7803,11402,13696,-2267,39,72,14
34,"361,789200",-5401,-1313,8605,15904,20249,-806,39,72,14
34,"361,799700",-5002,-662,7928,16193,32494,-385,37,74,10
34,"361,809100",-3879,-205,4693,14173,32767,-1216,37,74,10
34,"361,819700",-3774,-303,805,5601,32767,-4278,35,82,-1
34,"361,829100",-5179,-1131,-1477,1971,32767,-7330,35,82,-1
34,"361,839600",-7205,-1370,-192,8464,12683,-10135,35,88,-8
34,"361,849100",-7261,-2011,2629,8087,-1797,-13011,35,88,-8
34,"361,859700",-6320,-2429,3822,6305,-2799,-11904,38,90,-9
34,"361,869000",-5171,-2546,4204,9469,7487,-9224,38,90,-9
34,"361,879600",-5199,-2821,4606,12050,21379,-6335,38,91,-13
34,"361,889000",-5788,-2595,3290,12734,28910,-1929,38,91,-13
34,"361,899600",-6478,-2478,2159,8289,30974,1697,39,92,-20
34,"361,909000",-6962,-2284,2952,5583,30916,5676,39,92,-20
34,"361,919600",-6612,-2090,2749,7250,31187,9490,38,94,-27
34,"361,929000",-6248,-1160,2960,15145,32767,14006,38,94,-27
34,"361,939600",-6343,-288,1816,21423,32767,14037,34,94,-36
34,"361,948900",-6462,-43,494,20456,32767,9805,34,94,-36
34,"361,959500",-7158,-280,-1557,15562,32360,5982,32,95,-45
34,"361,968900",-8398,-528,-1354,11324,18600,4094,32,95,-45
34,"361,979400",-9341,-694,914,12344,10068,4645,29,93,-54
34,"361,988900",-9586,-260,2467,18264,9358,5886,29,93,-54
34,"361,999600",-8736,-227,2966,16808,17244,3322,30,94,-57
34,"362,008800",-7857,-618,2026,14644,25145,2868,30,94,-57
34,"362,019400",-7399,-693,1063,13975,30463,3623,28,92,-63
34,"362,028800",-7794,-832,-55,12935,31466,4783,28,92,-63
34,"362,039400",-7903,-648,-55,14692,32767,6327,27,92,-70
34,"362,048800",-6593,-1096,-247,18115,32767,6875,27,92,-70
34,"362,059400",-6222,-983,-842,22215,32767,8125,28,90,-78
34,"362,068800",-6344,-1100,-1197,20428,32767,10730,28,90,-78
34,"362,079400",-6211,-1149,-1606,21978,32767,15053,27,86,-91
34,"362,088800",-5463,-1091,-3395,29428,32767,19063,27,86,-91
34,"362,099400",-5413,-356,-4491,32767,32767,22854,27,72,-106
34,"362,108700",-5914,-266,-6103,29049,32767,21242,27,72,-106
34,"362,119300",-5976,-1012,-8781,23099,32767,21255,28,61,-117
34,"362,128600",-6873,1024,-12839,24849,27595,23879,28,61,-117
34,"362,139200",-8701,1722,-10732,28645,-4910,20200,31,54,-126
34,"362,148600",-7809,900,-4548,23646,-22307,10993,31,54,-126
34,"362,159200",-6627,1413,-4744,5267,-23447,3253,33,52,-127
34,"362,168600",-8009,-847,-7457,-7912,-8982,2290,33,52,-127
34,"362,179200",-8550,-259,-6608,-283,3313,12213,33,60,-127
34,"362,188500",-9672,479,-3485,-5373,-3319,20064,33,60,-127
34,"362,199200",-8273,1760,-1425,-721,-4048,24303,29,56,-126
34,"362,208500",-6225,2158,-1788,-2788,4946,21966,29,56,-126
34,"362,219200",-3565,3744,-10384,-11230,12944,17021,29,55,-126
34,"362,228500",-4875,2552,-10963,-5654,-3374,8232,29,55,-126
34,"362,239100",-6030,693,-5264,-1438,-17190,2299,25,52,-126
34,"362,248400",-6454,742,-4987,5539,-15832,5073,25,52,-126
34,"362,259100",-7943,1575,-3772,20330,-16451,8383,25,52,-123
34,"362,268400",-7877,2248,-2768,27806,-15732,6268,25,52,-123
34,"362,279000",-7353,1997,-1793,24938,-9449,2182,29,56,-129
34,"362,288400",-6493,1647,-1878,17270,345,-1889,29,56,-129
34,"362,299000",-5432,1046,-3169,8355,7775,-4126,35,58,-127
34,"362,308400",-5354,423,-4616,6762,12968,-3122,35,58,-127
34,"362,319000",-6456,120,-5979,12078,16305,-753,34,58,-130
34,"362,328400",-5965,580,-6488,25423,14259,3315,34,58,-130
34,"362,339000",-6206,1238,-7234,32767,6900,3323,38,52,-132
34,"362,348400",-7652,-409,-3197,32767,-4014,516,38,52,-132
34,"362,359000",-7114,-292,-3145,32767,-1416,2180,51,53,-139
34,"362,368400",-6623,-1578,-5144,32767,2871,-121,51,53,-139
34,"362,378900",-6999,-1973,-4549,17698,3418,4104,59,52,-142
34,"362,388300",-5969,-1672,-5942,9759,9494,7318,59,52,-142
34,"362,398800",-6473,-991,-5824,143,8810,9040,61,52,-142
34,"362,408300",-5228,-952,-5353,-4786,5545,11799,61,52,-142
34,"362,418800",-5739,628,-3618,-7207,6071,12285,62,51,-144
34,"362,428200",-5316,430,-4493,-6261,5253,9836,62,51,-144
34,"362,438900",-5936,867,-3869,6168,505,9404,59,48,-143
34,"362,448200",-6027,501,-4717,13598,-1396,6439,59,48,-143
34,"362,458800",-6095,945,-5717,15856,-4504,5478,62,48,-143
34,"362,468200",-6822,173,-6671,14558,-8718,1988,62,48,-143
34,"362,478800",-7264,-122,-5930,19417,-14058,2033,62,51,-145
34,"362,488200",-7676,-208,-3859,14956,-16276,-282,62,51,-145
34,"362,498800",-7192,-654,-2524,60,-8252,-1320,68,53,-143
34,"362,508100",-5331,-850,-5186,-3951,3424,1713,68,53,-143
34,"362,518800",-5430,-869,-7505,-6857,-2686,5469,67,57,-143
34,"362,528100",-6699,-821,-7860,-8185,-15725,7814,67,57,-143
34,"362,538700",-7604,-63,-5303,-4452,-22643,9797,64,58,-143
34,"362,548000",-8298,211,-5102,-6900,-30566,6903,64,58,-143
34,"362,558700",-8521,-218,-1788,-9833,-27682,6712,63,64,-138
34,"362,568000",-7774,-53,1282,-2483,-19086,9414,63,64,-138
34,"362,578600",-6328,204,1225,-3857,1177,8499,60,66,-134
34,"362,588000",-5566,354,-2175,-6368,20688,8243,60,66,-134
34,"362,598600",-6168,549,-6241,-3911,29803,8306,59,65,-136
34,"362,608000",-6832,1048,-8908,-808,23237,6374,59,65,-136
34,"362,618500",-7280,1153,-7625,1008,7073,4978,57,60,-139
34,"362,627900",-7588,1453,-4800,1341,-10909,3426,57,60,-139
34,"362,638500",-7094,1607,-3485,6965,-17944,1905,56,60,-140
34,"362,647900",-7313,793,-3276,19902,-16772,40,56,60,-140
34,"362,658700",-7256,251,-2679,31917,-5562,-3963,58,62,-138
34,"362,667900",-6573,-236,-2961,32767,6616,-10096,58,62,-138
34,"362,678500",-6699,-1577,-2722,23889,8730,-13005,69,64,-139
34,"362,687900",-5817,-2507,-3884,18889,6777,-5262,69,64,-139
34,"362,698500",-6157,-2573,-5891,20517,4717,3526,75,63,-141
34,"362,707800",-7654,-2680,-5736,28066,2061,8612,75,63,-141
34,"362,718400",-7979,-2480,-4757,32767,405,9584,80,61,-142
34,"362,727800",-7661,-2547,-3944,32767,-1162,9792,80,61,-142
34,"362,738500",-7771,-3102,-3543,32767,-1624,11717,88,64,-141
34,"362,747800",-6669,-2824,-4524,32767,852,15743,88,64,-141
34,"362,758400",-7110,-2180,-4063,32767,-1194,18826,96,62,-137
34,"362,767800",-7033,-2025,-3751,32767,-3583,18348,96,62,-137
34,"362,778300",-7307,-828,-2991,29264,-5421,17963,103,65,-135
34,"362,787700",-6727,-638,-2397,22011,-4819,15800,103,65,-135
34,"362,798300",-6569,-753,-2552,15122,-3636,15453,106,70,-134
34,"362,807700",-6918,-657,-2646,11268,-1031,17302,106,70,-134
34,"362,818300",-7064,-461,-3177,10081,898,17758,109,71,-128
34,"362,827700",-7313,-168,-3229,10712,-441,17759,109,71,-128
34,"362,838300",-7630,312,-2708,5918,-2438,15832,109,76,-131
34,"362,847600",-6933,686,-2458,1108,-872,14468,109,76,-131
34,"362,858200",-6960,883,-2040,-1549,539,13845,107,79,-129
34,"362,867600",-4864,1969,-2211,430,1699,15035,107,79,-129
34,"362,878300",-5220,3072,-3379,1875,2933,11394,102,81,-132
34,"362,887600",-7105,3802,-5710,1344,5535,4201,102,81,-132
34,"362,898200",-8852,2655,-6043,-395,2995,-4817,104,83,-130
34,"362,907600",-8537,1709,-4810,-529,-3092,-14031,104,83,-130
34,"362,918200",-7630,-35,-4406,-1616,-5491,-18663,104,80,-130
34,"362,927600",-7507,-826,-3230,-39,-4284,-16611,104,80,-130
34,"362,938100",-7143,-1539,-2740,-1454,2428,-11892,109,80,-130
34,"362,947500",-7040,-1094,-2726,1773,12188,-5060,109,80,-130
34,"362,958100",-7121,-1057,-3706,773,21300,-2776,108,79,-131
34,"362,967500",-6782,-1002,-4982,-273,27136,-895,108,79,-131
34,"362,978000",-5772,-649,-6958,-3571,29080,162,109,75,-134
34,"362,987400",-4630,-630,-8687,-5213,19836,309,109,75,-134
34,"362,998000",-6015,-1061,-8539,-6357,-31,509,108,70,-141
34,"363,007400",-8219,-2094,-6449,-9864,-19799,1321,108,70,-141
34,"363,018000",-8204,-2113,-3615,-8439,-31043,6373,107,72,-140
34,"363,027400",-7528,-657,-2259,-5525,-30799,11923,107,72,-140
34,"363,038000",-7092,278,-1259,-8436,-23632,13737,105,81,-135
34,"363,047400",-6845,905,-1061,-11862,-11889,12258,105,81,-135
34,"363,058000",-7034,1022,-1740,-10699,-622,10176,100,87,-131
34,"363,067300",-6742,1032,-2297,-7716,5982,7799,100,87,-131
34,"363,077900",-6693,1002,-3084,-6364,10162,5818,95,86,-133
34,"363,087300",-6456,1292,-4588,-5739,10808,4329,95,86,-133
34,"363,098000",-6513,1641,-5476,-4727,6644,1702,93,86,-133
34,"363,107300",-7445,743,-4554,-2826,-2331,-2177,93,86,-133
34,"363,117900",-7391,-105,-3030,6069,-9910,-4038,94,86,-136
34,"363,127300",-7005,-421,-1758,13884,-11153,-3273,94,86,-136
34,"363,137800",-6207,9,-1331,14659,-7673,-2003,95,85,-135
34,"363,147200",-6010,-281,-2210,7116,-721,-2526,95,85,-135
34,"363,157800",-7803,245,-3121,6596,5785,-1254,97,90,-133
34,"363,167200",-9520,289,-2922,1475,10218,-1950,97,90,-133
34,"363,177800",-8585,52,-2644,-660,15336,-1641,100,88,-133
34,"363,187200",-7965,-473,-3191,-1920,20578,-39,100,88,-133
34,"363,197700",-7141,62,-5639,4771,22297,2040,99,88,-137
34,"363,207100",-7194,-123,-6005,9862,14733,3299,99,88,-137
34,"363,217700",-6916,205,-4963,13400,3272,5600,105,83,-142
34,"363,227100",-6484,1004,-4307,22633,-4974,7082,105,83,-142
34,"363,237700",-6826,799,-3660,24908,-6525,3444,104,83,-139
34,"363,247100",-6723,-4,-3662,18344,-738,-1336,104,83,-139
34,"363,257700",-6255,-999,-3762,10983,7005,-2221,110,85,-133
34,"363,267000",-6659,-951,-3436,15583,15579,1792,110,85,-133
34,"363,277600",-5830,-803,-4920,15688,23819,1415,114,85,-136
34,"363,287000",-5656,-618,-7754,12315,25900,342,114,85,-136
34,"363,297600",-5692,-552,-9904,8007,14701,278,117,80,-141
34,"363,307000",-6681,-325,-8813,5349,-4980,302,117,80,-141
34,"363,317700",-7462,-190,-5299,12194,-21735,1095,115,78,-141
34,"363,326900",-7429,-350,-2380,17667,-28401,1176,115,78,-141
34,"363,337600",-6506,-32,-1193,17673,-24751,1002,123,83,-135
34,"363,346900",-4900,72,-1318,13446,-14110,-632,123,83,-135
34,"363,357600",-5762,-467,-2076,9288,-2564,-2107,127,89,-128
34,"363,366900",-7553,-1062,-3276,8457,8949,-2496,127,89,-128
34,"363,377500",-8537,-1786,-5221,7090,19442,-3373,126,91,-125
34,"363,386900",-6687,-1622,-8024,1371,23697,-4337,126,91,-125
34,"363,397500",-6052,-1817,-8765,-9184,15097,-4528,128,84,-128
34,"363,406900",-6802,-2386,-7000,-18272,-1164,-2103,128,84,-128
34,"363,417500",-7622,-2180,-4376,-18826,-14619,3451,126,85,-133
34,"363,426800",-6985,-932,-1804,-13427,-17028,8654,126,85,-133
34,"363,437400",-6139,91,-1447,-14593,-10590,7487,122,87,-131
34,"363,446800",-5342,-246,-2523,-19912,-841,4728,122,87,-131
34,"363,457400",-5835,427,-2460,-21814,9370,5509,116,90,-133
34,"363,466800",-5500,638,-3726,-23130,21163,4693,116,90,-133
34,"363,477300",-4715,1605,-6304,-17349,29054,1865,112,88,-136
34,"363,486700",-4753,1558,-8745,-16135,22342,-4090,112,88,-136
34,"363,497300",-6077,933,-9043,-15227,2539,-5966,107,83,-143
34,"363,506700",-6446,651,-7022,-15216,-16653,-5093,107,83,-143
34,"363,517300",-8778,101,-5363,-20317,-27365,-8454,106,85,-145
34,"363,526700",-8742,-949,-6230,-20377,-25412,-7917,106,85,-145
34,"363,537400",-7604,-773,-4050,-9682,-18338,-109,104,88,-144
34,"363,546700",-7693,-650,-1568,-10389,-15696,2271,104,88,-144
34,"363,557200",-7285,-498,-466,-13033,-8492,3542,100,92,-139
34,"363,566600",-6227,268,-1550,-11423,5684,5948,100,92,-139
34,"363,577200",-5343,975,-3874,-12546,17292,8036,97,95,-137
34,"363,586600",-5112,1447,-6684,-12018,17998,7123,97,95,-137
34,"363,597200",-5402,1573,-8394,-8854,9388,4566,93,90,-144
34,"363,606500",-6843,776,-7490,-6648,-7333,2648,93,90,-144
34,"363,617200",-7046,513,-4298,-6441,-18956,2701,89,91,-144
34,"363,626500",-8111,1369,-2980,-13167,-22015,4183,89,91,-144
34,"363,637100",-7885,2055,-2919,-10013,-18958,5802,86,97,-140
34,"363,646500",-7784,2665,-2597,-3240,-12806,3806,86,97,-140
34,"363,657100",-7544,2290,-1303,521,-2479,546,85,99,-138
34,"363,666500",-5662,1712,-1944,809,8847,-1095,85,99,-138
34,"363,677100",-5929,2135,-3496,1824,17106,-707,83,100,-135
34,"363,686500",-5272,2486,-5991,-710,18012,-1722,83,100,-135
34,"363,697000",-6696,1998,-6894,-4373,8601,-3641,84,96,-139
34,"363,706400",-7647,1748,-6266,-5239,-3386,-3901,84,96,-139
34,"363,717000",-7910,1571,-5277,-5599,-14592,-3525,84,95,-142
34,"363,726400",-7908,1375,-3726,-1960,-21213,-3151,84,95,-142
34,"363,737000",-7909,1372,-2760,2199,-22913,-3554,85,97,-137
34,"363,746300",-8127,936,-1690,2268,-20182,-4815,85,97,-137
34,"363,757100",-7542,371,-1176,2731,-14616,-3159,87,104,-133
34,"363,766300",-7332,373,-661,2228,-5682,1876,87,104,-133
34,"363,776900",-6889,581,-1497,815,3750,6867,87,107,-130
34,"363,786300",-7000,1661,-2407,1540,10846,9056,87,107,-130
34,"363,796900",-6376,2289,-3722,-569,14250,5950,85,104,-131
34,"363,806300",-6706,1963,-4600,-3490,13264,3643,85,104,-131
34,"363,816900",-6290,2140,-4822,-3074,7924,4353,86,104,-134
34,"363,826300",-6523,2333,-4264,-2402,-77,2303,86,104,-134
34,"363,836900",-7190,2124,-4177,-4534,-6434,-1984,82,103,-134
34,"363,846300",-7819,1566,-4404,-8208,-8769,-4665,82,103,-134
34,"363,856800",-8579,1259,-3422,-9926,-8821,-4865,82,104,-133
34,"363,866200",-8383,868,-2305,-10882,-7562,-2681,82,104,-133
34,"363,876800",-7262,1436,-2111,-7913,-1712,1158,81,106,-129
34,"363,886200",-6173,1788,-2413,-4587,4901,2410,81,106,-129
34,"363,896700",-5884,2168,-3406,3174,9337,1328,80,107,-131
34,"363,906100",-5598,2494,-4566,7651,9506,-2092,80,107,-131
34,"363,916700",-5945,2658,-5180,7645,3908,-5332,81,106,-133
34,"363,926100",-6737,2679,-4402,8420,-1978,-7632,81,106,-133
34,"363,936700",-7097,2296,-3655,3706,-7388,-10202,85,104,-133
34,"363,946100",-6803,1677,-2225,-2021,-8766,-11679,85,104,-133
34,"363,956700",-7221,474,-1936,-4104,-3544,-10522,86,105,-132
34,"363,966000",-8543,32,-2518,-1650,796,-7636,86,105,-132
34,"363,976800",-8722,-71,-3744,2039,4844,-5177,89,110,-131
34,"363,986000",-8326,4,-3784,2291,7568,-5164,89,110,-131
34,"363,996600",-7043,-297,-3478,-3001,10358,-4521,90,107,-134
34,"364,006000",-7209,75,-3712,-1210,14433,-1000,90,107,-134
34,"364,016600",-6641,356,-4566,-1567,18366,1348,89,106,-136
34,"364,026000",-6490,630,-5804,-2959,13192,2729,89,106,-136
34,"364,036500",-6843,1303,-5666,-4805,2811,3713,88,103,-138
34,"364,046000",-7763,1258,-4494,-6586,-9400,1653,88,103,-138
34,"364,056600",-7567,733,-4553,-3000,-13169,-1628,85,102,-138
34,"364,065900",-7488,735,-4193,-2981,-11490,-2582,85,102,-138
34,"364,076500",-8074,904,-3078,-4748,-11398,-562,86,104,-136
34,"364,085900",-7951,1201,-2080,-2734,-7414,1549,86,104,-136
34,"364,096400",-6693,1501,-1365,255,1953,712,87,107,-136
34,"364,105800",-6047,1249,-2729,-3599,13415,239,87,107,-136
34,"364,116400",-5704,1247,-5191,-4719,20208,2533,86,106,-133
34,"364,125800",-5585,1319,-7082,-1640,15932,3792,86,106,-133
34,"364,136400",-6511,1397,-7481,7257,2264,2806,86,104,-139
34,"364,145800",-7606,1231,-5479,17065,-12981,-982,86,104,-139
34,"364,156400",-8224,633,-3832,18984,-19679,-4982,87,105,-138
34,"364,165700",-8448,235,-2688,19908,-19032,-4186,87,105,-138
34,"364,176400",-8258,324,-1443,19273,-13974,-1407,94,108,-130
34,"364,185700",-7742,592,-1217,16927,-5439,324,94,108,-130
34,"364,196500",-7104,886,-880,14259,3893,-720,97,110,-129
34,"364,205700",-5531,798,-1897,9425,13245,-2698,97,110,-129
34,"364,216300",-5573,599,-4372,7297,20364,-3360,99,108,-130
34,"364,225700",-5902,203,-6803,5532,18379,-2365,99,108,-130
34,"364,236300",-6803,92,-7414,9055,8154,-1054,102,107,-133
34,"364,245700",-7548,-661,-6672,8703,-7490,-937,102,107,-133
34,"364,256300",-7995,-233,-4611,7881,-23086,2833,105,107,-133
34,"364,265600",-8069,-188,-2343,745,-28727,5082,105,107,-133
34,"364,276200",-7391,153,-1005,-127,-24268,7364,105,110,-126
34,"364,285600",-6898,254,-482,345,-16258,8700,105,110,-126
34,"364,296200",-6447,546,-868,-1270,-6217,7444,102,114,-119
34,"364,305500",-6388,569,-1175,-443,3889,4455,102,114,-119
34,"364,316100",-7289,590,-3262,-1513,12463,2149,99,116,-118
34,"364,325500",-7338,616,-5684,-2192,13874,2457,99,116,-118
34,"364,336100",-8349,948,-5365,1740,4818,3850,99,116,-121
34,"364,345500",-9173,1019,-3544,3016,-4987,2241,99,116,-121
34,"364,356100",-8823,944,-2212,-1005,-8659,685,102,116,-121
34,"364,365500",-8162,1057,-1758,-4957,-6774,2927,102,116,-121
34,"364,376100",-7309,1231,-1307,-5411,-1479,5362,97,117,-119
34,"364,385400",-6599,1359,-929,-6118,8039,6157,97,117,-119
34,"364,396000",-5951,1680,-1392,-1472,20964,6742,99,120,-118
34,"364,405400",-4748,1639,-2983,85,32767,3554,99,120,-118
34,"364,416200",-4114,1664,-7514,-899,32767,314,98,114,-127
34,"364,425400",-5328,1367,-10111,-2579,28221,-676,98,114,-127
34,"364,435900",-7208,1174,-7906,672,6690,688,97,109,-136
34,"364,445300",-7546,1250,-5348,2261,-9022,-619,97,109,-136
34,"364,456000",-7252,1006,-5253,5620,-14758,-3140,96,109,-134
34,"364,465300",-7097,735,-4266,8288,-16625,-4973,96,109,-134
34,"364,475900",-7432,589,-3055,4509,-14572,-5377,99,111,-130
34,"364,485300",-7545,282,-2157,4248,-8280,-3862,99,111,-130
34,"364,495900",-6791,266,-2385,9198,2218,-2219,101,114,-127
34,"364,505300",-5718,435,-6904,11316,14034,-1677,101,114,-127
34,"364,515800",-6722,283,-11005,6768,4172,-1594,103,114,-126
34,"364,525200",-6485,187,-3378,6287,-11485,701,103,114,-126
34,"364,535800",-6615,427,-2156,5694,-8063,2222,105,112,-127
34,"364,545200",-6893,1175,-2582,5251,-8830,2523,105,112,-127
34,"364,555800",-7558,1225,-3480,2795,-10050,213,104,116,-124
34,"364,565200",-7496,1338,-3797,-142,-9795,-2397,104,116,-124
34,"364,575800",-7517,842,-2591,85,-8390,-5347,104,116,-122
34,"364,585200",-7611,-176,-2091,2881,-4793,-7234,104,116,-122
34,"364,595800",-7217,-208,-2434,7621,989,-6413,107,117,-120
34,"364,605200",-7267,-608,-2897,8449,9335,-4164,107,117,-120
34,"364,615700",-6174,-250,-10336,12865,12452,-298,110,115,-117
34,"364,625100",-8297,133,-5511,13133,-4108,950,110,115,-117
34,"364,635800",-7925,590,-1079,13616,-4587,1123,114,115,-121
34,"364,645100",-7168,-51,-4824,15517,3721,-268,114,115,-121
34,"364,655700",-7850,-651,-5952,12810,1565,-1572,115,115,-118
34,"364,665100",-8091,-156,-2787,11513,-243,-1223,115,115,-118
34,"364,675600",-6659,-704,-3668,15163,3648,-2752,115,115,-116
34,"364,685000",-6636,-1243,-4098,13872,2109,-4413,115,115,-116
34,"364,695600",-6859,-595,-2604,11829,1181,-3052,120,115,-115
34,"364,705000",-6025,-927,-4908,10582,4663,-2138,120,115,-115
34,"364,715600",-6577,-781,-4484,3352,814,-1192,122,113,-113
34,"364,725000",-6634,-348,-3646,-3624,-835,-763,122,113,-113
34,"364,735600",-7241,-925,-4716,-3549,4729,-1484,125,113,-114
34,"364,745000",-7377,-978,-4944,-3285,6164,-1081,125,113,-114
34,"364,755500",-7272,-236,-3866,3176,7316,77,124,113,-118
34,"364,764900",-7055,-1184,-4741,10233,10051,-1951,124,113,-118
34,"364,775500",-7106,-1476,-3964,5727,8308,-1699,124,113,-118
34,"364,784900",-7263,-256,-3331,9548,8706,758,124,113,-118
34,"364,795500",-6682,-1089,-5264,14844,10728,-1319,126,108,-120
34,"364,804900",-6781,-1691,-4465,4159,7249,-2063,126,108,-120
34,"364,815500",-5964,-141,-4208,-4353,8207,-175,128,107,-119
34,"364,824800",-6152,-585,-3997,-11542,8334,-3033,128,107,-119
34,"364,835400",-6295,-751,-5097,-19038,4947,-2936,128,106,-121
34,"364,844800",-6646,-912,-4542,-19269,3049,-921,128,106,-121
34,"364,855600",-6724,-271,-4572,-2578,4404,1597,125,103,-129
34,"364,864800",-6769,-1341,-5254,17473,6652,-755,125,103,-129
34,"364,875400",-6591,-2605,-5235,19382,9397,-3336,125,103,-127
34,"364,884800",-6386,-780,-5151,-2665,11555,-1528,125,103,-127
34,"364,895300",-5645,747,-5655,-29370,11209,-2518,126,102,-127
34,"364,904700",-6281,203,-4916,-32768,7392,-4599,126,102,-127
34,"364,915300",-6577,-1140,-4163,-23785,6193,-5144,121,96,-136
34,"364,924700",-6167,-1499,-4718,-20644,7304,-3580,121,96,-136
34,"364,935300",-6014,563,-5704,-22040,8208,-1472,117,94,-139
34,"364,944600",-6015,263,-5252,-28990,7674,-3736,117,94,-139
34,"364,955300",-4844,235,-4994,-28904,6821,-4346,113,94,-144
34,"364,964600",-5462,-472,-4773,-30793,4147,-6651,113,94,-144
34,"364,975200",-5631,725,-4304,-30951,-59,-6915,106,90,-148
34,"364,984500",-5696,710,-4858,-32768,597,-8590,106,90,-148
34,"364,995200",-6414,1372,-4471,-32768,2067,-6339,99,90,-150
34,"365,004600",-5399,1683,-6322,-28713,2652,-4040,99,90,-150
34,"365,015200",-6158,692,-3458,-15392,-4578,-4523,91,89,-155
34,"365,024500",-6271,1039,-4476,-10771,-646,-4932,91,89,-155
34,"365,035100",-6090,2070,-6301,-9442,1683,-5568,88,89,-153
34,"365,044500",-6090,1944,-7216,-10114,3497,-7635,88,89,-153
34,"365,055100",-6552,1200,-6759,-9232,2269,-8172,87,91,-155
34,"365,064500",-6722,-786,-4793,-7885,-5388,-6334,87,91,-155
34,"365,075300",-5947,952,-4728,-4869,-9324,-658,87,88,-156
34,"365,084400",-5850,2176,-5305,-7115,-9510,-377,87,88,-156
